Hierarchy,Title,Space,Releases (roll-up),Releases,Team (roll-up),Team,Assignee,Reporter,Sprint (roll-up),Sprint,Target start date,Target end date,Due date (roll-up),Due date,Story points (roll-up),Story points,Parent,Priority,Labels,Components,Work item key,Work item status,Goal,Goal status,Idea,Progress (%),Progress completed (sp),Progress remaining (sp),Progress (%) work item count (IC),To do IC,In progress IC,Done IC,Total IC,Start date (roll-up),Start date,MoSCoW,T-shirt Size,DA Team,SNOW reference no.,Business Dept,Estimate (T-shirt size),BusinessValue,Business unit
Epic,Kizuna | SAP Connectivity & Set Up,Data Office,,,DO - DataCruiser,DO - DataCruiser,Prerna Sharma,Matthew Falia,"DataCruiser FY26-Q4-S4, DataCruiser FY26-Q4-S5, Gemba FY26-Q4-S4",,,,,31-Mar-26,17,,Kizuna - SAP (HANA) Upgrade,Highest,"DataCruiser, Hana","Squad DataCruiser, Project - Funding, SAP4HANA - CC, Data Architecture - Practice, DO Q4 DataCruiser Planning",DA-3929,In Progress,,,,100,35,0,100,0,0,11,11,,,Must Have,,Data Architecture,,,,,
Epic,Kizuna | SAP | Data Onboarding SAP to EDMP,Data Office,,,"DO - DataCruiser, DO - Vanguard",DO - DataCruiser,Prerna Sharma,Matthew Falia,"DataCruiser FY26-Q4-PI, DataCruiser FY26-Q4-S4, DataCruiser FY26-Q4-S5, Vanguard FY26-Q4-S4, Vanguard FY26-Q4-S5",,,,,31-Mar-26,30,,Kizuna - SAP (HANA) Upgrade,High,,"Squad DataCruiser, Project - Funding, SAP4HANA - CC, DO Q4 DataCruiser Planning, DO Q4 Data Office Planning",DA-5615,In Progress,,,,80,24,6,73.33,3,1,11,15,,12-Feb-26,Must Have,,,,,,,
Epic,Kizuna | SAP | Data Mapping of the tables from Conformed to Semantic,Data Office,,,DO - DataCruiser,DO - DataCruiser,Prerna Sharma,Philip Troop,"DataCruiser FY26-Q4-PI, DataCruiser FY26-Q4-S3, DataCruiser FY26-Q4-S4, DataCruiser FY26-Q4-S5, DataCruiser FY27-Q1-Sprint 2, DataCruiser FY27-Q1-Sprint 3",,,,,15-Apr-26,12,,Kizuna - SAP (HANA) Upgrade,High,,"Squad DataCruiser, Project - Funding, SAP4HANA - CC, DO Q4 DataCruiser Planning, DO FY27 Q1 DataCruiser Planning",DA-6313,In Progress,,,,50,6,6,18.18,7,2,2,11,,4-Mar-26,Must Have,,,,,,,
Epic,Kizuna | SAP | Data Transformation from Conformed to Semantic,Data Office,,,DO - DataCruiser,DO - DataCruiser,Prerna Sharma,Philip Troop,"DataCruiser FY26-Q4-PI, DataCruiser FY26-Q4-S2, DataCruiser FY26-Q4-S3, DataCruiser FY26-Q4-S5, DataCruiser FY27-Q1-Sprint 1, DataCruiser FY27-Q1-Sprint 3, DataCruiser FY27-Q1-Sprint 4, DataCruiser FY27-Q1-Sprint 5",,,,,30-May-26,30,,Kizuna - SAP (HANA) Upgrade,High,,"Squad DataCruiser, Project - Funding, SAP4HANA - CC, DO FY27 Q1 DataCruiser Planning",DA-6316,In Progress,,,,50,15,15,23.08,19,1,6,26,,12-Mar-26,Must Have,,,,,,,
Epic,Kizuna| SAP | Reporting Repoint & Validation,Data Office,,,DO - DataCruiser,DO - DataCruiser,Prerna Sharma,Philip Troop,"DataCruiser FY26-Q4-PI, DataCruiser FY26-Q4-S3, DataCruiser FY27-Q1-Sprint 1, DataCruiser FY27-Q1-Sprint 2, DataCruiser FY27-Q1-Sprint 5, DataCruiser FY27-Q1-Sprint 6",,,,,30-May-26,4,,Kizuna - SAP (HANA) Upgrade,High,,"Squad DataCruiser, Project - Funding, SAP4HANA - CC, DO FY27 Q1 DataCruiser Planning",DA-6434,Backlog,,,,85.71,6,1,17.24,23,1,5,29,,1-Apr-26,Must Have,,,,,,,
Epic,Kizuna | SAP | EDMP to SAP Feed - Deferred Income Flow,Data Office,,,"DO - DataCruiser, DO - Platform Practice, DO - Vanguard",DO - DataCruiser,Prerna Sharma,Philip Troop,"DataCruiser FY26-Q4-S2, DataCruiser FY26-Q4-S3, DataCruiser FY26-Q4-S4, DataCruiser FY26-Q4-S5, Vanguard FY26-Q4-S3",,,,,15-Apr-26,8,,Kizuna - SAP (HANA) Upgrade,High,,"Squad DataCruiser, Project - Funding, SAP4HANA - CC, DO Q4 DataCruiser Planning, DO Q4 Data Office Planning, DO Q4 Architecture Practice Planning",DA-6317,In Progress,,,,100,8,0,77.78,1,1,7,9,,12-Feb-26,Must Have,,,,,,,
Epic,Kizuna | SAP | Archiving Assessment,Data Office,,,,DO - DataCruiser,Philip Troop,Matthew Falia,,,,,,,,,Kizuna - SAP (HANA) Upgrade,Medium,"DataCruiser, Hana","Squad DataCruiser, Project - Funding, SAP4HANA - CC, Data Architecture - Practice",DA-3928,In Progress,,,,100,4,0,100,0,0,2,2,,,Must Have,,Data Architecture,,,,,
Epic,FY26 Hoshin | Asset and Liability Management System | Empyrean Implementation,Data Office,,,"DO - DataCruiser, DO - Vanguard",DO - DataCruiser,Jack Cheng,Anette Hon,"DataCruiser FY26-Q4-S3, DataCruiser FY26-Q4-S4, DataCruiser FY26-Q4-S5, DataCruiser FY27-Q1-Sprint 1, DataCruiser FY27-Q1-Sprint 2, DataCruiser FY27-Q1-Sprint 3, DataCruiser FY27-Q1-Sprint 4, DataCruiser FY27-Q1-Sprint 5, DataCruiser FY27-Q1-Sprint 6, Vanguard FY26-Q4-S5",,,,,31-Mar-26,87,,DataCruiser Demands (Data Office),Highest,DataCruiser,"Squad DataCruiser, Project - Funding, ALM - CC, DO Q4 DataCruiser Planning, Hoshin, DO FY27 Q1 DataCruiser Planning",DA-1604,In Progress,,,,40.17,47,70,31.37,32,3,16,51,,,Must Have,X-Large (> 6 weeks),,DMND0003736,Corporate,,,
Epic,DMND0003806 | Head Office Occupancy Dashboard,Data Office,,,DO - DataCruiser,DO - DataCruiser,Prerna Sharma,Sheldon Johnston,"DataCruiser FY26-Q4-S2, DataCruiser FY26-Q4-S3, DataCruiser FY26-Q4-S4, DataCruiser FY26-Q4-S5, DataCruiser Q3S5, DataCruiser Q3S6",,,,,31-Mar-26,37,1,DataCruiser Demands (Data Office),Medium,"DataCruiser, Engineering","Squad DataCruiser, BAU - Funding, Demands - BAU, DO Q4 DataCruiser Planning",DA-1055,In Progress,,,,67.24,39,19,60,7,5,18,30,,,Must Have,Small (< 2 weeks),NA,DMND0003806,Corporate,,,
Epic,Omni Conditional Pre-Approval,Data Office,,,"DO - Gemba, DO - DataCruiser, DO - Vanguard",DO - Gemba,Anju Unnithan,Brian Hurley,"DataCruiser FY26-Q4-S4, DataCruiser FY26-Q4-S5, Gemba FY26-Q4-IP, Gemba FY26-Q4-S1, Gemba FY26-Q4-S2, Gemba FY26-Q4-S3, Gemba FY26-Q4-S4, Gemba FY26-Q4-S5, Gemba FY27-Q1-S1, Gemba FY27-Q1-S2, Gemba Q3S6, Vanguard FY26-Q4-S3",,,,,23-Sep-25,120,,OMNI Pre Approval,Medium,Gemba,"Squad Gemba, Project - Funding, OMNI - CC, DO Q4 Gemba Planning, DO FY27 Q1 Gemba Planning",DA-1520,In Progress,,,,62.07,108,66,64.22,21,18,70,109,,13-Aug-25,Must Have,,Platform,,,,,
Epic,OMNI Pre Approval Credit Decisioning ,Data Office,,,DO - Gemba,DO - Gemba,Anju Unnithan,Mark Pavkovic,"Gemba FY26-Q4-IP, Gemba FY26-Q4-S3, Gemba FY26-Q4-S4, Gemba FY26-Q4-S5, Gemba FY27-Q1-S1, Gemba Q3S3.1, Gemba Q3S4, Gemba Q3S5, Gemba Q3S6",,,,15-Apr-26,,52,,OMNI Pre Approval,Medium,Gemba,"Squad Gemba, Project - Funding, OMNI - CC, DO Q4 Gemba Planning",DA-3452,In Progress,,,,51.32,39,37,51.52,13,3,17,33,29-Oct-25,,Must Have,,,,,,,
Epic,OMNI Customer Feedback and Customer Comms Data management,Data Office,,,"DO - Gemba, DO - Vanguard",DO - Gemba,Anju Unnithan,Mark Pavkovic,"Gemba FY26-Q4-S1, Gemba FY26-Q4-S2, Gemba FY26-Q4-S3, Gemba FY26-Q4-S4, Gemba FY26-Q4-S5, Vanguard FY26-Q4-S3, Vanguard FY26-Q4-S4",,,,25-Mar-26,,33,,OMNI Pre Approval,Medium,Gemba,"Squad Gemba, Project - Funding, OMNI - CC, DO Q4 Gemba Planning, DO FY27 Q1 Gemba Planning",DA-3116,In Progress,,,,85.07,57,10,77.42,5,2,24,31,14-Jan-26,,Must Have,,,,,,,
Epic,OMNI Reporting - Customer Comms & Feedback Reporting (OMNI 1316),Data Office,,,DO - Gemba,DO - Gemba,Anju Unnithan,Anju Unnithan,"Gemba FY26-Q4-S3, Gemba FY26-Q4-S4, Gemba FY26-Q4-S5, Gemba FY27-Q1-S1, Gemba FY27-Q1-S3",,,,15-Apr-26,,43,,OMNI Pre Approval,Medium,,"Squad Gemba, Project - Funding, OMNI - CC, DO Q4 Gemba Planning, DO FY27 Q1 Gemba Planning",DA-4497,In Progress,,,,53.73,36,31,45.45,12,0,10,22,,,Must Have,,,,,,,
Epic,OMNI Reporting - Sales Funnel and Pipeline Reporting (OMNI 172),Data Office,,,DO - Gemba,,Anju Unnithan,Anette Hon,"Gemba FY26-Q4-S4, Gemba FY26-Q4-S5",,,,25-Mar-26,,42,,OMNI Pre Approval,Medium,,"Squad Gemba, Project - Funding, OMNI - CC, DO Q4 Gemba Planning, DO FY27 Q1 Gemba Planning",DA-3981,In Progress,,,,57.75,41,30,73.08,7,0,19,26,27-Feb-26,,,,,,,,,
Epic,OMNI Reporting - Credit Risk optimization & Compliance Audit Reporting (OMNI 830),Data Office,,,DO - Gemba,DO - Gemba,Anju Unnithan,Anju Unnithan,"Gemba FY26-Q4-S4, Gemba FY26-Q4-S5, Gemba Q3S4",,,,25-Mar-26,,18,,OMNI Pre Approval,Medium,,"Squad Gemba, Project - Funding, OMNI - CC, DO Q4 Gemba Planning, DO FY27 Q1 Gemba Planning",DA-4496,In Progress,,,,32,8,17,25,5,7,4,16,,,Must Have,,,,,,,
Epic,CCRMB- Account header Data Preparation,Data Office,,,DO - Gemba,DO - Gemba,Anju Unnithan,Anju Unnithan,"Gemba FY26-Q4-S3, Gemba FY27-Q1-S3",,,,13-May-26,,17,,Comprehensive Credit Reporting & Multi Bureau (CCR-MB),Medium,,"Squad Gemba, Project - Funding, CCRMB 100 - CC, BI & Analytics - Practice, DO Q4 Gemba Planning, DO FY27 Q1 Gemba Planning",DA-4078,Backlog,,,,66.67,24,12,60,4,0,6,10,12-Feb-26,,Must Have,,,,,,,
Epic,CCRMB-Consumer Credit Liability Information - Data Extraction,Data Office,,,DO - Gemba,DO - Gemba,Anju Unnithan,Anju Unnithan,"Gemba FY26-Q4-S3, Gemba FY26-Q4-S4",,,,11-Mar-26,,31,,Comprehensive Credit Reporting & Multi Bureau (CCR-MB),Medium,,"Squad Gemba, Project - Funding, CCRMB 100 - CC, BI & Analytics - Practice, DO Q4 Gemba Planning, DO FY27 Q1 Gemba Planning",DA-4079,Backlog,,,,29.03,9,22,33.33,6,0,3,9,,,Must Have,,,,,,,
Epic,CCRMB-RHI-FHI ,Data Office,,,DO - Gemba,DO - Gemba,Anju Unnithan,Anju Unnithan,"Gemba FY26-Q4-S4, Gemba FY26-Q4-S5, Gemba FY27-Q1-S3",,,,13-May-26,,20,,Comprehensive Credit Reporting & Multi Bureau (CCR-MB),Medium,,"Squad Gemba, Project - Funding, CCRMB 100 - CC, BI & Analytics - Practice, DO Q4 Gemba Planning",DA-4080,Backlog,,,,25,5,15,10,8,1,1,10,27-Feb-26,,Should Have,,,,,,,
Epic,CCRMB-Account Holder ,Data Office,,,DO - Gemba,DO - Gemba,Anju Unnithan,Anju Unnithan,"Gemba FY26-Q4-IP, Gemba FY26-Q4-S4, Gemba FY26-Q4-S5",,,,31-Mar-26,,48,,Comprehensive Credit Reporting & Multi Bureau (CCR-MB),Medium,,"Squad Gemba, Project - Funding, CCRMB 100 - CC, BI & Analytics - Practice, DO Q4 Gemba Planning, DO FY27 Q1 Gemba Planning",DA-4081,Backlog,,,,2.08,1,47,7.69,11,1,1,13,,,Must Have,,,,,,,
Epic,CCRMB- Bureau Feed,Data Office,,,"DO - Gemba, DO - Platform Practice",DO - Gemba,Anju Unnithan,Anju Unnithan,,,,,,,26,,Comprehensive Credit Reporting & Multi Bureau (CCR-MB),Medium,,"Squad Gemba, Project - Funding, CCRMB 100 - CC, BI & Analytics - Practice, DO Q4 Gemba Planning",DA-4082,Backlog,,,,0,0,26,0,9,0,0,9,,,Should Have,,,,,,,
Epic,CCRMB- Bureau Response,Data Office,,,DO - Gemba,DO - Gemba,Anju Unnithan,Mark Pavkovic,,,,,,,,,Comprehensive Credit Reporting & Multi Bureau (CCR-MB),Medium,,"Squad Gemba, Project - Funding, CCRMB 100 - CC, BI & Analytics - Practice, DO Q4 Gemba Planning",DA-6311,Backlog,,,,0,0,0,0,3,0,0,3,,,Should Have,,,,,,,
Epic,CCRMB Planning,Data Office,,,DO - Gemba,DO - Gemba,Anju Unnithan,Mark Pavkovic,"Gemba FY26-Q4-S1, Gemba FY26-Q4-S3, Gemba FY26-Q4-S4, Gemba FY26-Q4-S5, Gemba FY27-Q1-S1, Gemba FY27-Q1-S3",,,,13-May-26,,20,,Comprehensive Credit Reporting & Multi Bureau (CCR-MB),Medium,Gemba,"Squad Gemba, Project - Funding, CCRMB 100 - CC, BI & Analytics - Practice, DO Q4 Gemba Planning, DO FY27 Q1 Gemba Planning",DA-3470,In Progress,,,,82.26,51,11,86.84,5,0,33,38,,,,,,,,,,
Epic,CCRMB-Require support to technically asess and share the details of the Current Data Availability ,Data Office,,,DO - Gemba,DO - Gemba,Anju Unnithan,Anju Unnithan,,,,,,,,,Comprehensive Credit Reporting & Multi Bureau (CCR-MB),Medium,Gemba,"Squad Gemba, Project - Funding, CCRMB 100 - CC, BI & Analytics - Practice, DO Q4 Gemba Planning",DA-2447,Backlog,,,,0,0,0,50,1,0,1,2,,,,,,,,,,
Epic,CCRMB-Technical Data mapping Specification for CCR Upload and CCRMB Data Solution & Architecture design,Data Office,,,,DO - Gemba,Anju Unnithan,Anju Unnithan,,,,,,,,,Comprehensive Credit Reporting & Multi Bureau (CCR-MB),Medium,Gemba,"Squad Gemba, Project - Funding, CCRMB 100 - CC, BI & Analytics - Practice, DO Q4 Gemba Planning",DA-2783,Backlog,,,,0,0,0,0,10,0,0,10,,,,,,,,,,
Epic,CCRMB- Initial Data Upload Load to CR portal - File generation (3 months data) & Data Push to Ilion,Data Office,,,,DO - Gemba,Anju Unnithan,Anju Unnithan,,,,,,,,,Comprehensive Credit Reporting & Multi Bureau (CCR-MB),Medium,Gemba,"Squad Gemba, Project - Funding, CCRMB 100 - CC, BI & Analytics - Practice, DO Q4 Gemba Planning",DA-2827,Backlog,,,,0,0,0,0,0,0,0,0,,,,,,,,,,
Epic,"CCRMB- Data Corrections- Design, Development and Testing for Data Interface",Data Office,,,,,Anju Unnithan,Anju Unnithan,,,,,,,,,Comprehensive Credit Reporting & Multi Bureau (CCR-MB),Medium,,"Squad Gemba, Project - Funding, CCRMB 100 - CC, BI & Analytics - Practice, DO Q4 Gemba Planning",DA-4638,Backlog,,,,0,0,0,0,0,0,0,0,,,,,,,,,,
Epic,CCRMB- Data Updates- Design Development and Testing for Data Interface,Data Office,,,,,Anju Unnithan,Anju Unnithan,,,,,,,,,Comprehensive Credit Reporting & Multi Bureau (CCR-MB),Medium,,"Squad Gemba, Project - Funding, CCRMB 100 - CC, BI & Analytics - Practice, DO Q4 Gemba Planning",DA-4639,Backlog,,,,0,0,0,0,0,0,0,0,,,,,,,,,,
Epic,"CCRMB- Data Removals - Design , Development and Testing for Data Interface",Data Office,,,,,Anju Unnithan,Anju Unnithan,,,,,,,,,Comprehensive Credit Reporting & Multi Bureau (CCR-MB),Medium,,"Squad Gemba, Project - Funding, CCRMB 100 - CC, BI & Analytics - Practice, DO Q4 Gemba Planning",DA-4640,Backlog,,,,0,0,0,0,0,0,0,0,,,,,,,,,,
Epic,CCRMB- Analysis current state usage of PowerCurve data within EDMP,Data Office,,,DO - Gemba,DO - Gemba,Anju Unnithan,Anju Unnithan,Gemba FY27-Q1-S3,,,,13-May-26,,10,,Comprehensive Credit Reporting & Multi Bureau (CCR-MB),Medium,,"Squad Gemba, Data - Domain, Project - Funding, DO Q4 Gemba Planning, CCRMB 99 - CC",DA-5680,Backlog,,,,23.08,3,10,22.22,7,0,2,9,,,,,,,,,,
Epic,DMND0003836 Vehicle Tracking Dashboard - Migration into EDMP,Data Office,,,"DO - Vanguard, DO - MPD - Pricing and Analytics",DO - Vanguard,Shehan Fernando,Anette Hon,"Gemba Q3S4, Gemba Q3S5, Gemba Q3S6, Vanguard FY26-Q4-S3, Vanguard FY26-Q4-S4, Vanguard FY26-Q4-S5, Vanguard Quarter 3 Sprint 5, Vanguard Quarter 3 Sprint 6",,,,25-Mar-26,,113,,RFI Migration,Highest,,"Squad Vanguard, Project - Funding, RFI Migration - CC, DO FY27 Q1 Vanguard Planning",DA-1530,In Progress,,,,45.4,74,89,54.05,16,1,20,37,12-Nov-25,,Must Have,Medium (2 - 4 weeks),NA,DMND0003836,Dealer Distribution & Market & Partner,,,
Epic,Q4 Inc Vanguard Q4 Incidents,Data Office,,,DO - Vanguard,DO - Vanguard,Greg Collocott,Greg Collocott,"COPS FY26-Q4-S1, Vanguard FY26-Q4-S3, Vanguard FY26-Q4-S4, Vanguard FY26-Q4-S5",,,,,3-Jan-26,28,,Incidents & Service Requests,Medium,,"Squad Vanguard, BAU - Funding, Incidents - BAU, DO Q4 Vanguard Planning",DA-3911,In Progress,,,,81.25,39,9,60.87,7,2,14,23,,3-Jan-26,Must Have,,,,Data,,,
Epic,Q4 MnthEd Vanguard Month End Tasks,Data Office,,,,DO - Vanguard,Greg Collocott,Asif Iftikhar,,,,,,,,,Incidents & Service Requests,Highest,,"Squad Vanguard, BAU - Funding, DO Q4 Vanguard Planning",DA-4442,Backlog,,,,0,0,0,0,0,0,0,0,,,,,,,Data,,,
Epic,CDR Planning Phase - Data Architecture & Design,Data Office,,,DO - Vanguard,DO - Vanguard,Brian Hurley,Geoffrey Soh,"Vanguard FY26-Q4-S5, Vanguard Quarter 3 Sprint 4",,,,25-Mar-26,,5,,Consumer Data Rights CDR Project,Medium,"Data_Architecture, Vanguard","Squad Vanguard, Project - Funding, CDR - CC",DA-2193,In Progress,,,,89.58,43,5,90,0,1,9,10,12-Nov-25,,,,,,,,,
Epic,DMND0004037 Valeur Transactional Data Ingestion,Data Office,,,DO - Vanguard,DO - Vanguard,Bindu Baddepudi,Philip Troop,"Vanguard FY26-Q4-S3, Vanguard FY26-Q4-S4, Vanguard FY26-Q4-S5",,,,25-Mar-26,,52,,Vanguard Demands (Data Office),Medium,,"Squad Vanguard, BAU - Funding, Demands - BAU, DO Q4 Vanguard Planning",DA-3423,Elaboration,,,,82.09,55,12,82.61,0,4,19,23,,,,Large (4 - 6 weeks),,DMND0004037,Risk,,,Risk Management
Epic,DMND0003938 Include Alfa data in commission reporting and new business margin,Data Office,,,"DO - Gemba, DO - MPD - Pricing and Analytics",DO - MPD - Pricing and Analytics,Anju Unnithan,Anette Hon,,,,,,,8,,RFI Migration,Highest,Gemba,"Squad Gemba, Project - Funding, RFI Migration - CC, Squad MPD",DA-2036,Selected for Development,,,,0,0,8,20,4,0,1,5,,,,Medium (2 - 4 weeks),,DMND0003938,Dealer Distribution & Market & Partner,,,
Epic,DMND0003737 Include Alfa data in MOMBase table solution,Data Office,,,"DO - COPS, DO - Vanguard",DO - Vanguard,Bindu Baddepudi,Sheldon Johnston,"COPS FY26-Q4-S4, COPS FY26-Q4-S5, COPS FY27-Q1-S1, Vanguard FY26-Q4-S2, Vanguard FY26-Q4-S3, Vanguard FY26-Q4-S4, Vanguard FY26-Q4-S5, Vanguard Quarter 3 Sprint 3",,,,,,83,1,Vanguard Demands (Data Office),Highest,Vanguard,"Squad Vanguard, BAU - Funding, Demands - BAU, DO Q4 Vanguard Planning",DA-69,In Progress,,,,71.81,107,42,77.14,14,2,54,70,,,Must Have,Medium (2 - 4 weeks),NA,DMND0003737,Risk,,,Risk Management
Epic,DMND0003449 AUPANALYTICS02 - WIP.dbo.Loss_Grade_Sheet9_v1 - Migrate Stored Proc to EDMP,Data Office,,,DO - Vanguard,DO - Vanguard,Jyothi Bodasakurti,Sheldon Johnston,"Vanguard FY26-Q4-S4, Vanguard FY26-Q4-S5",,,,25-Mar-26,,12,1,IT and Data Office Demands,Medium,"Engineering, Gemba","Squad Vanguard, BAU - Funding, Demands - BAU, DO Q4 Vanguard Planning",DA-1109,In Progress,,,,76.92,10,3,75,0,1,3,4,26-Feb-26,,Must Have,Small (< 2 weeks),NA,DMND0003449,IT,,,
Epic,DMND0003898 KINTO LEAD TIME HOSHIN BRIEF: Review current scorecard for enhancements ,Data Office,,,DO - Vanguard,DO - Vanguard,,Anette Hon,"Vanguard FY26-Q4-S3, Vanguard FY26-Q4-S4, Vanguard FY26-Q4-S5, Vanguard Quarter 3 Sprint 3, Vanguard Quarter 3 Sprint 4",,,,25-Mar-26,,28,,Kinto Hoshin FY26 Demands,Highest,"Gemba, DataScience, Domain","BAU - Funding, Demands - BAU, Data Science - Practice, DO Q4 Vanguard Planning, DO FY27 Q1 Vanguard Planning",DA-1753,In Progress,,,,74.32,55,19,71.05,11,0,27,38,29-Oct-25,,Must Have,Large (4 - 6 weeks),Data Science,DMND0003898,Kinto,,,
Epic,DMND0003899 KINTO LEAD TIME HOSHIN BRIEF: Review referrals due to missing driver‚Äôs licence data,Data Office,,,DO - Vanguard,DO - Vanguard,David Qi,Anette Hon,"Vanguard FY26-Q4-S4, Vanguard FY26-Q4-S5, Vanguard Quarter 3 Sprint 4",,,,25-Mar-26,,18,8,Kinto Hoshin FY26 Demands,Highest,"Vanguard, Domain","Squad Vanguard, BAU - Funding, Demands - BAU, DO Q4 Vanguard Planning, DO FY27 Q1 Vanguard Planning",DA-1754,In Progress,,,,67.65,46,22,57.14,8,4,16,28,,,Should Have,X-Large (> 6 weeks),,DMND0003899,Kinto,,,
Epic,DMND0003900 KINTO LEAD TIME HOSHIN BRIEF: Review policy reasons resulting in referral to determine if they can be removed/ refined ,Data Office,,,DO - Vanguard,DO - Vanguard,David Qi,Anette Hon,,,,,31-Mar-26,,,,Kinto Hoshin FY26 Demands,High,Vanguard,"Squad Vanguard, BAU - Funding, Demands - BAU, DO Q4 Vanguard Planning, DO FY27 Q1 Vanguard Planning",DA-1757,In Progress,,,,100,4,0,60,3,1,6,10,,,Must Have,Large (4 - 6 weeks),,DMND0003900,Kinto,,,
Epic,CDR - Data Requirements and Analysis,Data Office,,,"DO - Gemba, DO - Vanguard",DO - Vanguard,Bindu Baddepudi,Bindu Baddepudi,"Gemba FY26-Q4-S3, Gemba FY26-Q4-S4, Gemba FY26-Q4-S5, Vanguard FY26-Q4-S1, Vanguard FY26-Q4-S2, Vanguard FY26-Q4-S3, Vanguard FY26-Q4-S4",,,,25-Mar-26,,10,,Consumer Data Rights CDR Project,Medium,,"Squad Vanguard, Project - Funding, CDR - CC, DO Q4 Vanguard Planning",DA-5151,In Progress,,,,84.38,27,5,88.89,0,1,8,9,,,Must Have,,,,,,,
Epic,CDR - Architecture and Solution Design (Data Focused),Data Office,,,DO - Vanguard,DO - Vanguard,Brian Hurley,Bindu Baddepudi,"Vanguard FY26-Q4-S3, Vanguard FY26-Q4-S4, Vanguard FY26-Q4-S5",,,,25-Mar-26,,18,,Consumer Data Rights CDR Project,Medium,,"Squad Vanguard, Project - Funding, CDR - CC, DO Q4 Vanguard Planning",DA-5152,In Progress,,,,83.33,15,3,75,1,1,6,8,12-Feb-26,,Must Have,,,,,,,
Epic,CDR - End-to-End Data Source to Target Mapping,Data Office,,,DO - Vanguard,DO - Vanguard,Bindu Baddepudi,Bindu Baddepudi,"Vanguard FY26-Q4-S3, Vanguard FY26-Q4-S4, Vanguard FY26-Q4-S5",,,,25-Mar-26,,35,,Consumer Data Rights CDR Project,Medium,,"Squad Vanguard, Project - Funding, CDR - CC, DO Q4 Vanguard Planning",DA-5153,In Progress,,,,31.43,11,24,37.5,0,5,3,8,,,Must Have,,,,,,,
Epic,CDR Operational database - deployment model,Data Office,,,,DO - Vanguard,Nigel Leslie,Bindu Baddepudi,,,,,,,,,Consumer Data Rights CDR Project,Medium,,"Squad Vanguard, Project - Funding, CDR - CC, DO Q4 Vanguard Planning",DA-5158,In Progress,,,,0,0,0,0,0,0,0,0,,,Could Have,,,,,,,
Epic,Data Modelling - CDR Schema specific to Operational Database,Data Office,,,,DO - Vanguard,Jyothi Bodasakurti,Bindu Baddepudi,,,,,,,,,Consumer Data Rights CDR Project,Medium,,"Squad Vanguard, Project - Funding, CDR - CC, DO Q4 Vanguard Planning",DA-5155,In Progress,,,,0,0,0,0,0,0,0,0,,,Must Have,,,,,,,
Epic,CDR Ingestion - Validate from Source Systems,Data Office,,,,DO - Vanguard,Jyothi Bodasakurti,Bindu Baddepudi,,,,,,,,,Consumer Data Rights CDR Project,Medium,,"Squad Vanguard, Project - Funding, CDR - CC, DO Q4 Vanguard Planning",DA-5156,In Progress,,,,0,0,0,0,0,0,0,0,,,Should Have,,,,,,,
Epic,"Data Modelling -  Customer, Contract, Account and Transactions ",Data Office,,,,DO - Vanguard,Jyothi Bodasakurti,Bindu Baddepudi,,,,,,,,,Consumer Data Rights CDR Project,Medium,,"Squad Vanguard, Project - Funding, CDR - CC, DO Q4 Vanguard Planning",DA-5154,Selected for Development,,,,0,0,0,0,0,0,0,0,,,Must Have,,,,,,,
Epic,Enterprise Canonical Data Models (ECDM) - Deploy to Prod - Path to Production,Data Office,,,,DO - Vanguard,Brian Hurley,Bindu Baddepudi,,,,,,,,,Consumer Data Rights CDR Project,Medium,,"Squad Vanguard, Project - Funding, DO Q4 Vanguard Planning",DA-5345,Selected for Development,,,,0,0,0,0,0,0,0,0,,,Should Have,,,,,,,
Epic,DMND0003885 Replace API Data Ingestion with data from DOMO ,Data Office,,,"DO - Vanguard, DO - Engineering Practice",DO - Vanguard,Bindu Baddepudi,Anette Hon,,,,,,,,,Vanguard Demands (Data Office),Medium,Vanguard,"Squad Vanguard, BAU - Funding, Demands - BAU, DO Q4 Vanguard Planning",DA-1698,Selected for Development,,,,0,0,0,0,2,0,0,2,,,,Large (4 - 6 weeks),,DMND0003885,Kinto,,,
Epic,DMND0003556 Retail Application Fraud Model Redevelopment,Data Office,,,DO - Vanguard,DO - Vanguard,,Anette Hon,Vanguard FY26-Q4-S4,Vanguard Quarter 3 Sprint 2 [COMPLETED] + Vanguard Quarter 3 Sprint 1 [COMPLETED],,,,28-Oct-25,20,8,Vanguard Demands (Data Office),Highest,Vanguard,"BAU - Funding, Demands - BAU, DO Q4 Vanguard Planning",DA-2009,Selected for Development,,,,56.92,37,28,50,8,1,9,18,,1-Oct-25,,,,DMND0003556,Risk,,,
Epic,Utilise the Job cluster to avoid the resource conflicts in processing the data,Data Office,,,DO - Vanguard,DO - Engineering Practice,Atul Sharma,Atul Sharma,"COPS FY26-Q4-S3, Vanguard FY26-Q4-S2, Vanguard FY26-Q4-S4, Vanguard FY26-Q4-S5",,,,25-Mar-26,,5,,System Performance improvement,Highest,,"Squad Vanguard, BAU - Funding, Engineering - Practice, DO Q4 Engineering Practice Planning, DO FY27 Q1 Engineering Practice Planning",DA-4511,Backlog,,,,60,3,2,25,3,0,1,4,29-Jan-26,,Must Have,,,,,,,
Epic,Modify the existing linked service to utilise the SHIR in an efficient way.,Data Office,,,DO - Engineering Practice,DO - Engineering Practice,Himanshu Gahlot,Atul Sharma,,,,,,,,,System Performance improvement,Highest,,"Squad Vanguard, BAU - Funding, Alfa - CC, Engineering - Practice, DO Q4 Engineering Practice Planning, Other - BAU, DO FY27 Q1 Engineering Practice Planning",DA-4011,Backlog,,,,0,0,0,0,2,0,0,2,,,Must Have,,,,,,,
Epic,Reduce the TFAAP - Dim and Fact processing time.,Data Office,,,,DO - Engineering Practice,Venu Marrisetty,Atul Sharma,,,,,,,,,System Performance improvement,Highest,,"Squad Gemba, BAU - Funding, Engineering - Practice, DO Q4 Engineering Practice Planning, Other - BAU, DO FY27 Q1 Engineering Practice Planning",DA-4012,Backlog,,,,0,0,0,0,0,0,0,0,,,Must Have,,,,,,,
Epic,Review the partition scheme,Data Office,,,,DO - Engineering Practice,Himanshu Gahlot,Greg Collocott,,,,,,31-Mar-26,,,System Performance improvement,Highest,,"Squad COPS, BAU - Funding, Engineering - Practice, DO Q4 Engineering Practice Planning, Other - BAU, DO FY27 Q1 Engineering Practice Planning",DA-3984,Backlog,,,,0,0,0,0,0,0,0,0,,1-Jan-26,Must Have,,,,,,,
Epic,Post-UC upgrade: Tuning and time adjustments ,Data Office,,,,DO - Engineering Practice,Venu Marrisetty,Atul Sharma,,,,,,,,,System Performance improvement,Highest,,"Squad Gemba, BAU - Funding, Engineering - Practice, DO Q4 Engineering Practice Planning, Other - BAU, DO FY27 Q1 Engineering Practice Planning",DA-4016,Backlog,,,,0,0,0,0,0,0,0,0,,,Must Have,,,,,,,
Epic,Code refactoring,Data Office,,,,DO - Engineering Practice,Himanshu Gahlot,Atul Sharma,,,,,,,,,System Performance improvement,Highest,,"BAU - Funding, Engineering - Practice, DO Q4 Engineering Practice Planning, Other - BAU, DO FY27 Q1 Engineering Practice Planning",DA-4009,Backlog,,,,0,0,0,0,0,0,0,0,,,Should Have,,,,,,,
Epic,PRB0043072 Quote missing and inconsistency in EDMP and on-prem,Data Office,,,,DO - Engineering Practice,Jyothi Bodasakurti,Anette Hon,,,,,,,,,Data Office Problem Tickets,High,Problem,"BAU - Funding, Incidents - BAU, DO FY27 Q1 Engineering Practice Planning",DA-1678,Elaboration,,,,0,0,0,0,0,0,0,0,,,Must Have,,,PRB0043072,,,,
Epic,PRB0041682 TMCA API data load issues ,Data Office,,,,DO - Engineering Practice,Atul Sharma,Anette Hon,,,,,,,,,Data Office Problem Tickets,Medium,,"BAU - Funding, Incidents - BAU",DA-1671,Elaboration,,,,0,0,0,0,0,0,0,0,,,Wont Have,,,PRB0041682,,,,
Epic,DMND0003533 Hardship Data Collection: ASIC Reporting Requirement,Data Office,,,"DO - Gemba, DO - COPS, DO - Vanguard",DO - Vanguard,Sean Murray,Sheldon Johnston,"Gemba FY26-Q4-S3, Gemba FY26-Q4-S5",,,,25-Mar-26,,4,1,Hardship including CMT Remediation,Highest,"COPS, Engineering","Squad Vanguard, Squad COPS, BAU - Funding, Demands - BAU, DO Q4 Vanguard Planning, DO Q4 COPS Planning",DA-1122,In Progress,,,,28.57,2,5,16.67,5,0,1,6,,,,Large (4 - 6 weeks),NA,DMND0003533,Risk,,,
Epic,DMND0003239 Wholesale balances missing last months interest charge.,Data Office,,,"DO - Gemba, DO - Vanguard",DO - Vanguard,Vinodhini Ramachandran,Anette Hon,"Vanguard FY26-Q4-S5, Vanguard FY27 Q1 S1, Vanguard FY27 Q1 S2, Vanguard FY27 Q1 S3",,,,12-May-26,,9,,Vanguard Demands (Data Office),Highest,Vanguard,"Squad Vanguard, BAU - Funding, Demands - BAU, DO Q4 Vanguard Planning, DO FY27 Q1 Vanguard Planning",DA-1634,In Progress,,,,44.44,4,5,27.27,6,2,3,11,12-Mar-26,,Must Have,Large (4 - 6 weeks),,DMND0003239,Risk,,,
Epic,DMND0003747 Request to change the rfi_dim_businessmanager code for the reporting,Data Office,,,DO - MPD - Pricing and Analytics,DO - MPD - Pricing and Analytics,Anju Unnithan,Sheldon Johnston,RFI Migration Christmas Sprint,,,,12-Feb-26,,,1,RFI Reporting Enhancements,Highest,"Engineering, Gemba","Squad Gemba, Project - Funding, RFI Migration - CC, Squad MPD",DA-1082,Selected for Development,,,,50,1,1,33.33,2,0,1,3,19-Dec-25,,,Medium (2 - 4 weeks),NA,DMND0003747,Dealer Distribution & Market & Partner,,,
Epic,DMND0003549 Data Office: Credit Enquiry VEDA Data Repair ,Data Office,,,,,Atul Sharma,Sheldon Johnston,,,,,,,,1,IT and Data Office Demands,Highest,"Engineering, Gemba","Squad Gemba, BAU - Funding, Demands - BAU",DA-1132,Blocked,,,,0,0,1,50,1,0,1,2,,,,Medium (2 - 4 weeks),NA,DMND0003549,IT,,,
Epic,Grouping together Platform Practice stories that don't have a parent - please reassign to appropriate parents and then close this feature,Data Office,,,"DO - Platform Practice, DO - Vanguard",DO - Vanguard,Nigel Leslie,Anette Hon,"Vanguard Quarter 3 Sprint 2, Vanguard Quarter 3 Sprint 3, Vanguard Quarter 3 Sprint 5",,,,10-Dec-25,,1,,HOSHIN: Environment Standards & Release Process,Medium,,"Squad Vanguard, Platform - Practice",DA-4003,Backlog,,,,0,0,1,16,17,4,4,25,15-Oct-25,,,,,,,,,
Epic,Data Platform Target State & Roadmap,Data Office,,,,DO - Platform Practice,,Nigel Leslie,,,,,,7-May-26,,,HOSHIN: Environment Standards & Release Process,Medium,,"Platform - Practice, DO Q4 Platform Practice Planning",DA-3968,Backlog,,,,0,0,0,0,0,0,0,0,,8-Apr-26,Must Have,,,,,,,
Epic,DMND0003340 EDMP pipeline automation environment,Data Office,,,DO - Platform Practice,DO - Vanguard,Nigel Leslie,Sheldon Johnston,,,,,,,,1,HOSHIN: Environment Standards & Release Process,Highest,Engineering,"Squad Gemba, BAU - Funding, Demands - BAU, Platform - Practice, DO Q4 Data Office Planning",DA-1079,Selected for Development,,,,0,0,1,0,1,0,0,1,,,,Large (4 - 6 weeks),NA,DMND0003340,Data,,,
Epic,Q4 Inc COPS  Q4 Incidents,Data Office,,,"DO - COPS, DO - Vanguard",DO - COPS,Greg Collocott,Greg Collocott,"COPS FY26-Q4-S3, COPS FY26-Q4-S4, COPS FY26-Q4-S5",,,,25-Mar-26,,19,,Incidents & Service Requests,Highest,,"Squad COPS, BAU - Funding, Incidents - BAU, DO Q4 COPS Planning",DA-3910,Backlog,,,,73.33,22,8,81.82,3,1,18,22,12-Feb-26,,,,,,Operations,,,
Epic,Q4 COPS BAU/Month End Tasks,Data Office,,,DO - COPS,DO - COPS,Himanshu Gahlot,Asif Iftikhar,"COPS FY26-Q4-S3, COPS FY26-Q4-S4, COPS FY26-Q4-S5",,,,25-Mar-26,,44,,Incidents & Service Requests,Highest,,"Squad COPS, BAU - Funding, DO Q4 COPS Planning",DA-4076,Backlog,,,,86.36,57,9,85,1,2,17,20,12-Feb-26,,,,,,Operations,,,
Epic,DMND0004001 - Huddle Report - Engage Data,Data Office,,,DO - COPS,DO - COPS,Pascal Marcello,Anette Hon,"COPS FY26-Q4-S1, COPS FY26-Q4-S3, COPS FY26-Q4-S4, COPS FY26-Q4-S5, COPS Quarter 3 Sprint 3",,,,29-Jun-26,,56,,COPS Customer Ops Perf Squad Demands,Highest,COPS,"Squad COPS, BAU - Funding, Demands - BAU, BI & Analytics - Practice, DO Q4 COPS Planning",DA-2376,In Progress,,,,72,90,35,65.96,14,2,31,47,,,Must Have,Medium (2 - 4 weeks),BI Reporting,DMND0004001,,,,Operations
Epic,DMND0003975 - Create Summary Metrics Page - EOM Collections Dashboard,Data Office,,,,DO - COPS,Anton Van Der Walt,Anette Hon,,,,,,,,,Legacy Decommissioning (SAS & AUPANALYTICS02),Highest,COPS,"Squad COPS, BAU - Funding, Demands - BAU, DO Q4 COPS Planning",DA-2304,In Progress,,,,100,67,0,100,0,0,17,17,,,Must Have,Medium (2 - 4 weeks),,DMND0003975,,,,Operations
Epic,DMND0004006- Early Collections - Arrangement Report (Daily/ Monthly) - ALFA and Leasetrac,Data Office,,,DO - COPS,DO - COPS,Pascal Marcello,Anette Hon,"COPS FY26-Q4-S3, COPS FY26-Q4-S4, COPS FY26-Q4-S5, COPS FY27-Q1-S1, COPS FY27-Q1-S2, COPS Quarter 3 Sprint 3",,,,29-Apr-26,,69,,Legacy Decommissioning (SAS & AUPANALYTICS02),Highest,COPS,"Squad COPS, BAU - Funding, Demands - BAU, DO Q4 COPS Planning",DA-2374,In Progress,,,,57.66,79,58,57.69,11,0,15,26,29-Oct-25,,Must Have,Large (4 - 6 weeks),,DMND0004006,,,,Operations
Epic,DMND0004034 - Collections Deck - Alfa and LeasTrac,Data Office,,,DO - COPS,DO - COPS,Anton Van Der Walt,Anette Hon,COPS FY26-Q4-S5,,,,25-Mar-26,,17,,Legacy Decommissioning (SAS & AUPANALYTICS02),Highest,,"Squad COPS, BAU - Funding, Demands - BAU, DO Q4 COPS Planning",DA-2615,Elaboration,,,,45.16,14,17,33.33,1,5,3,9,12-Mar-26,,Must Have,X-Large (> 6 weeks),,DMND0004034,Operations,,,
Epic,DMND0004119 - Complaints Topics,Data Office,,,"DO - COPS, DO - Vanguard",DO - COPS,Himanshu Gahlot,Parteek Gabba,"COPS FY26-Q4-S3, COPS FY26-Q4-S5, Vanguard FY26-Q4-S4",,,,25-Mar-26,,16,,Incidents & Service Requests,Highest,COPS,"Squad COPS, BAU - Funding, Demands - BAU, DO Q4 COPS Planning",DA-4372,Backlog,,,,58.06,18,13,37.5,12,3,9,24,12-Feb-26,,Must Have,,,DMND0004119,,,,Operations
Epic,AM Reporting - Data Mapping Conformed to Semantic Layer (Strategic) ,Data Office,,,DO - COPS,DO - COPS,Sean Murray,Len Asprey,"COPS FY26-Q4-S3, COPS FY26-Q4-S4, COPS FY26-Q4-S5, COPS FY27-Q1-S1",,,,15-Apr-26,,23,,Asset Management Asset Recovery Project,Medium,,"Squad COPS, Domain - Funding, Continuous Delivery (Data Dom) - CC, Data Architecture - Practice, DO Q4 COPS Planning, DO Q3 Planned, DO FY27 Q1 COPS Planning",DA-70,Backlog,,,,16.67,4,20,16.67,14,1,3,18,12-Feb-26,,Should Have,Small (< 2 weeks),Data Architecture,,,,,
Epic,Design Hardship Domain Data Reference Architecture & Data Model,Data Office,,,DO - COPS,DO - COPS,Len Asprey,Len Asprey,,,,,,,40,1,Hardship Domain Data Architecture & Data Model,Medium,"COPS, Hardship","Squad COPS, Data - Domain, Continuous Delivery (Data Dom) - CC, Data Architecture - Practice, DO Q4 COPS Planning",DA-93,Backlog,,,,0,0,41,0,17,0,0,17,,,,Large (4 - 6 weeks),Data Architecture,,,,,
Epic,DMND0003594 - Hardship Serviceability Agreement - LeasTrac Accounts,Data Office,,,DO - COPS,DO - COPS,Sean Murray,Sheldon Johnston,,,,,,,31,1,Hardship including CMT Remediation,Medium,"COPS, Engineering","Squad COPS, BAU - Funding, Demands - BAU, DO Q4 COPS Planning",DA-1099,In Progress,,,,38.46,20,32,31.25,11,0,5,16,,,Could Have,Medium (2 - 4 weeks),NA,DMND0003594,,,,Operations
Epic,DMND0003746 Experian feedfile for MyAccess,Data Office,,,,,,Anette Hon,,,,,,,,,IT and Data Office Demands,Highest,Gemba,"Squad Gemba, BAU - Funding, Demands - BAU",DA-1426,Selected for Development,,,,0,0,0,0,1,0,0,1,,,,Medium (2 - 4 weeks),NA,DMND0003746,IT,,,
Epic,DMND0003255 Data transfer - Mazda Australia,Data Office,,,"DO - DataCruiser, DO - Vanguard",DO - Gemba,Anju Unnithan,Anette Hon,DataCruiser FY26-Q4-S3,,,,,31-Mar-26,1,,Gemba Demands (Data Office),High,Gemba,"Squad Gemba, BAU - Funding, Demands - BAU, DO Q4 Gemba Planning",DA-2620,Done,,,,100,86,0,100,0,0,63,63,,,Must Have,Large (4 - 6 weeks),,DMND0003255,AAAF,,,Market & Partner Development
Epic,DMND0003815 Toyota Onboarding Journey Data Automation,Data Office,,,"DO - Gemba, DO - DataCruiser",DO - Gemba,,Anette Hon,,,,,,,16,,Gemba Demands (Data Office),High,Gemba,"Squad Gemba, BAU - Funding, Demands - BAU",DA-1429,Selected for Development,,,,15.79,3,16,28.57,3,2,2,7,,,,Large (4 - 6 weeks),NA,DMND0003815,Marketing,,,
Epic,DMND0003891 Self-Serve NPS Survey Extract Report Manager,Data Office,,,,DO - Gemba,,Anette Hon,,,,,,,,,Gemba Demands (Data Office),Highest,Gemba,"Squad Gemba, BAU - Funding, Demands - BAU, DO Q4 Gemba Planning",DA-1766,Backlog,,,,0,0,0,0,0,0,0,0,,,,Medium (2 - 4 weeks),,DMND0003891,Dealer Distribution & Market & Partner,,,Market & Partner Development
Epic,DMND0003892 New In-Life Customer Survey Data Extracts,Data Office,,,DO - Gemba,DO - Gemba,Farhad Kardan,Anette Hon,"Gemba FY26-Q4-S3, Gemba FY26-Q4-S4, Gemba FY27-Q1-S1, Gemba Q3S6",Gemba FY27-Q1-S1,,,,15-Apr-26,9,,Gemba Demands (Data Office),High,Gemba,"Squad Gemba, BAU - Funding, Demands - BAU, DO Q4 Gemba Planning, DO FY27 Q1 Gemba Planning",DA-1765,Selected for Development,,,,50,6,6,60,2,0,3,5,,1-Apr-26,,Medium (2 - 4 weeks),,DMND0003892,Dealer Distribution & Market & Partner,,,Market & Partner Development
Epic,DMND0003140 Data Provided to ADICA Improvement,Data Office,,,,DO - Gemba,Daniel Wade,Sheldon Johnston,,,,,,,,1,Gemba Demands (Data Office),High,"Engineering, Gemba","Squad Gemba, BAU - Funding, Demands - BAU",DA-1059,Blocked,,,,0,0,1,0,0,0,0,0,,,,Small (< 2 weeks),NA,DMND0003140,Dealer Distribution & Market & Partner,,,
Epic,DMND0003652 One Toyota Used Vehicle Data Automation,Data Office,,,DO - DataCruiser,DO - Gemba,,Anette Hon,,,,,,,,,Gemba Demands (Data Office),High,Gemba,"Squad Gemba, BAU - Funding, Demands - BAU, DO Q4 Gemba Planning",DA-1771,Elaboration,,,,0,0,0,0,1,0,0,1,,,,Medium (2 - 4 weeks),,DMND0003652,Dealer Distribution & Market & Partner,,,
Epic,DMND0003555 Update EDMP to receive new NoEmployerConfidence flag in verifier SummaryData CSV extract,Data Office,,,DO - Gemba,DO - Gemba,,Sheldon Johnston,,,,,,,,1,Gemba Demands (Data Office),High,"Engineering, Gemba","Squad Gemba, BAU - Funding, Demands - BAU, DO Q4 Gemba Planning",DA-1133,Selected for Development,,,,0,0,1,0,1,0,0,1,,,,Medium (2 - 4 weeks),,DMND0003555,IT,,,
Epic,DMND0003686 NVIC / GFV VIN Validation Error Reporting,Data Office,,,,DO - Gemba,,Sheldon Johnston,,,,,,,,1,Validate accuracy of NVIC and VIN assigned to Quote/Application,High,"Engineering, Gemba","Squad Gemba, BAU - Funding, Demands - BAU, DO Q4 Gemba Planning",DA-1024,In Progress,,,,50,1,1,100,0,0,4,4,,,,Small (< 2 weeks),NA,DMND0003686,Dealer Distribution & Market & Partner,,,
Epic,DMND0002233 TMCA's access to MaterialCode-NVIC Mapping table,Data Office,,,,DO - Gemba,,Sheldon Johnston,,,,,,,,1,Validate accuracy of NVIC and VIN assigned to Quote/Application,High,"Engineering, Gemba","Squad Gemba, BAU - Funding, Demands - BAU",DA-1102,Elaboration,,,,0,0,1,0,0,0,0,0,,,,Large (4 - 6 weeks),NA,DMND0002233,Marketing,,,
Epic,DMND0001721 Add TPR Lead data to FACT.Lead and DIM.Lead,Data Office,,,DO - Gemba,DO - Gemba,Mark Pavkovic,Sheldon Johnston,,,,,,,,1,Lead Data inc. TPR,High,"Engineering, Gemba","Squad Gemba, BAU - Funding, Demands - BAU",DA-1050,Selected for Development,,,,0,0,1,0,4,0,0,4,,,Must Have,Medium (2 - 4 weeks),NA,DMND0001721,Marketing,,,
Epic,DMND0003829 Possible Match Rule,Data Office,,,,DO - Vanguard,Geoffrey Soh,Anette Hon,,,,,,,,,Vanguard Demands (Data Office),High,Vanguard,"Squad Vanguard, BAU - Funding, Demands - BAU, DO FY27 Q1 Vanguard Planning",DA-2232,Selected for Development,,,,0,0,0,0,0,0,0,0,,,Should Have,Large (4 - 6 weeks),,DMND0003829,Risk,,,
Epic,DMND0004040 Used Vehicle Price Elasticity,Data Office,,,DO - DataCruiser,DO - DataCruiser,Parul Oberai,Anette Hon,"DataCruiser FY26-Q4-S3, DataCruiser FY26-Q4-S4, DataCruiser FY26-Q4-S5",,,,,31-Mar-26,26,,DataCruiser Demands (Data Office),Highest,"DataCruiser, DataScience","Squad DataCruiser, BAU - Funding, Demands - BAU, DO Q4 DataCruiser Planning, DO FY27 Q1 DataCruiser Planning",DA-2700,In Progress,,,,57.45,27,20,66.67,3,1,8,12,,,Should Have,,,DMND0004040,Marketing,,,Market & Partner Development
Epic,Customer Data Quality Reports (for CDR Project),Data Office,,,DO - DataCruiser,DO - DataCruiser,Parul Oberai,Anette Hon,"DataCruiser FY26-Q4-S3, DataCruiser FY26-Q4-S4, DataCruiser FY26-Q4-S5, DataCruiser FY27-Q1-Sprint 1, DataCruiser Q3S6",,,,,23-Sep-25,67.5,2,Data Quality Uplift,Medium,"DataCruiser, Gemba, Domain","Squad Gemba, Squad DataCruiser, Project - Funding, CDR - CC, DO Q4 DataCruiser Planning, DO Q3 Planned, DO FY27 Q1 DataCruiser Planning",DA-1850,In Progress,,,,66.78,99.5,49.5,53.85,28,8,42,78,,2-Jul-25,Should Have,X-Large (> 6 weeks),,,,,,
Epic,DMND0003765 Utilisation of EDMP Common framework to Pega Bix files,Data Office,,,DO - DataCruiser,DO - DataCruiser,Atul Sharma,Sheldon Johnston,"DataCruiser FY26-Q4-S3, DataCruiser FY26-Q4-S4",,,,,31-Mar-26,44,1,DataCruiser Demands (Data Office),Medium,Engineering,"Squad DataCruiser, BAU - Funding, Demands - BAU, DO Q4 DataCruiser Planning, DO FY27 Q1 DataCruiser Planning",DA-1049,In Progress,,,,33.93,19,37,50,6,1,7,14,,,Should Have,Large (4 - 6 weeks),NA,DMND0003765,IT,,,
Epic,FY26-Q4 DataCruiser Incidents,Data Office,,,"DO - Gemba, DO - DataCruiser, DO - Vanguard",DO - DataCruiser,Prerna Sharma,Greg Collocott,"DataCruiser FY26-Q4-PI, DataCruiser FY26-Q4-S3, DataCruiser FY26-Q4-S4, DataCruiser FY26-Q4-S5, Gemba FY26-Q4-S3, Gemba FY26-Q4-S4",,,,,31-Mar-26,45,,Incidents & Service Requests,Medium,,"Squad DataCruiser, BAU - Funding, Incidents - BAU, DO Q4 DataCruiser Planning",DA-3908,In Progress,,,,81.67,73.5,16.5,82.67,11,2,62,75,,,Must Have,,,,,,,
Epic,Team Capacity FY26 DataCruisers,Data Office,,,DO - DataCruiser,DO - DataCruiser,Prerna Sharma,Prerna Sharma,"DataCruiser FY26-Q4-S3, DataCruiser FY26-Q4-S4, DataCruiser FY26-Q4-S5",,,,,31-Mar-26,,,Team Capacity FY26,Medium,,"Squad DataCruiser, BAU - Funding, Engineering - Practice",DA-6239,In Progress,,,,0,0,0,75,1,2,9,12,,,Must Have,,,,,,,
Epic,DMND0004008 eDoc/WDU Transaction Report Automation,Data Office,,,DO - DataCruiser,DO - DataCruiser,Matthew Falia,Anette Hon,"DataCruiser FY26-Q4-S5, DataCruiser FY27-Q1-Sprint 3, DataCruiser FY27-Q1-Sprint 4, DataCruiser FY27-Q1-Sprint 5",,,,10-Jun-26,,8,,DataCruiser Demands (Data Office),Medium,,"Squad DataCruiser, BAU - Funding, Demands - BAU, FY27-Q1, DO FY27 Q1 DataCruiser Planning",DA-2379,Elaboration,,,,0,0,8,0,5,0,0,5,12-Mar-26,,Must Have,Medium (2 - 4 weeks),,DMND0004008,TFM,,,Toyota Fleet Management
Epic,DMND0003436 Extend existing PPSR exception reporting to cover Fleet contracts,Data Office,,,DO - DataCruiser,DO - DataCruiser,Prerna Sharma,Sheldon Johnston,DataCruiser FY26-Q4-S4,,,,,30-Jun-26,8,1,DataCruiser Demands (Data Office),High,"DataCruiser, Engineering, PPSR","Squad DataCruiser, BAU - Funding, Demands - BAU, DO Q4 DataCruiser Planning, DO FY27 Q1 DataCruiser Planning",DA-1110,In Progress,,,,55.56,5,4,50,1,0,1,2,,16-Dec-25,Should Have,Medium (2 - 4 weeks),NA,DMND0003436,IT,,,
Epic,DMND0003435 Extend existing PPSR exception reporting to cover Retail contracts originated in Alfa System,Data Office,,,DO - DataCruiser,DO - DataCruiser,Prerna Sharma,Sheldon Johnston,DataCruiser FY27-Q1-Sprint 1,,,,,30-Jun-26,4,1,DataCruiser Demands (Data Office),Highest,"DataCruiser, Engineering, PPSR","Squad DataCruiser, BAU - Funding, Demands - BAU, DO FY27 Q1 DataCruiser Planning",DA-1112,Blocked,,,,85.29,29,5,87.5,2,0,14,16,,,Should Have,Medium (2 - 4 weeks),NA,DMND0003435,IT,,,
Epic,DMND0003286 Add new codes to MDM master data,Data Office,,,DO - DataCruiser,,Ihab Emam,Sheldon Johnston,,,,,,,6,1,IT and Data Office Demands,Medium,"DataCruiser, Engineering","Squad DataCruiser, BAU - Funding, Demands - BAU, DO Q3 Planned",DA-1125,Selected for Development,,,,36.36,4,7,33.33,4,0,2,6,,,,Medium (2 - 4 weeks),NA,DMND0003286,IT,,,
Epic,MDM - Release 2.0 ,Data Office,,,"Data Office, DO - Gemba, Data Office [EXT], DO - Architecture Practice, DO - DataCruiser",DO - DataCruiser,Ihab Emam,Len Asprey,"DataCruiser FY27-Q1-Sprint 1, DataCruiser FY27-Q1-Sprint 3, DataCruiser Q3S2, DataCruiser Q3S4, DataCruiser Q3S5, Gemba Q3S6",,,,13-May-26,,36,,Master Data Management (MDM),Highest,"DataCruiser, MDM, Data_Architecture","Squad DataCruiser, Data - Domain, Domain - Funding, Continuous Delivery (Data Dom) - CC, Data Architecture - Practice, DO Q4 DataCruiser Planning, DO Q3 Planned, DO FY27 Q1 DataCruiser Planning",DA-2303,Blocked,,,,21.74,10,36,19.05,11,6,4,21,15-Oct-25,,,,Data Architecture,,,,,
Epic,DMND0003518 Correction to Quote BIX for 'Quantum 2' data from Pega to Data Warehouse as CSV not XML (INC0179485) (INC0148417) (INC0129339),Data Office,,,,,,Sheldon Johnston,,,,,,,,1,IT and Data Office Demands,Highest,"DataCruiser, Engineering","Squad DataCruiser, BAU - Funding, Demands - BAU, Engineering - Practice",DA-1127,In Progress,,,,80,4,1,100,0,0,3,3,,,,Large (4 - 6 weeks),Engineering,DMND0003518,IT,,,
Epic,DMND0003447 Corporate Balanced Scorecard Data for SET Obeya,Data Office,,,DO - Vanguard,DO - Vanguard,Bindu Baddepudi,Sheldon Johnston,,,,,,,8,1,Vanguard Demands (Data Office),Medium,"Engineering, Vanguard","Squad Vanguard, BAU - Funding, Demands - BAU, DO Q4 Vanguard Planning",DA-1136,Selected for Development,,,,0,0,9,20,4,0,1,5,,,Could Have,X-Large (> 6 weeks),NA,DMND0003447,Strategy,,,Business Strategy & Analytics
Epic,DMND0003669 Transaction Monitoring InfoView Report Update,Data Office,,,DO - Vanguard,DO - Vanguard,Bindu Baddepudi,Sheldon Johnston,,,,,,,,1,Vanguard Demands (Data Office),Medium,"Engineering, Vanguard","Squad Vanguard, BAU - Funding, Demands - BAU, Engineering - Practice, DO Q4 Vanguard Planning, DO FY27 Q1 Vanguard Planning",DA-1027,Selected for Development,,,,94.12,16,1,76.92,3,0,10,13,,,Could Have,Large (4 - 6 weeks),Engineering,DMND0003669,Risk,,,
Epic,DMND0003495 Load missing key data tables into Azure EDMP 'conformed' then model in 'semantic' tfaap dimensions,Data Office,,,DO - MPD - Pricing and Analytics,DO - MPD - Pricing and Analytics,Sheldon Johnston,Sheldon Johnston,,,,,,,,1,RFI Reporting Enhancements,Highest,"Engineering, Gemba","Squad Gemba, Project - Funding, RFI Migration - CC, Squad MPD",DA-1118,Elaboration,,,,0,0,1,0,2,0,0,2,,,,Medium (2 - 4 weeks),,DMND0003495,Data,,,
Epic,DMND0003239 Ensure all Azure EDMP data accurately matches with Wholesale & SAP,Data Office,,,,DO - Vanguard,,Sheldon Johnston,,,,,,,,,IT and Data Office Demands,High,"Engineering, RiskManagement, Vanguard","Squad Vanguard, BAU - Funding, Demands - BAU",DA-1131,In Progress,,,,0,0,0,0,0,0,0,0,,,,,,DMND0003239,Risk,,,
Epic,DMND0003640 Productionisation and Automation of Fraud Dashboard,Data Office,,,DO - Vanguard,DO - Vanguard,Asif Iftikhar,Sheldon Johnston,,,,,,,,1,Vanguard Demands (Data Office),High,"Engineering, Architecture, DataScience, Vanguard, Reporting","Squad Vanguard, BAU - Funding, Demands - BAU, DO Q4 Vanguard Planning, DO FY27 Q1 Vanguard Planning",DA-1033,Selected for Development,,,,0,0,1,0,2,0,0,2,,,Could Have,Large (4 - 6 weeks),NA,DMND0003640,Risk,,,
Epic,DMND0003754 - Data Engineering  - Create Dimensional Model for Dashboard,Data Office,,,DO - Engineering Practice,DO - Vanguard,Atul Sharma,Sheldon Johnston,,,,,,,,1,Vanguard Demands (Data Office),High,"Engineering, Vanguard","Squad Vanguard, BAU - Funding, Demands - BAU, DO Q4 Vanguard Planning",DA-1074,Selected for Development,,,,0,0,1,0,1,0,0,1,,,,Medium (2 - 4 weeks),NA,DMND0003754,Risk,,,Risk Management
Epic,DMND0003060 Extraction of TPR Case Data - Manual/Auto,Data Office,,,,DO - Gemba,,Sheldon Johnston,,,,,,,,,Lead Data inc. TPR,High,"Engineering, Gemba","Squad Gemba, BAU - Funding, Demands - BAU",DA-1115,Elaboration,,,,0,0,0,0,0,0,0,0,,,,Small (< 2 weeks),NA,DMND0003060,Marketing,,,
Epic,DMND0003523 eQuote Used Vehicle Power BI Dashboards,Data Office,,,DO - DataCruiser,DO - Gemba,,Anette Hon,,,,,,,,,Gemba Demands (Data Office),High,Gemba,"Squad Gemba, BAU - Funding, Demands - BAU",DA-1768,Selected for Development,,,,0,0,0,50,1,0,1,2,,,,Small (< 2 weeks),,DMND0003523,Dealer Distribution & Market & Partner,,,
Epic,DMND0003319 AssetType dimension re-build in dimensional data warehouse,Data Office,,,,,,Sheldon Johnston,,,,,,,,5,,Medium,Engineering,,DA-1114,Backlog,,,,0,0,5,0,0,0,0,0,,,,Medium (2 - 4 weeks),,DMND0003319,,,,
Epic,DMND0003906 Retail Application Scorecard Daily Data Integrity Check,Data Office,,,,DO - Vanguard,Bindu Baddepudi,Anette Hon,,,,,,,,,Vanguard Demands (Data Office),Medium,Vanguard,"Squad Vanguard, BAU - Funding, Demands - BAU, DO Q4 Vanguard Planning",DA-1916,Elaboration,,,,0,0,0,0,0,0,0,0,,,,Large (4 - 6 weeks),,DMND0003906,Risk,,,Risk Management
Epic,DMND0003639 AccountGB for Alfa,Data Office,,,DO - Vanguard,DO - Vanguard,Bindu Baddepudi,Sheldon Johnston,,,,,,,,1,Vanguard Demands (Data Office),Medium,"Engineering, Vanguard","Squad Vanguard, BAU - Funding, Demands - BAU, DO Q4 Vanguard Planning",DA-1035,Selected for Development,,,,0,0,1,0,2,0,0,2,,,,Small (< 2 weeks),NA,DMND0003639,Risk,,,
Epic,DMND0003644 Automation of Fraud Data Reports,Data Office,,,,DO - Vanguard,Bindu Baddepudi,Anette Hon,,,,,,,,1,Vanguard Demands (Data Office),Medium,Vanguard,"Squad Vanguard, BAU - Funding, Demands - BAU, DO Q4 Vanguard Planning",DA-1242,Elaboration,,,,0,0,1,0,0,0,0,0,,,,X-Large (> 6 weeks),NA,DMND0003644,Risk,,,Risk Management
Epic,"DMND0003285 TFAL/AAAF (Lending Licence) field is MISSING in DIM.Customer, must be added",Data Office,,,,,,Sheldon Johnston,,,,,,,,1,IT and Data Office Demands,High,,"Squad Gemba, Squad COPS, BAU - Funding, Demands - BAU, DO Q4 Gemba Planning",DA-1126,Blocked,,,,50,1,1,100,0,0,1,1,,,Must Have,Small (< 2 weeks),NA,DMND0003285,IT,,,
Epic,DMND0003937 Pricing data migration to EDMP,Data Office,,,DO - MPD - Pricing and Analytics,DO - MPD - Pricing and Analytics,Philip Troop,Anette Hon,,,,,,,,,RFI Migration,Highest,Gemba,"Squad Gemba, Project - Funding, RFI Migration - CC, DO Q4 Gemba Planning, Squad MPD",DA-2033,Elaboration,,,,0,0,0,35.71,2,7,5,14,,,,Large (4 - 6 weeks),,DMND0003937,Dealer Distribution & Market & Partner,,,
Epic,DMND0003785 Changes to live_Semantic.Rfi_data_finance_application_view,Data Office,,,DO - MPD - Pricing and Analytics,DO - MPD - Pricing and Analytics,Asif Iftikhar,Sheldon Johnston,"RFI Migration Christmas Sprint, RFI Migration FY26 Q4 S3",,,,24-Feb-26,,1,1,RFI Migration,High,Gemba,"Squad Gemba, Project - Funding, RFI Migration - CC, Squad MPD",DA-66,Done,,,,50,1,1,0,2,1,0,3,19-Dec-25,,,Medium (2 - 4 weeks),NA,DMND0003785,Dealer Distribution & Market & Partner,,,
Epic,DMND0003896 KINTO vehicle best disposal timing predictive model,Data Office,,,DO - Vanguard,DO - Vanguard,David Qi,Anette Hon,,,,,,,3,,Vanguard Demands (Data Office),Medium,Vanguard,"Squad Vanguard, BAU - Funding, Demands - BAU, DO Q4 Vanguard Planning, DO FY27 Q1 Vanguard Planning",DA-1756,Elaboration,,,,0,0,3,0,5,0,0,5,,,Should Have,Large (4 - 6 weeks),,DMND0003896,Kinto,,,
Epic,DMND0003602 Data Science - KINTO Customer segment update,Data Office,,,"DO - COPS, DO - DataCruiser, DO - Vanguard",DO - Vanguard,Parul Oberai,Sheldon Johnston,"Vanguard FY26-Q4-S1, Vanguard FY26-Q4-S3, Vanguard FY26-Q4-S4, Vanguard FY26-Q4-S5, Vanguard Quarter 3 Sprint 5",,,,25-Mar-26,,9,1,Vanguard Demands (Data Office),High,"Engineering, Vanguard","Squad Vanguard, BAU - Funding, Demands - BAU, DO Q4 Vanguard Planning",DA-1108,In Progress,,,,70.97,22,9,53.85,4,2,7,13,25-Nov-25,,,Large (4 - 6 weeks),,DMND0003602,Kinto,,,
Epic,DMND0003660 Fleet receivable balances at contract level report,Data Office,,,,DO - DataCruiser,Philip Troop,Philip Troop,,,,,,,,,DataCruiser Demands (Data Office),High,,"Squad DataCruiser, DO Q4 DataCruiser Planning",DA-5071,Backlog,,,,0,0,0,0,0,0,0,0,,,Must Have,Medium (2 - 4 weeks),,DMND0003660,Corporate,,,Corporate Services
Epic,DMND0003989 sandpit_fleet YML Ingestion,Data Office,,,,DO - DataCruiser,Matthew Falia,Anette Hon,,,,,,,,,DataCruiser Demands (Data Office),Medium,DataCruiser,"Squad DataCruiser, BAU - Funding, Demands - BAU, DO Q4 DataCruiser Planning",DA-2308,Elaboration,,,,0,0,0,0,0,0,0,0,,,Should Have,Large (4 - 6 weeks),,DMND0003989,TFM,,,
Epic,DMND0003169 - Alchemy Post go live expiry date population,Data Office,,,DO - COPS,DO - COPS,,Sheldon Johnston,,,,,,,,1,COPS Customer Ops Perf Squad Demands,Lowest,"COPS, Engineering","Squad COPS, BAU - Funding, Demands - BAU",DA-1088,Backlog,,,,0,0,1,0,1,0,0,1,,,,Medium (2 - 4 weeks),NA,DMND0003169,,,,Operations
Epic,DMND0003289 New Kaizen portal reporting requirement,Data Office,,,,DO - Vanguard,,Sheldon Johnston,,,,,,,,1,Vanguard Demands (Data Office),High,"Engineering, Vanguard","Squad Vanguard, BAU - Funding, Demands - BAU",DA-1095,Elaboration,,,,0,0,1,0,0,0,0,0,,,,Large (4 - 6 weeks),NA,DMND0003289,Strategy,,,
Epic,DMND0003690 - Enterprise Loyalty Metric - Lead/Lag Data Analysis,Data Office,,,,DO - COPS,,Sheldon Johnston,,,,,,,,1,COPS Customer Ops Perf Squad Demands,Lowest,"COPS, Engineering","Squad COPS, BAU - Funding, Demands - BAU",DA-1021,Elaboration,,,,0,0,1,0,0,0,0,0,,,,Large (4 - 6 weeks),NA,DMND0003690,,,,Operations
Epic,DMND0003619 Monthly Losses Fix in EDMP,Data Office,,,,,,Anette Hon,,,,,,,,1,IT and Data Office Demands,Medium,,"Squad Vanguard, BAU - Funding, Demands - BAU, DO Q4 Vanguard Planning",DA-1241,Elaboration,,,,0,0,1,0,0,0,0,0,,,,Small (< 2 weeks),NA,DMND0003619,IT,,,
Epic,"DMND0003110 SPLIT Buildmaterial table in TWO ‚Ä¢ ARCHIVAL 2001-2021, and ‚Ä¢ CURRENT 2022-present",Data Office,,,,DO - Gemba,,Sheldon Johnston,,,,,,,,1,Validate accuracy of NVIC and VIN assigned to Quote/Application,High,"Engineering, Gemba","Squad Gemba, BAU - Funding, Demands - BAU",DA-1060,Elaboration,,,,0,0,1,0,0,0,0,0,,,,Medium (2 - 4 weeks),NA,DMND0003110,Marketing,,,
Epic,DMND0003295 Integrate Google Analytics into Microsoft Azure platform via Incubeta (3rd party),Data Office,,,,DO - Gemba,,Sheldon Johnston,,,,,,,,1,Gemba Demands (Data Office),High,"Engineering, Gemba","Squad Gemba, BAU - Funding, Demands - BAU",DA-1091,Elaboration,,,,0,0,1,0,0,0,0,0,,,,Large (4 - 6 weeks),NA,DMND0003295,Marketing,,,
Epic,DMND0003755 DIM.APPACC : Bureau utilised for credit decision,Data Office,,,,DO - Vanguard,,Sheldon Johnston,,,,,,,,1,Vanguard Demands (Data Office),Medium,"Engineering, Vanguard","Squad Vanguard, BAU - Funding, Demands - BAU, DO Q4 Vanguard Planning",DA-1075,Elaboration,,,,0,0,1,0,0,0,0,0,,,,Small (< 2 weeks),NA,DMND0003755,Risk,,,
Epic,DMND0003379 Wholesale Stock Audit Score Dashboard,Data Office,,,,DO - Vanguard,,Anette Hon,,,,,,,,,Vanguard Demands (Data Office),Medium,Vanguard,"Squad Vanguard, BAU - Funding, Demands - BAU, DO Q4 Vanguard Planning",DA-1723,Elaboration,,,,0,0,0,0,0,0,0,0,,,,Medium (2 - 4 weeks),,DMND0003379,Risk,,,
Epic,DMND0003882 Automate monthly RV extenal data upload,Data Office,,,DO - DataCruiser,DO - Vanguard,Bindu Baddepudi,Anette Hon,,,,,,,,,Vanguard Demands (Data Office),Medium,Vanguard,"Squad Vanguard, BAU - Funding, Demands - BAU, DO Q4 Vanguard Planning",DA-1755,Elaboration,,,,0,0,0,0,1,0,0,1,,,,Medium (2 - 4 weeks),,DMND0003882,Risk,,,
Epic,DMND0003872 Pipeline to put NPS customer journey data and model into Production,Data Office,,,DO - Vanguard,DO - Vanguard,Alan Zhu,Anette Hon,"TFA Kanban Board, Vanguard FY26-Q4-S1, Vanguard FY26-Q4-S3, Vanguard FY26-Q4-S4, Vanguard FY26-Q4-S5",,,,25-Mar-26,,30,,Gemba Demands (Data Office),Medium,Vanguard,"Squad Vanguard, BAU - Funding, Demands - BAU, Data Science - Practice, DO Q4 Vanguard Planning",DA-1625,In Progress,,,,48.98,24,25,40,8,4,8,20,,,Should Have,,Data Science,DMND0003872,Dealer Distribution & Market & Partner,,,
Epic,DMND0003876 Migrate FinAvE R pipeline to DSci cluster in Databricks ,Data Office,,,,,,Anette Hon,,,,,,,,,IT and Data Office Demands,Medium,,"BAU - Funding, Demands - BAU",DA-1626,Backlog,,,,0,0,0,0,0,1,0,1,,,,,,DMND0003876,Data,,,
Epic,DMND0003878 CCR-MB RBP model Refresh,Data Office,,,"DO - Gemba, DO - DataCruiser",DO - Gemba,Chuhan Wu,Anette Hon,"DataCruiser FY26-Q4-S3, DataCruiser FY26-Q4-S4, Gemba FY26-Q4-IP, Gemba FY26-Q4-S3, Gemba FY26-Q4-S4, Gemba FY26-Q4-S5, Gemba FY27-Q1-S1",,,,15-Apr-26,,42,,Comprehensive Credit Reporting & Multi Bureau (CCR-MB),Medium,Gemba,"Squad Gemba, Project - Funding, CCRMB 100 - CC, BI & Analytics - Practice, DO Q4 Gemba Planning",DA-1628,Backlog,,,,77.32,75,22,71.43,9,1,25,35,12-Feb-26,,Must Have,Medium (2 - 4 weeks),,DMND0003878,Data,,,
Epic,DMND0002981 New 'Retail Vehicle Sale' Flag in Vehicle Sales Data,Data Office,,,,DO - Gemba,Anette Hon,Sheldon Johnston,,,,,,,,1,Preferred Enterprise Dataset - Vehicle Canonical,Medium,"Engineering, Gemba","Squad Gemba, BAU - Funding, Demands - BAU",DA-1028,Elaboration,,,,0,0,1,0,0,0,0,0,,,,Small (< 2 weeks),NA,DMND0002981,Dealer Distribution & Market & Partner,,,
Epic,"DMND0003902 Technology Risk, Issue, Compliance and Policies Dashboard",Data Office,,,,DO - Vanguard,,Anette Hon,,,,,,,,,IT and Data Office Demands,High,,"BAU - Funding, Demands - BAU",DA-1777,Elaboration,,,,0,0,0,0,0,0,0,0,,,,Medium (2 - 4 weeks),,DMND0003902,IT,,,
Epic,DMND0003068 Merge Business Manager data from all sources into mdm.Agent and DIM.Agent,Data Office,,,DO - COPS,DO - COPS,,Sheldon Johnston,,,,,,,,,IT and Data Office Demands,Medium,"COPS, Engineering","Squad COPS, BAU - Funding, Demands - BAU",DA-1070,Elaboration,,,,0,0,0,0,2,0,0,2,,,,Medium (2 - 4 weeks),,DMND0003068,IT,,,
Epic,DMND0003491 ADICA Insurance Customer Data Ingestion,Data Office,,,,,Daniel Wade,Sheldon Johnston,,,,,,,1,1,IT and Data Office Demands,Highest,"Engineering, Gemba","Squad Gemba, BAU - Funding, Demands - BAU",DA-1064,Blocked,,,,0,0,2,0,1,0,0,1,,,,Large (4 - 6 weeks),NA,DMND0003491,Data,,,
Epic,DMND0004016 Add missing fields for EWI product in tfaap_dim_insurance,Data Office,,,,,,Sheldon Johnston,,,,,,,,1,IT and Data Office Demands,High,"Engineering, Gemba","Squad Gemba, BAU - Funding, Demands - BAU",DA-1085,Backlog,,,,0,0,1,0,0,0,0,0,,,,Small (< 2 weeks),NA,DMND0004016,IT,,,
Epic,DMND0003967 Wrong Repayment Frequency in TFAAP.DIM.Application (PRB0042016),Data Office,,,,DO - COPS,,Sheldon Johnston,,,,,,,,1,IT and Data Office Demands,Medium,"COPS, Engineering","Squad COPS, BAU - Funding, Demands - BAU",DA-1106,Elaboration,,,,0,0,1,0,0,0,0,0,,,,Small (< 2 weeks),NA,DMND0003967,Data,,,
Epic,DMND0003293 - DocIntel deletion,Data Office,,,,,Asif Iftikhar,Sheldon Johnston,,,,,,,,1,,Lowest,Engineering,,DA-1073,Backlog,,,,0,0,1,0,0,0,0,0,,,,Large (4 - 6 weeks),Data Architecture,,,,,Operations
Epic,DMND0003134 KINTO Customer Segmentation - Data Science Model,Data Office,,,,DO - Vanguard,,Sheldon Johnston,,,,,,,,1,Kinto,Medium,"Engineering, Vanguard","Squad Vanguard, BAU - Funding, Demands - BAU",DA-1077,Elaboration,,,,0,0,1,0,0,0,0,0,,,,Small (< 2 weeks),NA,DMND0003134,Data,,,
Epic,Transition work due to UC upgrade,Data Office,,,,DO - Data Science Practice,,Kevin Cheng,,,,,,,,,,Medium,,DO Q4 Data Science Practice Planning,DA-3994,Backlog,,,,0,0,0,0,0,0,0,0,,,Must Have,,,,,,,
Epic,Transition work from AUPAnalytics02 decommissioning,Data Office,,,,DO - Data Science Practice,,Kevin Cheng,,,,,,,,,Legacy Decommissioning (SAS & AUPANALYTICS02),Medium,,DO Q4 Data Science Practice Planning,DA-4191,Backlog,,,,0,0,0,0,0,0,0,0,,,Must Have,,,,,,,
Epic,DMND0002969 Finance paid out report to ADICA,Data Office,,,,DO - Gemba,,Sheldon Johnston,,,,,,,,1,Gemba Demands (Data Office),High,"Engineering, Gemba","Squad Gemba, BAU - Funding, Demands - BAU",DA-1058,Elaboration,,,,0,0,1,0,0,0,0,0,,,,Large (4 - 6 weeks),NA,DMND0002969,Dealer Distribution & Market & Partner,,,
Epic,DMND0003329 Pega-EDMP Reporting Enhancement Initiative,Data Office,,,,,,Sheldon Johnston,,,,,,,,1,IT and Data Office Demands,Medium,"Engineering, Gemba","Squad Gemba, BAU - Funding, Demands - BAU",DA-1081,Elaboration,,,,0,0,1,0,0,0,0,0,,,,X-Large (> 6 weeks),NA,DMND0003329,IT,,,
Epic,DMND0003783 OneToyota Onboarding CRM Campaign,Data Office,,,,DO - Gemba,,Sheldon Johnston,,,,,,,,1,Gemba Demands (Data Office),Medium,"Engineering, Gemba","Squad Gemba, BAU - Funding, Demands - BAU",DA-1087,Backlog,,,,0,0,1,0,0,0,0,0,,,,,NA,DMND0003783,Dealer Distribution & Market & Partner,,,
Epic,OPEX Review- Annual BAU,Data Office,,,DO - Vanguard,DO - Vanguard,Alan Zhu,Parul Oberai,"Vanguard FY26-Q4-S1, Vanguard FY26-Q4-S3, Vanguard FY26-Q4-S4, Vanguard Quarter 3 Sprint 5",TFA Kanban Board [COMPLETED],,,,,6,1,Data Science BAU Work,Medium,"BAU, DataScience, Vanguard","Squad Vanguard, BAU - Funding, Data Science - Practice, Other - BAU, DO FY27 Q1 Vanguard Planning",DA-145,Backlog,,,,77.27,17,5,70,3,0,7,10,,1-Jul-24,Must Have,,Data Science,,,,,
Epic,Data Integrity for RBP,Data Office,,,,DO - Data Science Practice,Alan Zhu,Parul Oberai,,TFA Kanban Board [COMPLETED],,,,,,1,Comprehensive Credit Reporting & Multi Bureau (CCR-MB),Medium,"DataScience, Vanguard, Hoshin","Squad Gemba, Project - Funding, CCRMB 100 - CC, BI & Analytics - Practice, DO Q4 Gemba Planning",DA-172,Backlog,,,,83.33,5,1,66.67,1,0,2,3,,1-Apr-24,Must Have,,Data Science,,,,,
Epic,DMND0003877 RBP model simplification/redevelopment,Data Office,,,"DO - Gemba, DO - Data Science Practice",DO - Data Science Practice,Parul Oberai,Chuhan Wu,"Gemba FY26-Q4-S3, Gemba FY27-Q1-S1, Gemba FY27-Q1-S2, Gemba Q3S6",Gemba Q3S6 [COMPLETED] + Gemba Q3S5 [COMPLETED],,,,19-Dec-25,18,,IT and Data Office Demands,Medium,"Gemba, DataScience","Squad Gemba, BAU - Funding, Demands - BAU, Data Science - Practice, DO Q4 Gemba Planning, DO Q4 Data Science Practice Planning",DA-3040,In Progress,,,,68.97,20,9,71.43,2,0,5,7,,26-Nov-25,Must Have,X-Large (> 6 weeks),Data Science,DMND0003877,Data,,,Data Office
Epic,Customer 360 - single customer analytics & insights view ‚Äì POC view for customer loyalty and growth initiatives,Data Office,,,DO - COPS,DO - Data Science Practice,Kevin Cheng,David Qi,"COPS FY26-Q4-S2, COPS FY26-Q4-S3, COPS FY26-Q4-S4, COPS FY26-Q4-S5, COPS FY27-Q1-S2, COPS Practice Sprint",,,,29-Apr-26,,138,,Data Domain Continuous Delivery Features,High,COPS,"Squad COPS, Domain - Funding, Data Science - Practice, DO Q4 COPS Planning, DO Q4 Data Science Practice Planning",DA-1683,In Progress,,,,57.89,143,104,64.91,19,1,37,57,11-Sep-25,,Must Have,,Data Science,,,,,
Epic,HOSHIN: ML Flow Environment and Release,Data Office,,,"DO - COPS, DO - Vanguard",DO - Data Science Practice,David Qi,Anette Hon,"COPS Practice Sprint, Vanguard FY26-Q4-S3, Vanguard FY26-Q4-S4, Vanguard FY26-Q4-S5",,,,25-Mar-26,,8,,HOSHIN: Environment Standards & Release Process,Medium,,"Squad COPS, BAU - Funding, DO Q4 Data Science Practice Planning, Hoshin, Other - BAU",DA-2320,In Progress,,,,70,14,6,33.33,4,2,3,9,11-Sep-25,,Should Have,,,,,,,
Epic,Data Academy- Hoshin- FY 26,Data Office,,,DO - Gemba,DO - Data Science Practice,Parul Oberai,Parul Oberai,"DataCruiser FY26-Q4-S3, Gemba FY26-Q4-S5, Gemba Q3S3.1, Gemba Q3S4, Gemba Q3S5, Gemba Q3S6",TFA Kanban Board [COMPLETED],,,,31-Mar-25,13,5,IT and Data Office Demands,Medium,DataScience,"Squad Gemba, Data Science - Practice",DA-107,In Progress,,,,0,0,18,0,0,1,0,1,,,Should Have,,Data Science,,,,,
Epic,HOSHIN: AI and Gen-AI Environment and Release,Data Office,,,,DO - Data Science Practice,Chuhan Wu,David Qi,Gemba FY26-Q4-IP,,,,31-Mar-26,,3,,HOSHIN: Environment Standards & Release Process,Medium,"Gemba, DataScience","Squad Gemba, BAU - Funding, Data Science - Practice, DO Q4 Data Science Practice Planning, Hoshin",DA-2893,Backlog,,,,50,3,3,60,2,0,3,5,25-Mar-26,,Should Have,,Data Science,,,,,
Epic,DMND0003532 - POQ data solution for Operations,Data Office,,,DO - COPS,DO - COPS,,David Qi,,TFA Kanban Board [COMPLETED],,,,,2,1,COPS Customer Ops Perf Squad Demands,Lowest,"COPS, DataScience","Squad COPS, BAU - Funding, Demands - BAU, Data Science - Practice",DA-234,Selected for Development,,,,0,0,3,0,5,0,0,5,,20-Aug-24,,Medium (2 - 4 weeks),Data Science,DMND0003532,,,,Operations
Epic,DMND0003259 - Hardship Operational Reporting validation,Data Office,,,DO - COPS,DO - COPS,Sean Murray,Sheldon Johnston,COPS Practice Sprint,,,,28-Sep-25,,8,1,Hardship including CMT Remediation,Lowest,"COPS, Engineering","Squad COPS, BAU - Funding, Demands - BAU, DO Q4 COPS Planning",DA-1043,Selected for Development,,,,18.18,2,9,33.33,6,0,3,9,,,,Medium (2 - 4 weeks),NA,DMND0003259,,,,Operations
Epic,Identifying same customer across systems (Securitisation Phase 2),Data Office,,,DO - Vanguard,DO - Vanguard,Jyothi Bodasakurti,Ian Pang,Vanguard Quarter 3 Sprint 2,,,,,23-Sep-25,13,1,Securitisation Project (Data Office),Medium,Vanguard,"Squad Vanguard, Domain - Funding, Continuous Delivery (Data Dom) - CC",DA-1236,Selected for Development,,,,0,0,14,0,3,0,0,3,,17-Aug-25,,,NA,,,,,
Epic,DMND0003784 Map Identification from Quantum to EDMP,Data Office,,,,DO - Vanguard,,Sheldon Johnston,,,,,,,,1,Vanguard Demands (Data Office),Medium,"Engineering, Vanguard","Squad Vanguard, BAU - Funding, Demands - BAU",DA-1103,Elaboration,,,,0,0,1,0,0,0,0,0,,,,Medium (2 - 4 weeks),NA,DMND0003784,Risk,,,
Epic,DMND0001729 BranchCode missing from Pega-sourced Application data,Data Office,,,,DO - Vanguard,,Sheldon Johnston,,,,,,,,1,IT and Data Office Demands,Medium,"Engineering, Vanguard","Squad Vanguard, BAU - Funding, Demands - BAU",DA-1135,Blocked,,,,0,0,1,0,0,0,0,0,,,,Medium (2 - 4 weeks),NA,DMND0001729,IT,,,
Epic,DMND0003677 - Update tfaap_dim_agentqueueworkattributes,Data Office,,,,DO - COPS,,Sheldon Johnston,,,,,,,,1,COPS Customer Ops Perf Squad Demands,Lowest,"COPS, Engineering","Squad COPS, BAU - Funding, Demands - BAU",DA-1026,Backlog,,,,0,0,1,0,0,0,0,0,,,,,NA,DMND0003677,,,,Operations
Epic,DMND0003685 - NPS Welcome data,Data Office,,,,DO - COPS,,Sheldon Johnston,,,,,,,,1,COPS Customer Ops Perf Squad Demands,Lowest,"COPS, Engineering","Squad COPS, BAU - Funding, Demands - BAU",DA-1025,Elaboration,,,,0,0,1,0,0,0,0,0,,,,Medium (2 - 4 weeks),NA,DMND0003685,,,,Operations
Epic,DMND0003704 Reporting for Contact Centre following CCTS,Data Office,,,,DO - COPS,Pascal Marcello,Sheldon Johnston,,,,,,,,1,IT and Data Office Demands,Medium,"COPS, Engineering","Squad COPS, BAU - Funding, Demands - BAU, BI & Analytics - Practice",DA-1072,Backlog,,,,0,0,1,0,0,0,0,0,,,,,BI Reporting,DMND0003704,IT,,,
Epic,Platform: General Cleanup (placeholder / reoccuring),Data Office,,,,DO - Platform Practice,Nigel Leslie,Nigel Leslie,,,,,,,,,Incidents & Service Requests,Medium,Platform,"Squad Vanguard, BAU - Funding, Platform - Practice, DO Q4 Platform Practice Planning, Other - BAU",DA-1511,Backlog,,,,0,0,0,0,0,0,0,0,,,,,Platform,,,,,
Epic,DMND0003729 - Fee Waiver/Reversal Reporting ,Data Office,,,,DO - COPS,,Sheldon Johnston,,,,,,,,1,COPS Customer Ops Perf Squad Demands,Lowest,"COPS, Engineering","Squad COPS, BAU - Funding, Demands - BAU",DA-1083,Backlog,,,,0,0,1,0,0,0,0,0,,,,,NA,DMND0003729,,,,Operations
Epic,"DMND0003751 WFM Forecast: Headcount, FTE and Mediatype changes and improvements",Data Office,,,,DO - COPS,,Sheldon Johnston,,,,,,,,1,COPS Customer Ops Perf Squad Demands,Medium,"COPS, Engineering","Squad COPS, BAU - Funding, Demands - BAU",DA-1052,Backlog,,,,0,0,1,0,0,0,0,0,,,,,NA,DMND0003751,Operations,,,
Epic,DocIntel - Data Sharing and Specification,Data Office,,,DO - Architecture Practice,DO - Architecture Practice,Len Asprey,Sean Murray,,,,,,,,,DOCINTEL Collections and Libraries,Medium,"DGC, DocIntel","BAU - Funding, Governance - Practice, DO Q4 Architecture Practice Planning, Other - BAU",DA-1592,In Progress,,,,100,1,0,66.67,0,1,2,3,,,,Small (< 2 weeks),Data Architecture,,,,,
Epic,DocIntel - Data Sharing Agreements,Data Office,,,,DO - Architecture Practice,,Len Asprey,,,,,,,1,1,Document Management,Medium,,"BAU - Funding, Governance - Practice, Other - BAU",DA-98,Selected for Development,,,,0,0,2,0,0,1,0,1,,,,,NA,,,,,
Epic,AI Governance- Hoshin,Data Office,,,,DO - Gemba,Chuhan Wu,Chuhan Wu,,TFA Kanban Board [COMPLETED],,,,5-Sep-25,,1,Data Science BAU Work,Lowest,"parked, Gemba, DataScience","Squad Gemba, BAU - Funding, Data Science - Practice, Hoshin, Other - BAU",DA-222,Selected for Development,,,,50,1,1,100,0,0,1,1,,8-Dec-22,,,Data Science,,,,,
Epic,Streamline BAU (RBP reporting),Data Office,,,,DO - Vanguard,Alan Zhu,Alan Zhu,,,,,,,,,Data Science BAU Work,Medium,"DataScience, Vanguard","Squad Vanguard, BAU - Funding, Data Science - Practice, Other - BAU",DA-1549,Backlog,,,,0,0,0,0,0,0,0,0,,,Wont Have,,Data Science,,,,,
Epic,"DMND0003844 SAS Migration: ECL Scripts for Retail, Fleet and Wholesale",Data Office,,,,DO - Vanguard,,Anette Hon,,,,,,,,,Vanguard Demands (Data Office),Medium,Vanguard,"Squad Vanguard, BAU - Funding, Demands - BAU, DO Q4 Vanguard Planning",DA-1582,Elaboration,,,,0,0,0,0,0,0,0,0,,,,Large (4 - 6 weeks),NA,DMND0003844,Risk,,,
Epic,DMND0003847 EDMP Performance Enhancement for ControlDB Pipeline,Data Office,,,,,,Anette Hon,,,,,,,,,IT and Data Office Demands,Medium,,"BAU - Funding, Demands - BAU",DA-1583,Elaboration,,,,0,0,0,0,0,0,0,0,,,,Small (< 2 weeks),NA,DMND0003847,Data,,,
Epic,DMND0003848 Include Insurance Customer ,Data Office,,,,,,Anette Hon,,,,,,,,,IT and Data Office Demands,Medium,,"BAU - Funding, Demands - BAU",DA-1584,Backlog,,,,0,0,0,0,0,0,0,0,,,,,NA,DMND0003848,IT,,,
Epic,Data Management Standards and Policies,Data Office,,,DO - Architecture Practice,DO - Architecture Practice,Len Asprey,Sean Murray,,,,,31-Oct-25,,4,,Data Governance,Medium,,"BAU - Funding, Governance - Practice, Other - BAU",DA-1587,Backlog,,,,42.86,3,4,33.33,6,2,4,12,,,,,Data Architecture,,,,,
Epic,Data Management Working Group,Data Office,,,"Data Office, DO - Architecture Practice",DO - Architecture Practice,Len Asprey,Sean Murray,,,,,,,2,,Data Governance,Medium,,"BAU - Funding, Governance - Practice, Other - BAU",DA-1588,Backlog,,,,75,3,1,75,1,0,3,4,,,,,Data Architecture,,,,,
Epic,Data Management - Data Sharing Rules,Data Office,,,DO - Architecture Practice,DO - Architecture Practice,Len Asprey,Sean Murray,,,,,,,3,,Data Governance,Medium,,"BAU - Funding, Governance - Practice, Other - BAU",DA-1589,Backlog,,,,0,0,3,0,2,1,0,3,,,,,Data Architecture,,,,,
Epic,Data Management Frameworks,Data Office,,,DO - Architecture Practice,DO - Architecture Practice,,Sean Murray,,,,,,,1,,Data Governance,Medium,,"BAU - Funding, Data Architecture - Practice, Other - BAU",DA-1590,Backlog,,,,50,1,1,50,1,0,1,2,,,,,Data Architecture,,,,,
Epic,Securitisation Data Model and Specification,Data Office,,,,,,Sean Murray,,,,,,,1,,Securitisation Project (Data Office),Medium,,"Domain - Funding, Continuous Delivery (Data Dom) - CC, Data Architecture - Practice",DA-1591,Backlog,,,,0,0,1,0,1,0,0,1,,,,,Data Architecture,,,,,
Epic,PRB0042487 Delay in applications as a result of missing data from Experian. ,Data Office,,,DO - COPS,DO - COPS,Jyothi Bodasakurti,Anette Hon,"COPS FY26-Q4-S4, COPS FY26-Q4-S5",,,,25-Mar-26,,5,,Data Office Problem Tickets,Medium,"Gemba, Problem","Squad COPS, BAU - Funding, Incidents - BAU, DO FY27 Q1 Engineering Practice Planning",DA-1672,Elaboration,,,,0,0,5,0,0,1,0,1,26-Feb-26,,Must Have,,,PRB0042487,,,,
Epic,PRB0042488 Application output from Azure EDM is not reflecting incoming application amount from Experian. ,Data Office,,,,DO - Engineering Practice,Atul Sharma,Anette Hon,,,,,,,,,Data Office Problem Tickets,Medium,Problem,"BAU - Funding, Incidents - BAU",DA-1673,Elaboration,,,,0,0,0,0,0,0,0,0,,,Wont Have,,,PRB0042488,,,,
Epic,"PRB0042664 There are duplicates in the dimensions- dim.AppAuditDetails, dim.Quote, dim.Quoteapplicant. ",Data Office,,,,DO - Engineering Practice,Bhagyashree Shirvalkar,Anette Hon,,,,,,,,,Data Office Problem Tickets,Medium,Problem,"Squad COPS, BAU - Funding, Incidents - BAU, DO FY27 Q1 Engineering Practice Planning",DA-1674,Elaboration,,,,0,0,0,0,0,0,0,0,,,Must Have,,,PRB0042664,Data,,,
Epic,PRB0043046 QuantumLoadStagingTablesFromBIXExtract job is running for long time without progress,Data Office,,,,DO - Engineering Practice,Atul Sharma,Anette Hon,,,,,,,,,Data Office Problem Tickets,Medium,Problem,"BAU - Funding, Incidents - BAU",DA-1677,Elaboration,,,,0,0,0,0,0,0,0,0,,,Wont Have,,,PRB0043046,,,,
Epic,PRB0043238 ETL script failing - Affecting transformation of data for MyAccess user feed file,Data Office,,,,DO - COPS,Sant Ram,Anette Hon,,,,,,,,,Data Office Problem Tickets,Medium,"Problem, Vanguard","BAU - Funding, Incidents - BAU, DO FY27 Q1 Engineering Practice Planning",DA-1679,Elaboration,,,,0,0,0,0,0,0,0,0,,,Must Have,,,PRB0043238,,,,
Epic,Architecture Review Requests,Data Office,,,DO - BI & Analytics,DO - Architecture Practice,Len Asprey,Sean Murray,,,,,,,,,Data Governance,Medium,,"BAU - Funding, Data Architecture - Practice, Other - BAU",DA-1697,Backlog,,,,0,0,0,0,0,1,0,1,,,,,Data Architecture,,,,,
Epic,DGC Action: Data Sharing Agreements ,Data Office,,,DO - Architecture Practice,DO - Architecture Practice,Len Asprey,Anette Hon,,,,,,,,,Data Governance,Medium,DGC,"BAU - Funding, Governance - Practice, Other - BAU",DA-1736,Backlog,,,,0,0,0,33.33,2,0,1,3,,,,,,,,,,
Epic,DMND0003854 KINTO OYO geographic demand dashboard,Data Office,,,"DO - BI & Analytics, DO - Architecture Practice, DO - COPS, DO - Vanguard, DO - Engineering Practice",DO - Vanguard,,Anette Hon,,,,,,,15,,Vanguard Demands (Data Office),Medium,Vanguard,"Squad Vanguard, BAU - Funding, Demands - BAU, DO Q4 Vanguard Planning, DO FY27 Q1 Vanguard Planning",DA-1585,In Progress,,,,34.78,8,15,28.57,5,0,2,7,,,Could Have,Large (4 - 6 weeks),,DMND0003854,Kinto,,,
Epic,DMND0002173 EOC Retention-Error handling for TMCA OnRoadPrice & MaterialCode API information,Data Office,,,DO - COPS,DO - COPS,,Anette Hon,,,,,,,,,COPS Customer Ops Perf Squad Demands,Medium,COPS,"Squad COPS, BAU - Funding, Demands - BAU",DA-1759,Elaboration,,,,0,0,0,0,1,0,0,1,,,,Medium (2 - 4 weeks),,DMND0002173,Operations,,,
Epic,DMND0002928 External (Dealer+TMCA) Access to Power BI Service,Data Office,,,,DO - Gemba,,Anette Hon,,,,,,,,,Gemba Demands (Data Office),Medium,Gemba,"Squad Gemba, BAU - Funding, Demands - BAU",DA-1761,Elaboration,,,,0,0,0,0,0,0,0,0,,,,Large (4 - 6 weeks),,DMND0002928,Dealer Distribution & Market & Partner,,,
Epic,DMND0003591 - Additional Data in EDMP Reporting Tables for New Park Email Features,Data Office,,,,DO - COPS,,Anette Hon,,,,,,,,,COPS Customer Ops Perf Squad Demands,Lowest,COPS,"Squad COPS, BAU - Funding, Demands - BAU",DA-1770,Elaboration,,,,0,0,0,0,0,0,0,0,,,,Medium (2 - 4 weeks),,DMND0003591,,,,Operations
Epic,DMND0003862 Data Warehouse: Correction to Insurance PaymentMethod.Frequency transformation from TFASTAGE to TFAAP,Data Office,,,,,,Anette Hon,,,,,,,,,IT and Data Office Demands,Medium,,"BAU - Funding, Demands - BAU",DA-1773,Backlog,,,,0,0,0,0,0,0,0,0,,,,,,DMND0003862,IT,,,
Epic,DMND0003897 KINTO Pricing dashboard ‚Äì production & enhancemens,Data Office,,,"DO - COPS, DO - Vanguard",DO - Vanguard,David Qi,Anette Hon,,,,,,,8,,Vanguard Demands (Data Office),High,COPS,"Squad COPS, BAU - Funding, Demands - BAU, DO Q4 COPS Planning, DO FY27 Q1 Vanguard Planning",DA-1776,Backlog,,,,0,0,8,0,3,0,0,3,,2-Dec-25,Should Have,,,DMND0003897,Kinto,,,
Epic,Sox dr phase 0 (q1),Data Office,,,,DO - Platform Practice,Nigel Leslie,Greg Collocott,,,,,,,,,Ensure EDMP's Disaster Recovery is SOX compliant,Medium,,"Data - Domain, BAU - Funding, DO FY27 Q1 Vanguard Planning, DO FY27 Q1 Platform Practice Planning",DA-9327,Backlog,,,,0,0,0,0,0,0,0,0,,,Must Have,,,,,,,
Epic,DMND0003909 - WFM Campaign Performance & Management ‚Äì Overview ,Data Office,,,DO - COPS,DO - COPS,,Anette Hon,,,,,,,,,COPS Customer Ops Perf Squad Demands,Lowest,COPS,"Squad COPS, BAU - Funding, Demands - BAU",DA-1798,Elaboration,,,,0,0,0,0,1,0,0,1,,,,Large (4 - 6 weeks),,DMND0003909,,,,Operations
Epic,Include the Kinto Job's daily run status on DEMP Daily Dash board for Monitoring. ,Data Office,,,,DO - Vanguard,Himanshu Gahlot,Atul Sharma,,,,,,,,5,Pipeline Monitoring,Medium,"Engineering, Vanguard, Hoshin","Squad COPS, BAU - Funding, Engineering - Practice, Other - BAU",DA-1835,In Progress,,,,0,0,5,0,0,0,0,0,,,,,Engineering,,,,,
Epic,Test the EDMP Daily dashboard to capture the Daily pipeline failures. ,Data Office,,,,,Atul Sharma,Atul Sharma,,,,,,,,,Pipeline Monitoring,Medium,"Engineering, Hoshin","BAU - Funding, Engineering - Practice, Other - BAU",DA-1836,In Progress,,,,0,0,0,0,0,0,0,0,,,,,Engineering,,,,,
Epic,Gather SOX requirements,Data Office,,,Data Office,,Atul Sharma,Atul Sharma,,,,,,,3,,Pipeline Monitoring,Medium,"Engineering, Hoshin","BAU - Funding, Engineering - Practice, Other - BAU",DA-1838,In Progress,,,,0,0,3,0,1,0,0,1,,,,,Engineering,,,,,
Epic,Data Issue Management Process development,Data Office,,,"DO - Gemba, Data Office, DO - Vanguard",DO - Gemba,Brian Hurley,Brian Hurley,"Gemba Q3S3, Vanguard FY26-Q4-S5",,,,25-Mar-26,,7,,Data Quality Uplift,Medium,"Gemba, Hoshin","Squad Gemba, BAU - Funding, Governance - Practice, DO Q4 Data Office Planning, Other - BAU",DA-1841,In Progress,,,,12.5,1,7,40,3,0,2,5,29-Oct-25,,,,,,,,,
Epic,Implementation/Roll-out of DIMP and associated Data Issue Register,Data Office,,,,,Brian Hurley,Brian Hurley,,,,,,,,,Data Quality Uplift,Medium,"Gemba, Hoshin","Squad Gemba, BAU - Funding, Governance - Practice, DO Q4 Data Office Planning, Other - BAU",DA-1843,Backlog,,,,0,0,0,0,3,0,0,3,,,,,,,,,,
Epic,"Embed DIMP in governance activities (i.e. DSWG, DOCGs, DGC etc.) as primary vehicle for DQ Improvement",Data Office,,,,,Brian Hurley,Brian Hurley,,,,,,,,,Data Quality Uplift,Medium,"Gemba, Hoshin","Squad Gemba, BAU - Funding, Governance - Practice, DO Q4 Data Office Planning, Other - BAU",DA-1844,Backlog,,,,0,0,0,0,0,0,0,0,,,,,,,,,,
Epic,Monitor DIMP effectiveness through PDCA,Data Office,,,,,Brian Hurley,Brian Hurley,,,,,,,,,Data Quality Uplift,Medium,"Gemba, Hoshin","Squad Gemba, BAU - Funding, Governance - Practice, DO Q4 Data Office Planning, Other - BAU",DA-1845,Backlog,,,,0,0,0,0,0,0,0,0,,,,,,,,,,
Epic,MDM - Implement Brand / Tenant Segmentation,Data Office,,,DO - Architecture Practice,DO - DataCruiser,Len Asprey,Ihab Emam,,,,,,,,,Master Data Management (MDM),Medium,,"Data - Domain, Domain - Funding, Continuous Delivery (Data Dom) - CC, Data Architecture - Practice, DO Q4 DataCruiser Planning",DA-1856,Backlog,,,,0,0,0,0,6,0,0,6,,,Could Have,,Data Architecture,,,,,
Epic,Commence design of Vehicle Model,Data Office,,,,DO - Architecture Practice,Len Asprey,Ihab Emam,Gemba Practice Sprint,,,,24-Sep-25,,3,,Preferred Enterprise Dataset - Vehicle Canonical,Medium,"Gemba, Data_Architecture","Squad Gemba, Data - Domain, Domain - Funding, ODS Epic - CC, Data Architecture - Practice",DA-1857,Backlog,,,,40,2,3,23.53,12,1,4,17,10-Sep-25,,,,Data Architecture,,,,,
Epic,Obtain approval for vehicle model,Data Office,,,,DO - Architecture Practice,Len Asprey,Ihab Emam,,,,,,,,,Preferred Enterprise Dataset - Vehicle Canonical,Medium,,"Data - Domain, Domain - Funding, ODS Epic - CC, Data Architecture - Practice, DO Q4 Architecture Practice Planning",DA-1859,Backlog,,,,0,0,0,0,0,0,0,0,,,,,,,,,,
Epic,Deploy the approved vehicle reference data model,Data Office,,,,DO - Architecture Practice,Len Asprey,Ihab Emam,,,,,,,,,Preferred Enterprise Dataset - Vehicle Canonical,Medium,,"Data - Domain, Domain - Funding, ODS Epic - CC",DA-1860,Backlog,,,,0,0,0,0,0,0,0,0,,,,,,,,,,
Epic,DMND0003916 Daily Survey Data files for EDMP Ingestion - New survey feeds,Data Office,,,,DO - Gemba,,Anette Hon,,,,,,,,,Gemba Demands (Data Office),Medium,Gemba,"Squad Gemba, BAU - Funding, Demands - BAU, DO Q4 Gemba Planning",DA-1912,Backlog,,,,0,0,0,0,0,0,0,0,,,,Medium (2 - 4 weeks),,DMND0003916,Dealer Distribution & Market & Partner,,,Market & Partner Development
Epic,DMND0003915 MonthlyLosses Redesign Approach,Data Office,,,,,,Anette Hon,,,,,,,,,IT and Data Office Demands,Medium,,"BAU - Funding, Demands - BAU",DA-1913,Backlog,,,,0,0,0,0,0,0,0,0,,,,,,DMND0003915,IT,,,
Epic,DMND0003912 - Customer Resolutions SME Control Checks - Complaints,Data Office,,,,DO - COPS,,Anette Hon,,,,,,,,,COPS Customer Ops Perf Squad Demands,Lowest,COPS,"Squad COPS, BAU - Funding, Demands - BAU",DA-1915,Elaboration,,,,0,0,0,0,0,0,0,0,,,,Small (< 2 weeks),,DMND0003912,,,,Operations
Epic,DMND0003933 Fix live_conformed.match_tpr_quantum_data ,Data Office,,,,DO - MPD - Pricing and Analytics,Anju Unnithan,Anette Hon,,,,,,,,,RFI Migration,Medium,Gemba,"Squad Gemba, Project - Funding, RFI Migration - CC, Squad MPD",DA-2023,Elaboration,,,,0,0,0,0,0,0,0,0,,,,Medium (2 - 4 weeks),,DMND0003933,Dealer Distribution & Market & Partner,,,
Epic,DMND0003944 remove below records in live_conformed.rfi_commission_pb,Data Office,,,,DO - MPD - Pricing and Analytics,Anju Unnithan,Anette Hon,,,,,,,,,RFI Reporting Enhancements,Medium,Gemba,"Squad Gemba, Project - Funding, RFI Migration - CC, Squad MPD",DA-2026,Elaboration,,,,0,0,0,0,0,0,0,0,,,,Small (< 2 weeks),,DMND0003944,Dealer Distribution & Market & Partner,,,
Epic,Data Office WoW,Data Office,,,"DO - COPS, DO - DataCruiser, DO - Vanguard",,Mark Pavkovic,Mark Pavkovic,"COPS FY26-Q4-S3, DataCruiser FY26-Q4-S3, DataCruiser FY26-Q4-S4, Vanguard FY26-Q4-S3",,,,11-Mar-26,,8,,Data Office Ways of Working,Medium,"Team3, WOW","BAU - Funding, Other - BAU",DA-2031,Backlog,,,,44.44,4,5,47.62,11,0,10,21,12-Feb-26,,,,,,,,,
Epic,DMND0003936 Add Fleets products data to the existing views in RFnI space,Data Office,,,"DO - DataCruiser, DO - MPD - Pricing and Analytics",DO - DataCruiser,Jack Cheng,Anette Hon,"DataCruiser Q3S4, DataCruiser Q3S5",,,,10-Dec-25,,16,,RFI Migration,Medium,"DataCruiser, Engineering","Project - Funding, RFI Migration - CC, Engineering - Practice, DO Q3 Planned, Squad MPD",DA-2032,Elaboration,,,,0,0,16,0,4,1,0,5,12-Nov-25,,,Large (4 - 6 weeks),Engineering,DMND0003936,Dealer Distribution & Market & Partner,,,Market & Partner Development
Epic,DMND0003940 RBP WO Model-Summary,Data Office,,,,,,Anette Hon,,,,,,,,,IT and Data Office Demands,Medium,,"BAU - Funding, Demands - BAU",DA-2035,Elaboration,,,,0,0,0,0,0,0,0,0,,,,Large (4 - 6 weeks),,DMND0003940,Data,,,
Epic,Commence design of Product Model,Data Office,,,,DO - Architecture Practice,Len Asprey,Geoffrey Soh,,,,,,,,,Preferred Enterprise Dataset - Product Canonical,Medium,,"Data - Domain, Domain - Funding, ODS Epic - CC",DA-2053,Backlog,,,,0,0,0,0,4,0,0,4,,,,,,,,,,
Epic,RFI Migration: Prepare solution options and estimate to complete the Epic as a whole,Data Office,,,DO - MPD - Pricing and Analytics,DO - MPD - Pricing and Analytics,Anju Unnithan,Anette Hon,,,,,,,,,RFI Reporting Enhancements,Medium,Gemba,"Project - Funding, RFI Migration - CC, Squad MPD",DA-2153,Selected for Development,,,,100,5,0,83.33,1,0,5,6,,,,,,,,,,
Epic,CDR Initiation Phase - Data Architecture Support & Analysis,Data Office,,,DO - DataCruiser,DO - Vanguard,Ihab Emam,Geoffrey Soh,DataCruiser Q3S3,,,,12-Nov-25,,3,,Consumer Data Rights CDR Project,Medium,"Data_Architecture, Vanguard","Squad Vanguard, Project - Funding, CDR - CC, DO Q3 Planned",DA-2189,In Progress,,,,87.5,21,3,60,0,2,3,5,29-Oct-25,,Must Have,,Data Architecture,,,,,
Epic,CDR Planning Phase - Detailed Analysis,Data Office,,,"DO - DataCruiser, DO - Vanguard",DO - Vanguard,Brian Hurley,Geoffrey Soh,"DataCruiser Q3S6, Vanguard FY26-Q4-S3, Vanguard FY26-Q4-S4, Vanguard FY26-Q4-S5",,,,25-Mar-26,,26,,Consumer Data Rights CDR Project,Medium,"Data_Architecture, Vanguard","Squad Vanguard, Project - Funding, CDR - CC",DA-2192,Ready for CAB,,,,30.77,8,18,33.33,0,4,2,6,10-Dec-25,,,,,,,,,
Epic,DMND0004042 Improve Kinto Warranty invoices automation,Data Office,,,,DO - Vanguard,,Anette Hon,,,,,,,,,Vanguard Demands (Data Office),Medium,Vanguard,"Squad Vanguard, BAU - Funding, Demands - BAU, DO Q4 Vanguard Planning",DA-2698,Elaboration,,,,0,0,0,0,0,0,0,0,,,,Large (4 - 6 weeks),,DMND0004042,Kinto,,,Market & Partner Development
Epic,Design user access control solution,Data Office,,,,Data Office,,Kevin Cheng,,,,,,,,,Data Access Controls,Medium,,"BAU - Funding, Hoshin, Other - BAU",DA-2218,In Progress,,,,0,0,0,33.33,3,1,2,6,,,,,,,,,,
Epic,Implement user access control solution,Data Office,,,,DO - Vanguard,,Kevin Cheng,,,,,,,,,Data Access Controls,Medium,,"BAU - Funding, Hoshin, Other - BAU",DA-2219,Backlog,,,,0,0,0,0,2,0,0,2,,,,,,,,,,
Epic,PDCA user access control solution,Data Office,,,,Data Office,,Kevin Cheng,,,,,,,,,Data Access Controls,Medium,,"BAU - Funding, Hoshin, Other - BAU",DA-2220,Backlog,,,,0,0,0,0,3,0,0,3,,,,,,,,,,
Epic,DMND0003959 Deploy table- rfi_manual_target_bsc from (conformed db (live_conformed)and view - rfi_data_summary_targets(rfipit_conformed)  to the semantic.db (live_Semantic),Data Office,,,,DO - MPD - Pricing and Analytics,Anju Unnithan,Anette Hon,,,,,,,,,RFI Reporting Enhancements,Medium,Gemba,"Squad Gemba, Project - Funding, RFI Migration - CC, Squad MPD",DA-2277,Elaboration,,,,0,0,0,0,0,0,0,0,,,,Large (4 - 6 weeks),,DMND0003959,Dealer Distribution & Market & Partner,,,
Epic,DMND0003980 - Agents Productivity Performance Analysis,Data Office,,,,DO - COPS,Asif Iftikhar,Anette Hon,,,,,,,,,IT and Data Office Demands,Lowest,,"BAU - Funding, Demands - BAU",DA-2305,Elaboration,,,,0,0,0,0,0,0,0,0,,,,Medium (2 - 4 weeks),,DMND0003980,Data,,,Operations
Epic,DMND0003987 Implement logic to distinguish between:  Dealer-written contracts and Broker-originated contracts (even if settled through TFM),Data Office,,,,DO - MPD - Pricing and Analytics,Anju Unnithan,Anette Hon,,,,,,,,,RFI Reporting Enhancements,Medium,Gemba,"Squad Gemba, Project - Funding, RFI Migration - CC, Squad MPD",DA-2309,Elaboration,,,,0,0,0,100,0,0,1,1,,,,Medium (2 - 4 weeks),,DMND0003987,Dealer Distribution & Market & Partner,,,
Epic,HOSHIN: BI and Reporting Environment and Release,Data Office,,,,DO - BI & Analytics,Mark Davis,Philip Troop,,,,,,,,,HOSHIN: Environment Standards & Release Process,High,,"BAU - Funding, BI & Analytics - Practice, DO Q4 BI & Analytics Practice Planning, Hoshin, Other - BAU",DA-2408,Backlog,,,,0,0,0,0,7,0,0,7,,,Should Have,,,,,,,
Epic,HOSHIN: Platform Engineering Environment and Release,Data Office,,,DO - Vanguard,DO - Platform Practice,Nigel Leslie,David Qi,"COPS FY26-Q4-S3, Vanguard FY26-Q4-S2, Vanguard FY26-Q4-S3, Vanguard FY26-Q4-S4, Vanguard FY26-Q4-S5",,,,,14-May-26,18,,HOSHIN: Environment Standards & Release Process,High,,"BAU - Funding, DO Q4 Platform Practice Planning, Hoshin, Other - BAU",DA-2321,Blocked,,,,78.26,18,5,66.67,1,0,2,3,,20-Mar-26,Must Have,,,,,,,
Epic,DMND0003995 Single customer analytics & insights summary table ‚Äì foundational view for customer loyalty and growth initiatives,Data Office,,,,,,Anette Hon,,,,,,,,,IT and Data Office Demands,Medium,,"BAU - Funding, Demands - BAU",DA-2373,Backlog,,,,0,0,0,0,0,0,0,0,,,,,,DMND0003995,Data,,,
Epic,DMND0004010 Update rfi_rbp_log_prod table in EDMP,Data Office,,,,DO - MPD - Pricing and Analytics,Anju Unnithan,Anette Hon,,,,,,,,,RFI Reporting Enhancements,Medium,Gemba,"Squad Gemba, Project - Funding, RFI Migration - CC, Squad MPD",DA-2377,Elaboration,,,,0,0,0,0,0,0,0,0,,,,Small (< 2 weeks),,DMND0004010,Dealer Distribution & Market & Partner,,,
Epic,DMND0004005 - Hardship TTA Metric - Repeat Hardship Drill Through Data,Data Office,,,"DO - COPS, DO - Vanguard",DO - Vanguard,Benjamin Tee,Anette Hon,Vanguard Quarter 3 Sprint 2,,,,28-Oct-25,,18,,COPS Customer Ops Perf Squad Demands,Lowest,Vanguard,"Squad Vanguard, BAU - Funding, Demands - BAU",DA-2380,Elaboration,,,,0,0,18,0,3,0,0,3,15-Oct-25,,Should Have,Large (4 - 6 weeks),,DMND0004005,,,,Operations
Epic,DMND0003999 CCTS Historical Data,Data Office,,,DO - COPS,DO - COPS,Pascal Marcello,Anette Hon,,,,,,,9,,IT and Data Office Demands,Medium,COPS,"Squad COPS, BAU - Funding, Demands - BAU, BI & Analytics - Practice",DA-2382,Backlog,,,,0,0,9,0,2,0,0,2,,,,Large (4 - 6 weeks),BI Reporting,DMND0003999,,,,Operations
Epic,DMND0003977 TCPO identifier Quote & Campaign functionality,Data Office,,,,DO - Gemba,,Anette Hon,,,,,,,,,Gemba Demands (Data Office),Medium,Gemba,"Squad Gemba, BAU - Funding, Demands - BAU",DA-2385,Elaboration,,,,0,0,0,0,0,0,0,0,,,,Small (< 2 weeks),,DMND0003977,Dealer Distribution & Market & Partner,,,
Epic,DMND0003372 Remove blank columns in conformed.weekly_mazda_sales table in EDMP,Data Office,,,,DO - Gemba,,Sheldon Johnston,,,,,,,,1,Gemba Demands (Data Office),Low,"Engineering, Gemba","Squad Gemba, BAU - Funding, Demands - BAU",DA-1034,Backlog,,,,0,0,1,0,0,0,0,0,,,,,NA,DMND0003372,Dealer Distribution & Market & Partner,,,
Epic,Design Party Canonical Dimensional Model,Data Office,,,DO - Architecture Practice,DO - Architecture Practice,Ihab Emam,Daniel Wade,,,,,,,,,Preferred Enterprise Dataset - Party Canonical,Medium,Hoshin,"Data - Domain, Domain - Funding, ODS Epic - CC, DO Q4 Architecture Practice Planning",DA-2450,Backlog,,,,0,0,0,0,4,0,0,4,,,,Medium (2 - 4 weeks),Data Architecture,,,,,
Epic,Deploy Enterprise Party Canonical Model to Production,Data Office,,,,DO - Vanguard,,Daniel Wade,,,,,,,,,Preferred Enterprise Dataset - Party Canonical,Medium,Hoshin,"Data - Domain, Domain - Funding, ODS Epic - CC, Data Architecture - Practice",DA-2451,Backlog,,,,0,0,0,0,0,0,0,0,,,,Medium (2 - 4 weeks),Data Architecture,,,,,
Epic,Change Due Date BIX Extract,Data Office,,,DO - Gemba,DO - DataCruiser,Prafull Ranjan,Mark Pavkovic,"Gemba Q3S5, Gemba Q3S6",,,,19-Dec-25,,2,,"Domain Support (Customer, Consumer, Commercial) - Continuous Delivery",Medium,"DataCruiser, Domain","Squad DataCruiser, Domain - Funding, Biz Domain Support - CC",DA-2461,Backlog,,,,80,8,2,40,5,1,4,10,26-Nov-25,,,,,,,,,
Epic,Design Customer Canonical Physical Model,Data Office,,,"DO - Architecture Practice, DO - COPS, DO - DataCruiser",DO - Architecture Practice,Len Asprey,Daniel Wade,"COPS FY26-Q4-S5, DataCruiser FY26-Q4-S3, DataCruiser FY26-Q4-S4, DataCruiser FY26-Q4-S5",,,,25-Mar-26,,17,,Preferred Enterprise Dataset - Customer Canonical,Medium,Hoshin,"Data - Domain, Domain - Funding, ODS Epic - CC, Data Architecture - Practice",DA-2470,Backlog,,,,59.09,13,9,50,2,3,5,10,12-Feb-26,,,Medium (2 - 4 weeks),Data Architecture,,,,,
Epic,Design Customer Canonical Dimensional Model,Data Office,,,DO - Architecture Practice,DO - Architecture Practice,Len Asprey,Daniel Wade,,DataCruiser Q3S5 [COMPLETED],,,,10-Dec-25,,,Preferred Enterprise Dataset - Customer Canonical,Medium,Hoshin,"Data - Domain, Domain - Funding, ODS Epic - CC, Data Architecture - Practice",DA-2475,Backlog,,,,0,0,0,0,4,0,0,4,,26-Nov-25,,Medium (2 - 4 weeks),Data Architecture,,,,,
Epic,Deploy Enterprise Customer Canonical Model to Production,Data Office,,,DO - Vanguard,DO - Vanguard,Len Asprey,Daniel Wade,"Vanguard Quarter 3 Sprint 2, Vanguard Quarter 3 Sprint 3",,,,12-Nov-25,,13,,Preferred Enterprise Dataset - Customer Canonical,Medium,Vanguard,"Squad Vanguard, Data - Domain, Domain - Funding, ODS Epic - CC, Data Architecture - Practice",DA-2480,Backlog,,,,0,0,13,0,4,0,0,4,15-Oct-25,,,Medium (2 - 4 weeks),Data Architecture,,,,,
Epic,Design Product Canonical Physical Model,Data Office,,,DO - Vanguard,DO - Vanguard,Len Asprey,Daniel Wade,,,,,,,,,Preferred Enterprise Dataset - Product Canonical,Medium,"Vanguard, Hoshin","Squad Vanguard, Data - Domain, Domain - Funding, ODS Epic - CC, Data Architecture - Practice",DA-2486,Backlog,,,,0,0,0,0,4,0,0,4,,,,Medium (2 - 4 weeks),Data Architecture,,,,,
Epic,Design Product Canonical Dimensional Model,Data Office,,,DO - Vanguard,DO - Vanguard,Len Asprey,Daniel Wade,,,,,,,,,Preferred Enterprise Dataset - Product Canonical,Medium,"Vanguard, Hoshin","Squad Vanguard, Data - Domain, Domain - Funding, ODS Epic - CC, Data Architecture - Practice",DA-2491,Backlog,,,,0,0,0,0,4,0,0,4,,,,Medium (2 - 4 weeks),Data Architecture,,,,,
Epic,Deploy Enterprise Product Canonical Model to Production,Data Office,,,,DO - Architecture Practice,Len Asprey,Daniel Wade,,,,,,,,,Preferred Enterprise Dataset - Product Canonical,Medium,Hoshin,"Data - Domain, Domain - Funding, ODS Epic - CC, Data Architecture - Practice",DA-2496,Backlog,,,,0,0,0,0,0,0,0,0,,,,Medium (2 - 4 weeks),Data Architecture,,,,,
Epic,Design Vehicle Canonical Physical Model,Data Office,,,DO - DataCruiser,DO - Architecture Practice,Len Asprey,Daniel Wade,"DataCruiser FY27-Q1-Sprint 2, DataCruiser FY27-Q1-Sprint 3, DataCruiser FY27-Q1-Sprint 4, DataCruiser FY27-Q1-Sprint 5, DataCruiser FY27-Q1-Sprint 6",,,,24-Jun-26,,,,Preferred Enterprise Dataset - Vehicle Canonical,Medium,"DataCruiser, Hoshin","Squad DataCruiser, Data - Domain, Domain - Funding, ODS Epic - CC, Data Architecture - Practice, DO FY27 Q1 DataCruiser Planning",DA-2502,Backlog,,,,0,0,0,0,7,0,0,7,16-Apr-26,,,Medium (2 - 4 weeks),Data Architecture,,,,,
Epic,Design Vehicle Canonical Dimensional Model,Data Office,,,,DO - Architecture Practice,Len Asprey,Daniel Wade,,,,,,,,,Preferred Enterprise Dataset - Vehicle Canonical,Medium,"DataCruiser, Hoshin","Squad DataCruiser, Data - Domain, Domain - Funding, ODS Epic - CC, Data Architecture - Practice",DA-2507,Backlog,,,,0,0,0,0,4,0,0,4,,,,Medium (2 - 4 weeks),Data Architecture,,,,,
Epic,Deploy Enterprise Vehicle Canonical Model to Production,Data Office,,,,DO - Architecture Practice,Len Asprey,Daniel Wade,,,,,,,,,Preferred Enterprise Dataset - Vehicle Canonical,Medium,"DataCruiser, Hoshin","Squad DataCruiser, Data - Domain, Domain - Funding, ODS Epic - CC, Data Architecture - Practice",DA-2512,Backlog,,,,0,0,0,0,0,0,0,0,,,,Medium (2 - 4 weeks),Data Architecture,,,,,
Epic,Design Partner & Dealer Canonical Physical Model,Data Office,,,,,,Daniel Wade,,,,,,,,,Preferred Enterprise Dataset - Partner & Dealer Canonical,Medium,Hoshin,"Data - Domain, Domain - Funding, ODS Epic - CC, Data Architecture - Practice",DA-2520,Backlog,,,,0,0,0,0,5,0,0,5,,,,Medium (2 - 4 weeks),Data Architecture,,,,,
Epic,Design Partner & Dealer Canonical Dimensional Model,Data Office,,,,,,Daniel Wade,,,,,,,,,Preferred Enterprise Dataset - Partner & Dealer Canonical,Medium,Hoshin,"Data - Domain, Domain - Funding, ODS Epic - CC, Data Architecture - Practice",DA-2525,Backlog,,,,0,0,0,0,4,0,0,4,,,,Medium (2 - 4 weeks),Data Architecture,,,,,
Epic,Deploy Enterprise Partner & Dealer Canonical Model to Production,Data Office,,,,,,Daniel Wade,,,,,,,,,Preferred Enterprise Dataset - Partner & Dealer Canonical,Medium,Hoshin,"Data - Domain, Domain - Funding, ODS Epic - CC, Data Architecture - Practice",DA-2530,Backlog,,,,0,0,0,0,0,0,0,0,,,,Medium (2 - 4 weeks),Data Architecture,,,,,
Epic,Design Finance Canonical Physical Model,Data Office,,,,,,Daniel Wade,,,,,,,,,Preferred Enterprise Dataset - Finance Canonical,Medium,"DataCruiser, Hoshin","Squad DataCruiser, Data - Domain, Domain - Funding, ODS Epic - CC, Data Architecture - Practice",DA-2536,Backlog,,,,0,0,0,0,4,0,0,4,,,,Medium (2 - 4 weeks),Data Architecture,,,,,
Epic,Design Finance Canonical Dimensional Model,Data Office,,,,,,Daniel Wade,,,,,,,,,Preferred Enterprise Dataset - Finance Canonical,Medium,"DataCruiser, Hoshin","Squad DataCruiser, Data - Domain, Domain - Funding, ODS Epic - CC, Data Architecture - Practice",DA-2541,Backlog,,,,0,0,0,0,4,0,0,4,,,,Medium (2 - 4 weeks),Data Architecture,,,,,
Epic,Deploy Enterprise Partner & Dealer Canonical Model to Production,Data Office,,,,,,Daniel Wade,,,,,,,,,Preferred Enterprise Dataset - Finance Canonical,Medium,Hoshin,"Data - Domain, Domain - Funding, ODS Epic - CC, Data Architecture - Practice",DA-2546,Backlog,,,,0,0,0,0,0,0,0,0,,,,Medium (2 - 4 weeks),Data Architecture,,,,,
Epic,Support Alfa Upgrade,Data Office,,,DO - Gemba,DO - Gemba,Anjani Srimattirumala,Mark Pavkovic,Gemba FY26-Q4-S1,,,,28-Jan-26,,3,,Alfa Upgrade & Enhancements (Epic to join together all the existing features),Medium,Gemba,"Squad Gemba, Project - Funding, Alfa - CC, DO Q4 Gemba Planning, DO Q3 Planned",DA-2565,In Progress,,,,96.1,74,3,92.59,2,0,25,27,14-Jan-26,,Must Have,,,,,,,
Epic,DMND0004026 - ETF incorrectly charged on written off accounts (Sekyua 1779176),Data Office,,,"DO - Gemba, DO - COPS",DO - COPS,Mark Davis,Anette Hon,"Gemba FY26-Q4-S3, Gemba FY26-Q4-S4, Gemba Practice Sprint",,,,11-Mar-26,,11,,COPS Customer Ops Perf Squad Demands,Lowest,"COPS, Compliance, Gemba, BI, Legal, Sekyua","Squad COPS, BAU - Funding, Demands - BAU, DO Q4 COPS Planning",DA-2568,Ready to Deploy,,,,100,17,0,100,0,0,6,6,10-Sep-25,,,Large (4 - 6 weeks),,DMND0004026,Operations,,,Operations
Epic,DMND0003392 Enhancements towards the QA PowerBi dashboard,Data Office,,,DO - COPS,DO - COPS,Pascal Marcello,Anette Hon,,,,,,,15,,COPS Customer Ops Perf Squad Demands,Medium,COPS,"Squad COPS, BAU - Funding, Demands - BAU, DO Q4 COPS Planning",DA-2272,Selected for Development,,,,34.78,8,15,70,3,0,7,10,,,,Medium (2 - 4 weeks),,DMND0003392,Operations,,,
Epic,DMND0003910 Dim Customer - InsertedDateTime and UpdatedDateTime. Check the logic with on prem.,Data Office,,,DO - COPS,DO - COPS,Himanshu Gahlot,Atul Sharma,,,,,,,,1,COPS Customer Ops Perf Squad Demands,Medium,,"Squad COPS, BAU - Funding, Demands - BAU, Engineering - Practice, DO Q4 COPS Planning",DA-867,Selected for Development,,,,0,0,1,0,2,0,0,2,,,Must Have,Medium (2 - 4 weeks),Engineering,DMND0003910,IT,,,
Epic,DMND0004032 TMCA Master Vehicle Data File,Data Office,,,,DO - DataCruiser,Matthew Falia,Anette Hon,,,,,,,,,DataCruiser Demands (Data Office),Medium,,"BAU - Funding, Demands - BAU",DA-2616,Backlog,,,,0,0,0,0,0,0,0,0,,,,,,DMND0004032,TFM,,,Toyota Fleet Management
Epic,COPS Quarter 3 Incidents,Data Office,,,DO - COPS,Data Office,Sean Murray,Anette Hon,,,,,,,3,,Incidents & Service Requests,Medium,COPS,"Squad COPS, BAU - Funding, Incidents - BAU",DA-2630,In Progress,,,,96.39,80,3,94.12,1,0,16,17,,,,,,,,,,
Epic,Unity Upgrade Engineering Refactor,Data Office,,,"DO - Gemba, DO - COPS",DO - DataCruiser,Prafull Ranjan,Prafull Ranjan,"Vanguard Practice Sprint, Vanguard Quarter 3 Sprint 1",,,,,,6,,,Medium,"Vanguard, Unity-Upgrade","Squad Vanguard, Data - Domain, Domain - Funding, Continuous Delivery (Data Dom) - CC, Engineering - Practice",DA-2642,In Progress,,,,95.86,139,6,90.24,4,0,37,41,,15-Sep-25,,,Engineering,,,,,
Epic,Include logging for Hypreplacement Cubes in EDMP Daily Audit dashboard,Data Office,,,,,Ashis Saho,Atul Sharma,,,,,,,,,Pipeline Monitoring,Medium,,"BAU - Funding, Engineering - Practice, Other - BAU",DA-2674,Backlog,,,,0,0,0,0,0,0,0,0,,,,,Engineering,,,,,
Epic,Q3 Gemba  Incidents,Data Office,,,,DO - Gemba,Farhad Kardan,Anette Hon,,,,,,,,,Incidents & Service Requests,Medium,Gemba,"Squad Gemba, BAU - Funding, Incidents - BAU",DA-2681,Done,,,,100,82,0,94.44,0,1,17,18,,,,,,,,,,
Epic,Q3 Inc Vanguard Quarter 3 Incidents,Data Office,,,DO - Vanguard,DO - Vanguard,Bindu Baddepudi,Anette Hon,Vanguard FY26-Q4-S4,,,,11-Mar-26,,57,,Incidents & Service Requests,Medium,Vanguard,"Squad Vanguard, BAU - Funding, Incidents - BAU",DA-2683,In Progress,,,,72.25,125,48,73.91,5,1,17,23,26-Feb-26,,,,,,,,,
Epic,Q3 NSREQ Vanguard Quarter 3 Service Requests,Data Office,,,DO - Vanguard,DO - Vanguard,Bindu Baddepudi,Anette Hon,"COPS Quarter 3 Sprint 4, Vanguard FY26-Q4-S4, Vanguard Quarter 3 Sprint 6",,,,11-Mar-26,,10,,Incidents & Service Requests,Medium,Vanguard,"Squad Vanguard, BAU - Funding, Service Requests - BAU",DA-2684,In Progress,,,,97.44,76,2,83.33,1,2,15,18,12-Nov-25,,,,,,,,,
Epic,Q3 NSREQ COPS Quarter 3 Service Requests,Data Office,,,,Data Office,Greg Collocott,Anette Hon,,,,,,,,,Incidents & Service Requests,Medium,COPS,"Squad COPS, BAU - Funding, Service Requests - BAU",DA-2686,In Progress,,,,100,99,0,100,0,0,21,21,,,,,,,,,,
Epic,Q3 NSREQ Gemba Service Requests,Data Office,,,DO - Gemba,DO - Gemba,Farhad Kardan,Anette Hon,"Gemba FY26-Q4-S1, Gemba FY26-Q4-S2, Gemba FY26-Q4-S3, Gemba FY26-Q4-S4, Gemba FY26-Q4-S5, Gemba Q3S6",,,,25-Mar-26,,6,,Incidents & Service Requests,Medium,Gemba,"Squad Gemba, BAU - Funding, Service Requests - BAU",DA-2687,Done,,,,87.23,41,6,84.62,4,0,22,26,10-Dec-25,,,,,,,,,
Epic,Project Protect Data Retention Policy,Data Office,,,,,,Mark Pavkovic,,,,,,,,,Project Protect,Medium,,"Project - Funding, Governance - Practice",DA-2695,Backlog,,,,0,0,0,0,0,0,0,0,,,,,,,,,,
Epic,DMND0004048 Correctly re-deploy MazdaVehicleSales to Azure EDMP conformed,Data Office,,,,,,Anette Hon,,,,,,,,,IT and Data Office Demands,Medium,Gemba,"Squad Gemba, BAU - Funding, Demands - BAU",DA-2728,Elaboration,,,,0,0,0,50,1,0,1,2,,,,Medium (2 - 4 weeks),,DMND0004048,IT,,,Information Technology
Epic,Develop Hardship Domain Data Model,Data Office,,,,DO - Architecture Practice,,Sean Murray,,,,,,,,,Hardship Domain Data Architecture & Data Model,Medium,,"Data - Domain, Domain - Funding, Continuous Delivery (Data Dom) - CC",DA-2764,Backlog,,,,0,0,0,0,0,0,0,0,,,,,,,,,,
Epic,Update Hardship Domain Reporting ,Data Office,,,,DO - Architecture Practice,,Sean Murray,,,,,,,,,Hardship Domain Data Architecture & Data Model,Medium,,"Data - Domain, Domain - Funding, Continuous Delivery (Data Dom) - CC",DA-2765,Backlog,,,,0,0,0,0,0,0,0,0,,,,,,,,,,
Epic,Develop Collections Domain Data Model,Data Office,,,,DO - Architecture Practice,,Sean Murray,,,,,,,,,Collections Domain Data Architecture & Model,Medium,,"Data - Domain, Domain - Funding, Continuous Delivery (Data Dom) - CC",DA-2767,Backlog,,,,0,0,0,0,0,0,0,0,,,,,,,,,,
Epic,Update Collections Domain Reporting,Data Office,,,,DO - Architecture Practice,,Sean Murray,,,,,,,,,Collections Domain Data Architecture & Model,Medium,,"Data - Domain, Domain - Funding, Continuous Delivery (Data Dom) - CC",DA-2768,Backlog,,,,0,0,0,0,0,0,0,0,,,,,,,,,,
Epic,COPS Quarter 3 BAU Reporting (Daily - Monthend),Data Office,,,DO - COPS,Data Office,Sean Murray,Asif Iftikhar,"COPS Quarter 3 Sprint 2, COPS Quarter 3 Sprint 3, TFA Kanban Board",,,,12-Nov-25,,2,,Incidents & Service Requests,Medium,COPS,"Squad COPS, Month End - BAU, BI & Analytics - Practice",DA-2803,In Progress,,,,96.97,64,2,93.1,1,1,27,29,8-Dec-22,,,,BI Reporting,,,,,
Epic,RBP monthly reporting - Monthly BAU,Data Office,,,DO - Vanguard,DO - Vanguard,Alan Zhu,Alan Zhu,"Vanguard FY26-Q4-S3, Vanguard FY26-Q4-S4, Vanguard FY26-Q4-S5",,,,25-Mar-26,,5,,Data Science BAU Work,Medium,"DataScience, Vanguard","Squad Vanguard, BAU - Funding, Data Science - Practice, Other - BAU, DO FY27 Q1 Vanguard Planning",DA-2881,Backlog,,,,68.75,11,5,66.67,1,2,6,9,12-Feb-26,,Must Have,,,,,,,
Epic,Create and publish the schema validation framework.,Data Office,,,,Data Office,Atul Sharma,Atul Sharma,,,,,,,,,Data Science BAU Work,Medium,Engineering,"BAU - Funding, Data Science - Practice, Other - BAU",DA-2906,Backlog,,,,0,0,0,0,0,0,0,0,,,,,,,,,,Data Office
Epic,BAU-FinAvE for RBP monitoring Oct. 2025,Data Office,,,,DO - Vanguard,Chuhan Wu,Chuhan Wu,,,,,,,,,Data Science BAU Work,Medium,"Gemba, DataScience","BAU - Funding, Other - BAU",DA-2913,Backlog,,,,100,16,0,100,0,0,7,7,,1-Oct-25,,,Data Science,,,,,
Epic,AFCA regulatory changes - Consumer foreseeable changes,Data Office,,,DO - Gemba,DO - Gemba,Anju Unnithan,Mark Pavkovic,"Gemba FY26-Q4-S4, Gemba FY26-Q4-S5",,,,25-Mar-26,,8,,"Domain Support (Customer, Consumer, Commercial) - Continuous Delivery",Medium,Gemba,"Squad Gemba, Domain - Funding, Biz Domain Support - CC, DO Q4 Gemba Planning, DO FY27 Q1 Gemba Planning",DA-2925,Backlog,,,,72.73,8,3,75,1,0,3,4,,,,,,,,,,
Epic,Develop Enterprise Partner and Dealer transformation pipelines and notebooks,Data Office,,,,,,Ihab Emam,,,,,,,,,Preferred Enterprise Dataset - Partner & Dealer Canonical,Medium,,"Data - Domain, Domain - Funding, ODS Epic - CC",DA-2949,Backlog,,,,0,0,0,0,0,0,0,0,,,,,,,,,,
Epic,Provision the new Unity Catalogue Sandpit and Integration environment or equivalent.,Data Office,,,,Data Office,,Atul Sharma,,,,,,,,,,Medium,Platform,"Data - Domain, Domain - Funding, Continuous Delivery (Data Dom) - CC",DA-2964,Backlog,,,,0,0,0,0,0,0,0,0,,,,,,,,,,Data Office
Epic,Gemba Quarter 3 Problems,Data Office,,,DO - Gemba,DO - Gemba,Farhad Kardan,Farhad Kardan,"Gemba FY26-Q4-S1, Gemba Q3S6",,,,28-Jan-26,,3,,Data Office Problem Tickets,Medium,,"BAU - Funding, Incidents - BAU, DO FY27 Q1 Engineering Practice Planning",DA-3014,Backlog,,,,62.5,5,3,33.33,1,1,1,3,10-Dec-25,,,,,,,,,
Epic,BAU-KINTO Scorecard monthly assessment,Data Office,,,,DO - Gemba,Chuhan Wu,Chuhan Wu,,,,,,,,,Data Science BAU Work,Medium,"Gemba, DataScience","Squad Gemba, BAU - Funding, Data Science - Practice, Other - BAU",DA-3043,Backlog,,,,100,4,0,100,0,0,4,4,,,,,,,,,,
Epic,Heritage Modernisation Project - Wave 2,Data Office,,,"DO - Gemba, DO - Engineering Practice",DO - Vanguard,Greg Collocott,Bhagyashree Shirvalkar,"COPS Quarter 3 Sprint 2, Gemba Q3S6",,,,19-Dec-25,,5,3,Data Domain Continuous Delivery Features,Medium,"DataCruiser, Engineering","Squad Vanguard, Domain - Funding, Heritage Mod - CC, Engineering - Practice",DA-3069,Blocked,,,,46.67,7,8,57.14,3,0,4,7,15-Oct-25,,Must Have,,Engineering,,,,,
Epic,Reference Data Management,Data Office,,,"DO - Architecture Practice, DO - COPS",DO - Architecture Practice,Len Asprey,Len Asprey,,,,,,,3,,Data Governance,Medium,"Data_Architecture, RDM","BAU - Funding, Governance - Practice, Data Architecture - Practice, Other - BAU",DA-3101,Backlog,,,,62.5,5,3,25,2,1,1,4,,,,,,,Data,,,Data Office
Epic,DMND0004084: Securitisation peer file automation,Data Office,,,,,,Paul Stroe,,,,,,,,,Securitisation Project (Data Office),Medium,DataCruiser,"Squad DataCruiser, Domain - Funding, Continuous Delivery (Data Dom) - CC",DA-3106,Elaboration,,,,0,0,0,100,0,0,1,1,,,,Large (4 - 6 weeks),,DMND0004084,Corporate,,,Corporate Services
Epic,DMND0004087 Add Alfa DAF/DOF Amount to rfi_data_finance_Contract_view,Data Office,,,DO - MPD - Pricing and Analytics,DO - MPD - Pricing and Analytics,,Paul Stroe,RFI Migration Christmas Sprint,,,,12-Feb-26,,,,RFI Migration,Medium,Gemba,"Project - Funding, RFI Migration - CC, Squad MPD",DA-3108,Ready to Deploy,,,,0,0,0,0,1,0,0,1,19-Dec-25,,,,,DMND0004087,Dealer Distribution & Market & Partner,,,Market & Partner Development
Epic,DMND0004049 - Operations QA Dashboard,Data Office,,,,DO - COPS,,Asif Iftikhar,,,,,,,,,COPS Customer Ops Perf Squad Demands,Lowest,COPS,"Squad COPS, BAU - Funding, Demands - BAU",DA-3109,Backlog,,,,0,0,0,0,0,0,0,0,,,,Small (< 2 weeks),,DMND0004049,,,,Operations
Epic,Design Collections Domain Architecture and Data Model,Data Office,,,DO - COPS,DO - COPS,Len Asprey,Sean Murray,,,,,,,8,,Collections Domain Data Architecture & Model,Medium,COPS,"Data - Domain, Continuous Delivery (Data Dom) - CC, Data Architecture - Practice",DA-1610,Backlog,,,,50,8,8,40,3,0,2,5,,,,,Data Architecture,,,,,
Epic,DMND0002855 CollectionFlag for DIM.Contract and DeceasedFlag for DIM.Customer,Data Office,,,DO - COPS,DO - COPS,Evgeni Soroka,Sheldon Johnston,,,,,,,,1,COPS Customer Ops Perf Squad Demands,Highest,"COPS, Engineering, R24.4","Squad COPS, BAU - Funding, Demands - BAU, DO Q4 COPS Planning",DA-1048,Selected for Development,,,,0,0,1,0,15,0,0,15,,,,Small (< 2 weeks),NA,DMND0002855,IT,,,
Epic,Asset Management / Asset Recovery - Phase 2 Asset Recovery Release,Data Office,,,DO - COPS,DO - COPS,Sean Murray,Sean Murray,,,,,,14-Mar-26,8,,Asset Management Asset Recovery Project,Medium,,"Squad COPS, Project - Funding, AMAR - CC, DO Q4 COPS Planning",DA-3113,Backlog,,,,77.78,28,8,57.14,5,1,8,14,,,,,,,,,,
Epic,DMND0004000 - WFM - Shrinkage Report,Data Office,,,DO - COPS,DO - COPS,Pascal Marcello,Anette Hon,,,,,,,7,,COPS Customer Ops Perf Squad Demands,Lowest,COPS,"Squad COPS, BAU - Funding, Demands - BAU, BI & Analytics - Practice, DO Q4 COPS Planning",DA-2381,Backlog,,,,0,0,7,0,4,0,0,4,,,,Large (4 - 6 weeks),BI Reporting,DMND0004000,,,,Operations
Epic,DMND0004018 - Redesign RLO Dashboards ( Lending and Settlement),Data Office,,,,DO - COPS,Anton Van Der Walt,Anette Hon,,,,,,,,,COPS Customer Ops Perf Squad Demands,Lowest,Vanguard,"Squad Vanguard, BAU - Funding, Demands - BAU, DO Q4 COPS Planning",DA-2388,Elaboration,,,,0,0,0,0,0,0,0,0,,,,X-Large (> 6 weeks),,DMND0004018,Operations,,,Operations
Epic,DMND0004019 - Quote to Conversion Report - Refinance,Data Office,,,DO - COPS,DO - COPS,Anton Van Der Walt,Anette Hon,"COPS FY26-Q4-S4, COPS FY26-Q4-S5, COPS Practice Sprint",,,,25-Mar-26,,24,,COPS Customer Ops Perf Squad Demands,High,COPS,"Squad COPS, BAU - Funding, Demands - BAU, BI & Analytics - Practice, DO Q4 COPS Planning",DA-2595,In Progress,,,,80.95,34,8,80,2,0,8,10,11-Sep-25,,Should Have,Medium (2 - 4 weeks),,DMND0004019,Operations,,,Operations
Epic,Support Databricks Unity Upgrade ,Data Office,,,,,Mark Pavkovic,Mark Pavkovic,,,,,,,,,,Medium,Gemba,"Squad Gemba, Data - Domain, Domain - Funding, Continuous Delivery (Data Dom) - CC",DA-3143,Backlog,,,,100,24.5,0,54.55,4,1,6,11,,,,,,,,,,
Epic,Q3 Inc Vanguard PLATFORM Quarter 3 Incidents,Data Office,,,DO - Vanguard,DO - Vanguard,Nigel Leslie,Greg Collocott,Vanguard Quarter 3 Sprint 2,,,,28-Oct-25,,1,,Incidents & Service Requests,Medium,Vanguard,"Squad Vanguard, BAU - Funding, Incidents - BAU",DA-3194,In Progress,,,,95,19,1,66.67,0,2,4,6,15-Oct-25,,,,,,,,,
Epic,DMND0004092 - Verification of drivers license and vehicle/vin eligibility,Data Office,,,,,,Scott Hobday,,,,,,,,,"Domain Support (Customer, Consumer, Commercial) - Continuous Delivery",Medium,,"Domain - Funding, Biz Domain Support - CC",DA-3487,Backlog,,,,0,0,0,0,0,0,0,0,,,,,,DMND0004092,,,,
Epic,DMND0004100 - Host ML Model in Databricks,Data Office,,,,,Bindu Baddepudi,Philip Troop,,,,,,,,,Data Science BAU Work,Medium,Vanguard,"Squad Vanguard, BAU - Funding, Data Science - Practice, Other - BAU",DA-3489,Backlog,,,,0,0,0,0,0,0,0,0,,,,Large (4 - 6 weeks),,DMND0004100,Corporate,,,Risk Management
Epic,BAU - Settlement Model Monthly scoring and monitoring ,Data Office,,,DO - DataCruiser,DO - DataCruiser,Francis Chan,Francis Chan,"DataCruiser FY26-Q4-S3, DataCruiser FY26-Q4-S4",,,,,31-Mar-26,5,,Data Science BAU Work,Medium,"DataCruiser, DataScience","Squad DataCruiser, BAU - Funding, Data Science - Practice, Other - BAU, DO Q3 Planned",DA-3491,In Progress,,,,66.67,6,3,66.67,3,0,6,9,,,Must Have,,,,,,,
Epic,BAU - Demand Pricing Monthly Data Integrity Check,Data Office,,,DO - DataCruiser,DO - DataCruiser,Francis Chan,Francis Chan,DataCruiser FY26-Q4-S5,,,,,31-Mar-26,4,,Data Science BAU Work,Medium,"DataCruiser, DataScience","Squad DataCruiser, BAU - Funding, Data Science - Practice, Other - BAU, DO Q3 Planned",DA-3493,In Progress,,,,66.67,6,3,66.67,3,0,6,9,,,Must Have,,,,,,,
Epic,Incidents created as stories (pre-squads OR that need to be changed to sub-tasks),Data Office,,,DO - COPS,,,Anette Hon,,,,,10-Apr-25,,5,,Incidents & Service Requests,Medium,,"BAU - Funding, Incidents - BAU",DA-3582,In Progress,,,,76.19,16,5,68.97,4,5,20,29,,,,,,,,,,
Epic,FY26-Q4 Gemba Incidents,Data Office,,,DO - Gemba,DO - Gemba,Mark Pavkovic,Greg Collocott,"Gemba FY26-Q4-S3, Gemba FY26-Q4-S4, Gemba FY26-Q4-S5, Gemba FY27-Q1-S1",,,,15-Apr-26,,47,,Incidents & Service Requests,Medium,,"Squad Gemba, BAU - Funding, Incidents - BAU, DO Q4 Gemba Planning",DA-3909,In Progress,,,,50.65,39,38,57.89,14,2,22,38,12-Feb-26,,,,,,,,,
Epic,Initiation Phase - Requirements and Estimation ,Data Office,,,DO - COPS,,,Anette Hon,,,,,,,2,,Process Maturity,Medium,,"Customer - Domain, Domain - Funding, Process Maturity - CC",DA-3591,Backlog,,,,0,0,2,0,0,2,0,2,,,,,,,,,,
Epic,Feature covering other Kinto stories,Data Office,,,,,,Mark Davis,,,,,,,,,Kinto Hoshin FY26 Demands,Medium,,"BAU - Funding, Demands - BAU",DA-3596,Backlog,,,,0,0,0,0,0,0,0,0,,,,,,,,,,
Epic,PowerCurve Missing files Ingestion,Data Office,,,,,,Farhad Kardan,,,,,,,,,,Medium,,,DA-3597,Backlog,,,,0,0,0,0,0,0,0,0,,,,,,,,,,
Epic,Design Review (Databricks Professional Services),Data Office,,,,,Shraddha Tekalkote,Anette Hon,,,,,,,,5,POR-93 Operational Data Services ODS,Medium,,"Data - Domain, Domain - Funding, ODS Epic - CC",DA-3765,Backlog,,,,0,0,5,0,0,0,0,0,,,,,,,,,,
Epic,DMND0004104 Efficient way of reporting GFV NVIC,Data Office,,,,,,Philip Troop,,,,,,,,,Gemba Demands (Data Office),Medium,,"Squad Gemba, BAU - Funding, Demands - BAU",DA-3767,Backlog,,,,0,0,0,0,0,0,0,0,,,,,,DMND0004104,Dealer Distribution & Market & Partner,,,Market & Partner Development
Epic,"DMND0004103	self-sourced report to complete a prescribe Monitoring & supervision task",Data Office,,,,DO - Gemba,,Philip Troop,,,,,,,,,Gemba Demands (Data Office),Medium,Gemba,"Squad Gemba, BAU - Funding, Demands - BAU, DO Q4 Gemba Planning",DA-3768,Backlog,,,,0,0,0,0,0,0,0,0,,,,Medium (2 - 4 weeks),,DMND0004103,Dealer Distribution & Market & Partner,,,Market & Partner Development
Epic,DMND0004110 - Efficiency in daily control checks,Data Office,,,,,Asif Iftikhar,Philip Troop,,,,,,,,,COPS Customer Ops Perf Squad Demands,Lowest,,"Squad COPS, BAU - Funding, Demands - BAU",DA-3769,Backlog,,,,0,0,0,0,0,0,0,0,,,,,,DMND0004110,Operations,,,Operations
Epic,"DMND0004114	Create a new data bricks view that consolidates information based on following fields",Data Office,,,,DO - MPD - Pricing and Analytics,Anette Hon,Philip Troop,RFI Migration Sprint 1,,,,19-Dec-25,,5,5,RFI Migration,Medium,,"Squad Gemba, Project - Funding, RFI Migration - CC, Squad MPD",DA-3770,In Progress,,,,56.52,13,10,66.67,0,1,2,3,16-Dec-25,,Must Have,,,DMND0004114,Dealer Distribution & Market & Partner,,,Market & Partner Development
Epic,DataCruiser End of Month Support,Data Office,,,,,Venu Marrisetty,Mark Pavkovic,,,,,,,,,,Medium,,"Squad DataCruiser, BAU - Funding, Month End - BAU",DA-3838,Backlog,,,,100,2,0,100,0,0,1,1,,,,,,,,,,
Epic,DMND0003897 KINTO Pricing dashboard ‚Äì production & enhancemens,Data Office,,,"DO - COPS, DO - Vanguard",DO - COPS,Assadullah Samir,Assadullah Samir,,,,,,,8,,Vanguard Demands (Data Office),Medium,COPS,"Squad COPS, BAU - Funding, Demands - BAU, DO Q4 COPS Planning",DA-3865,Backlog,,,,0,0,8,0,3,0,0,3,,2-Dec-25,,,,DMND0003897,Kinto,,,
Epic,BI Path to Production,Data Office,,,DO - BI & Analytics,DO - BI & Analytics,Mark Davis,Mark Davis,,,,,,,,,HOSHIN: Environment Standards & Release Process,Medium,,,DA-3996,In Progress,,,,0,0,0,0,3,0,0,3,,,,,,,,,,
Epic,HOSHIN: Data Engineering Environment and Release,Data Office,,,,DO - Engineering Practice,Atul Sharma,David Qi,,,,,,,,,HOSHIN: Environment Standards & Release Process,High,,"BAU - Funding, Hoshin, Other - BAU",DA-2257,In Progress,,,,0,0,0,0,0,0,0,0,,,,,,,,,,
Epic,"Modernise/update the platform components (devops pipelines, terraform, terragrunt)",Data Office,,,,DO - Platform Practice,Nigel Leslie,Greg Collocott,,,,,,30-Apr-26,,,HOSHIN: Environment Standards & Release Process,Medium,,"BAU - Funding, DO FY27 Q1 Vanguard Planning, DO FY27 Q1 Platform Practice Planning",DA-9325,Backlog,,,,0,0,0,0,0,0,0,0,,1-Apr-26,Should Have,,,,,,,
Epic,databricks -> 15.4 LTS -> latest LTS (18?),Data Office,,,,DO - Platform Practice,Nigel Leslie,Greg Collocott,,,,,,2-May-26,,,HOSHIN: Environment Standards & Release Process,Medium,,"BAU - Funding, DO FY27 Q1 Vanguard Planning, DO FY27 Q1 Platform Practice Planning",DA-9326,Backlog,,,,0,0,0,0,0,0,0,0,,3-Apr-26,Should Have,,,,,,,
Epic,git repo / branch cleanup,Data Office,,,,DO - Platform Practice,Nigel Leslie,Greg Collocott,,,,,,4-May-26,,,HOSHIN: Environment Standards & Release Process,Medium,,"BAU - Funding, DO FY27 Q1 Vanguard Planning, DO FY27 Q1 Platform Practice Planning",DA-9324,Backlog,,,,0,0,0,0,0,0,0,0,,5-Apr-26,Should Have,,,,,,,
Epic,DMND0002265 Campaign Eligibility report,Data Office,,,DO - DataCruiser,DO - Gemba,,Sheldon Johnston,,,,,,,,1,Gemba Demands (Data Office),Medium,"Engineering, R24.4, Gemba","Squad Gemba, BAU - Funding, Demands - BAU",DA-1100,Backlog,,,,50,1,1,50,1,0,1,2,,,,Medium (2 - 4 weeks),NA,DMND0002265,Dealer Distribution & Market & Partner,,,
Epic,DMND0003433 - Test the TMCA files are unaffected by TMCA SAP Upgrade,Data Office,,,,,,Philip Troop,,,,,,,,,DataCruiser Demands (Data Office),Highest,,"Squad DataCruiser, DO Q4 DataCruiser Planning",DA-4100,Backlog,,,,0,0,0,0,1,0,0,1,,,,Small (< 2 weeks),,DMND0003433,Corporate,,,Corporate Services
Epic,CDR - SA 1.2.1 - Interim Solution - Manual configuration on Cuscal PRD UI,Data Office,,,,,,Philip Troop,,,,,,,,,,High,,"CDR - CC, DO Q4 Vanguard Planning",DA-4131,Backlog,,,,0,0,0,0,0,0,0,0,,,,,,,,,,
Epic,Test feature for Automation,Data Office,,,,,Bindu Baddepudi,Bindu Baddepudi,,,,,,,,,,Medium,,Demands - BAU,DA-4151,Backlog,,,,0,0,0,0,2,0,0,2,,,,,,,,,,
Epic,CDR - SA 2.2 - Summary & Highlights,Data Office,,,,,,Philip Troop,,,,,,,,,,Medium,,"CDR - CC, DO Q4 Vanguard Planning",DA-4154,Backlog,,,,0,0,0,0,0,0,0,0,,,,,,,,,,
Epic,CDR - SA 3.2 - Summary & Highlights,Data Office,,,,,,Philip Troop,,,,,,,,,,Medium,,"CDR - CC, DO Q4 Vanguard Planning",DA-4155,Backlog,,,,0,0,0,0,0,0,0,0,,,,,,,,,,
Epic,RFI Migration - Performance Dashboard,Data Office,,,DO - MPD - Pricing and Analytics,DO - MPD - Pricing and Analytics,Baldeep Kaur,Philip Troop,Gemba Q3S4,,,,26-Nov-25,,10,,RFI Migration,Medium,,"Project - Funding, RFI Migration - CC, DO Q4 Gemba Planning, Squad MPD",DA-4192,In Progress,,,,64.29,18,10,60,2,0,3,5,12-Nov-25,,,,,,,,,
Epic,DMND0004118 NetAmountFinanced Calculation for Alfa Contracts in EDMP needs to be corrected (INC0196693),Data Office,,,,,Philip Troop,Parteek Gabba,,,,,,,,,IT and Data Office Demands,Medium,,,DA-4370,Backlog,,,,0,0,0,0,0,0,0,0,,,,,,DMND0004118,Data,,,Data Office
Epic,DMND0004129 Dashboard showing SSCP eligible customer registrations,Data Office,,,,,Philip Troop,Parteek Gabba,,,,,,,,,,Medium,,"Domain - Funding, Biz Domain Support - CC",DA-4375,Backlog,,,,0,0,0,0,0,0,0,0,,,,,,DMND0004129,Operations,,,Domain Delivery
Epic,PRB0043356 - Missing data in columns for Two AML Reports,Data Office,,,,,Atul Sharma,Bindu Baddepudi,,,,,,,,,Vanguard Demands (Data Office),Medium,Vanguard,Squad Vanguard,DA-4396,Backlog,,,,0,0,0,0,0,0,0,0,,,,,,,,,,
Epic,BAU run (Dec 25 - Jan 25),Data Office,,,,DO - Vanguard,Alan Zhu,Alan Zhu,,,,,,,,,Data Science BAU Work,Medium,,"Squad Vanguard, BAU - Funding, Data Science - Practice",DA-4411,Backlog,,,,100,4,0,87.5,1,0,7,8,,,Must Have,,,,,,,
Epic,DMND0004132 - Customer Strategy Data,Data Office,,,DO - COPS,DO - COPS,Assadullah Samir,Asif Iftikhar,,,,,,,,5,COPS Customer Ops Perf Squad Demands,Highest,DataScience,"Squad COPS, BAU - Funding, Demands - BAU",DA-4559,In Progress,,,,61.54,8,5,66.67,1,0,2,3,,,,,Data Science,DMND0004132,,,,Business Strategy & Analytics
Epic,DMND0004034 - Collections Deck - Update Views with Alfa Data,Data Office,,,DO - COPS,DO - COPS,Anton Van Der Walt,Sean Murray,"COPS FY26-Q4-S3, COPS FY26-Q4-S4, COPS FY26-Q4-S5, COPS FY27-Q1-S1",,,,15-Apr-26,,37,,Legacy Decommissioning (SAS & AUPANALYTICS02),Lowest,,"Squad COPS, BAU - Funding, Demands - BAU, DO Q4 COPS Planning",DA-4499,In Progress,,,,74.44,67,23,46.88,13,4,15,32,12-Feb-26,,Must Have,X-Large (> 6 weeks),,DMND0004034,Operations,,,Operations
Epic,DMND0004034 Collections Deck - Portfolio Statistics Overview (1.1),Data Office,,,DO - COPS,DO - COPS,Anton Van Der Walt,Sean Murray,COPS FY26-Q4-S5,,,,25-Mar-26,,3,,Legacy Decommissioning (SAS & AUPANALYTICS02),Medium,,"Squad COPS, BAU - Funding, Demands - BAU, DO Q4 COPS Planning",DA-4512,In Progress,,,,90,27,3,91.67,1,0,11,12,12-Mar-26,,,X-Large (> 6 weeks),,DMND0004034,Operations,,,
Epic,DMND0004034 Collections Deck - Portfolio Statistics Detail View (1.2),Data Office,,,DO - COPS,DO - COPS,Anton Van Der Walt,Sean Murray,COPS FY26-Q4-S3,,,,25-Feb-26,,5,,Legacy Decommissioning (SAS & AUPANALYTICS02),Medium,,"Squad COPS, BAU - Funding, Demands - BAU, DO Q4 COPS Planning",DA-4525,Backlog,,,,100,5,0,25,3,0,1,4,12-Feb-26,,,X-Large (> 6 weeks),,DMND0004034,Operations,,,
Epic,DMND0004034 Collections Deck - Total Portfolio Report (1.3),Data Office,,,DO - COPS,DO - COPS,Anton Van Der Walt,Sean Murray,COPS FY26-Q4-S3,,,,25-Feb-26,,10,,Legacy Decommissioning (SAS & AUPANALYTICS02),Medium,,"Squad COPS, BAU - Funding, Demands - BAU, DO Q4 COPS Planning",DA-4529,Backlog,,,,50,5,5,16.67,5,0,1,6,12-Feb-26,,,X-Large (> 6 weeks),,DMND0004034,Operations,,,
Epic,DMND0004034 Collections Deck - Collections Operations Trend Report (7.2),Data Office,,,DO - COPS,DO - COPS,Anton Van Der Walt,Sean Murray,COPS FY26-Q4-S3,,,,25-Feb-26,,5,,Legacy Decommissioning (SAS & AUPANALYTICS02),Medium,,"Squad COPS, BAU - Funding, Demands - BAU, DO Q4 COPS Planning",DA-4533,Backlog,,,,100,5,0,20,4,0,1,5,12-Feb-26,,,X-Large (> 6 weeks),,DMND0004034,Operations,,,
Epic,DMND0004034 Collections Deck - Write Off Account Summary (4.1),Data Office,,,,DO - COPS,Anton Van Der Walt,Sean Murray,,,,,,,,,Legacy Decommissioning (SAS & AUPANALYTICS02),Medium,,"Squad COPS, BAU - Funding, Demands - BAU, DO Q4 COPS Planning",DA-4535,Backlog,,,,0,0,0,0,4,0,0,4,,,,X-Large (> 6 weeks),,DMND0004034,Operations,,,
Epic,DMND0004089 - Migrate the Glass's vehicle spec table to EDMP for ESP model run,Data Office,,,,,,Anette Hon,,,,,,,,,Vanguard Demands (Data Office),Medium,,"Squad Vanguard, BAU - Funding, Demands - BAU",DA-4557,Backlog,,,,0,0,0,0,0,0,0,0,,,,,,DMND0004089,Risk,,,Risk Management
Epic,RFI Migration - NDC Dashboard,Data Office,,,,DO - MPD - Pricing and Analytics,Akshay Lamba,Anju Unnithan,,,,,,,1,,RFI Migration,Medium,,"Project - Funding, RFI Migration - CC, Squad MPD",DA-4601,In Progress,,,,0,0,1,0,2,0,0,2,,,,,,,,,,
Epic,RFI Migration - Big Power BI (List),Data Office,,,DO - MPD - Pricing and Analytics,DO - MPD - Pricing and Analytics,Melly Silviany,Anju Unnithan,"Gemba FY26-Q4-S2, RFI Migration Christmas Sprint, RFI Migration FY26 Q4 S3",,,,24-Feb-26,,30,,RFI Migration,Medium,,Squad MPD,DA-4603,In Progress,,,,3.23,1,30,12.5,6,1,1,8,19-Dec-25,,,,,,,,,
Epic,RFI Migration - TFA Awards Dashboard,Data Office,,,DO - MPD - Pricing and Analytics,DO - MPD - Pricing and Analytics,Noch So,Anju Unnithan,"RFI Migration Christmas Sprint, RFI Migration FY26 Q4 S3",,,,24-Feb-26,,27,,RFI Migration,Medium,,Squad MPD,DA-4604,In Progress,,,,3.57,1,27,14.29,4,2,1,7,19-Dec-25,,,,,,,,,
Epic,RFI Migration - Value Chain Dashboard,Data Office,,,,DO - MPD - Pricing and Analytics,Gaurav Rawat,Anju Unnithan,,,,,,,,,RFI Migration,Medium,,Squad MPD,DA-4606,In Progress,,,,0,0,0,0,0,0,0,0,,,,,,,,,,
Epic,RFI Migration - GFV Leads Dashboard,Data Office,,,,DO - MPD - Pricing and Analytics,Dheeraj Anand,Anju Unnithan,,,,,,,,,RFI Migration,Medium,,Squad MPD,DA-4607,In Progress,,,,100,1,0,100,0,0,1,1,,,,,,,,,,
Epic,RFI Migration - F&I Efficiency Dashboard,Data Office,,,,DO - MPD - Pricing and Analytics,Akshay Lamba,Anju Unnithan,,,,,,,24,,RFI Migration,Medium,,Squad MPD,DA-4608,In Progress,,,,7.69,2,24,22.22,6,1,2,9,,,,,,,,,,
Epic,RFI Migration - Retention Dashboard,Data Office,,,,DO - MPD - Pricing and Analytics,Dheeraj Anand,Anju Unnithan,,,,,,,,,RFI Migration,Medium,,Squad MPD,DA-4609,In Progress,,,,0,0,0,0,0,0,0,0,,,,,,,,,,
Epic,RFI Migration - Leakage Dashboard,Data Office,,,DO - MPD - Pricing and Analytics,DO - MPD - Pricing and Analytics,Akshay Lamba,Anju Unnithan,,,,,,,17,,RFI Migration,Medium,,Squad MPD,DA-4610,In Progress,,,,15,3,17,25,4,2,2,8,,,,,,,,,,
Epic,RFI Migration - Wholesale Dashboard,Data Office,,,,DO - MPD - Pricing and Analytics,,Anju Unnithan,,,,,,,,,RFI Migration,Medium,,Squad MPD,DA-4611,Done,,,,0,0,0,0,0,0,0,0,,,,,,,,,,
Epic,RFI Migration - Lexus Report,Data Office,,,,DO - MPD - Pricing and Analytics,,Anju Unnithan,,,,,,,,,RFI Migration,Medium,,Squad MPD,DA-4612,In Progress,,,,0,0,0,0,0,0,0,0,,,,,,,,,,
Epic,RFI Migration - COSI Tree Reporting,Data Office,,,,DO - MPD - Pricing and Analytics,,Anju Unnithan,,,,,,,,,RFI Migration,Medium,,Squad MPD,DA-4613,In Progress,,,,0,0,0,0,0,0,0,0,,,,,,,,,,
Epic,Asset Recovery - Phase 2: Pre-Ingestion Testing & Validation,Data Office,,,,DO - COPS,Sean Murray,Sean Murray,,,,,,14-Mar-26,,,Asset Management Asset Recovery Project,Medium,,"Squad COPS, Project - Funding, AMAR - CC, DO Q4 COPS Planning",DA-4631,In Progress,,,,100,37,0,95,1,0,19,20,,,,,,,,,,
Epic,Asset Recovery - Phase 2: Ingestion Development,Data Office,,,"DO - COPS, DO - Vanguard",DO - COPS,Sean Murray,Sean Murray,"COPS FY26-Q4-S3, COPS FY26-Q4-S4, COPS FY26-Q4-S5, COPS FY27-Q1-S1, COPS FY27-Q1-S2, COPS FY27-Q1-S3, COPS FY27-Q1-S4, Vanguard FY26-Q4-S3",,,,,14-Mar-26,115,,Asset Management Asset Recovery Project,Medium,,"Squad COPS, Project - Funding, AMAR - CC, DO Q4 COPS Planning",DA-4654,Backlog,,,,41.41,53,75,47.37,13,7,18,38,,,Must Have,,,,,,,
Epic,Asset Recovery - Phase 2: Ingestion Testing,Data Office,,,"DO - COPS, DO - Vanguard",DO - COPS,Sean Murray,Sean Murray,"COPS FY26-Q4-S3, COPS FY26-Q4-S4, COPS FY26-Q4-S5, COPS FY27-Q1-S1, COPS FY27-Q1-S2, COPS FY27-Q1-S3, Vanguard FY26-Q4-S4",,,,,14-Mar-26,33,,Asset Management Asset Recovery Project,Medium,,"Squad COPS, Project - Funding, AMAR - CC, DO Q4 COPS Planning",DA-4655,Backlog,,,,3.03,1,32,20,16,4,5,25,,,,,,,,,,
Epic,Gemba Feature Template,Data Office,,,,,,Mark Pavkovic,,,,,,,,,,Medium,,Squad Gemba,DA-4711,Backlog,,,,0,0,0,0,0,0,0,0,,,,,,,,,,
Epic,Gemba Squad Continuous Improvement,Data Office,,,,DO - Gemba,,Mark Pavkovic,,,,,,,,,,Medium,,"Squad Gemba, BAU - Funding, Other - BAU",DA-4727,Backlog,,,,100,3,0,100,0,0,2,2,,,,,,,,,,
Epic,DMND0004143 - Update Early Collections Alfa/Quest PowerBI reports,Data Office,,,,Data Office [EXT],Philip Troop,Parteek Gabba,,,,,,,,,,Lowest,,Squad COPS,DA-5028,Backlog,,,,0,0,0,0,0,0,0,0,,,,,,DMND0004143,,,,Operations
Epic,DMND0004138 SOX Audit data request | Retail B11-03,Data Office,,,,,Philip Troop,Parteek Gabba,,,,,,,,,,Lowest,,,DA-5029,Blocked,,,,0,0,0,0,0,0,0,0,,,,,,DMND0004138,,,,Operations
Epic,"DMND0004140	Tables/columns into EDMP",Data Office,,,,,Philip Troop,Parteek Gabba,,,,,,,,,,Medium,,,DA-5030,Backlog,,,,0,0,0,0,0,0,0,0,,,,,,DMND0004140,,,,Market & Partner Development
Epic,"DMND0004141	Improve flexibility and efficiency in Used GFV implementation",Data Office,,,,,Philip Troop,Parteek Gabba,,,,,,,,,,Medium,,,DA-5031,Backlog,,,,0,0,0,0,0,0,0,0,,,,,,DMND0004141,,,,Risk Management
Epic,"DMND0003507	Miles export for Full Service lease",Data Office,,,,DO - DataCruiser,Philip Troop,Parteek Gabba,,,,,,,,,DataCruiser Demands (Data Office),Medium,,"Squad DataCruiser, DO FY27 Q1 DataCruiser Planning",DA-5032,Backlog,,,,0,0,0,0,0,0,0,0,,,,Medium (2 - 4 weeks),,DMND0003507,,,,Market & Partner Development
Epic,DMND0003267 Biportal needs a new host due to End of life SharePoint Server 2013 (PRB0043268),Data Office,,,DO - Gemba,DO - Gemba,Sheldon Johnston,Anette Hon,"Gemba FY26-Q4-S1, Gemba FY26-Q4-S3, Gemba FY26-Q4-S5, Gemba Q3S5, Gemba Q3S6",,,,25-Mar-26,,8,,IT and Data Office Demands,Medium,PPSR,"Squad Gemba, BAU - Funding, Demands - BAU, DO Q4 Gemba Planning, DO FY27 Q1 Gemba Planning",DA-5050,In Progress,,,,52.94,9,8,60,2,0,3,5,26-Nov-25,,Could Have,,BI Reporting,DMND0003267,IT,,,Information Technology
Epic,Business Classification in Party,Data Office,,,,,Evgeni Soroka,Len Asprey,,,,,,,,,Preferred Enterprise Dataset - Party Canonical,High,Data_Architecture,Squad COPS,DA-5098,In Progress,,,,0,0,0,0,0,0,0,0,,,Must Have,,,,,,,
Epic,DMND0003533 - Migrate Hardship data extract to Azure EDMP,Data Office,,,DO - Vanguard,DO - Vanguard,Jyothi Bodasakurti,Bindu Baddepudi,"Vanguard FY27 Q1 S2, Vanguard FY27 Q1 S3, Vanguard FY27 Q1 S4, Vanguard FY27 Q1 S5, Vanguard FY27 Q1 S6",,,,23-Jun-26,,,,Hardship including CMT Remediation,Medium,,"Squad Vanguard, BAU - Funding, Demands - BAU, DO FY27 Q1 Vanguard Planning",DA-5116,Backlog,,,,0,0,0,6.25,15,0,1,16,15-Apr-26,,Must Have,,,DMND0003533,,,,
Epic,DMND0004176 Month-end snapshot for ALFA Tables ,Data Office,,,,,,Anette Hon,,,,,,,,,DataCruiser Demands (Data Office),Low,,"Squad DataCruiser, BAU - Funding, Demands - BAU",DA-5135,Backlog,,,,0,0,0,0,0,0,0,0,,,,,,DMND0004176,Corporate,,,Corporate Services
Epic,Data Integration - B2B APIs consuming CDR operational database,Data Office,,,,DO - Vanguard,Matthew Lewis,Bindu Baddepudi,,,,,,,,,Consumer Data Rights CDR Project,Medium,,,DA-5157,Selected for Development,,,,0,0,0,0,0,0,0,0,,,,,,,,,,
Epic,Pipelines - Reverse ETL for CDR operational database,Data Office,,,,,Jyothi Bodasakurti,Bindu Baddepudi,,,,,,,,,Consumer Data Rights CDR Project,Medium,,,DA-5159,Selected for Development,,,,0,0,0,0,0,0,0,0,,,,,,,,,,
Epic,Setup UAT environments for E2E testing,Data Office,,,,DO - Vanguard,Matthew Lewis,Bindu Baddepudi,,,,,,,,,Consumer Data Rights CDR Project,Medium,,,DA-5160,Selected for Development,,,,0,0,0,0,0,0,0,0,,,,,,,,,,
Epic,CDR - End to End Testing,Data Office,,,DO - Vanguard,,Matthew Lewis,Bindu Baddepudi,"Vanguard FY26-Q4-S4, Vanguard FY26-Q4-S5",,,,25-Mar-26,,11,,Consumer Data Rights CDR Project,Medium,,"Squad Vanguard, CDR - CC",DA-5161,Backlog,,,,27.27,3,8,33.33,0,2,1,3,,,Must Have,,,,,,,
Epic,CDR - Production Deployment Activities,Data Office,,,,DO - Vanguard,Matthew Lewis,Bindu Baddepudi,,,,,,,,,Consumer Data Rights CDR Project,Medium,,,DA-5162,Backlog,,,,0,0,0,0,0,0,0,0,,,,,,,,,,
Epic,CDR - Post go-live data support ,Data Office,,,,DO - Vanguard,Matthew Lewis,Bindu Baddepudi,,,,,,,,,Consumer Data Rights CDR Project,Medium,,,DA-5163,Backlog,,,,0,0,0,0,0,0,0,0,,,,,,,,,,
Epic,PRB0043356 Missing data columns for Two AML Reports,Data Office,,,,DO - Vanguard,Gaurav Singh,Sheldon Johnston,,,,,,,,3,Data Office Problem Tickets,Medium,,"Squad Vanguard, BAU - Funding, Engineering - Practice, DO Q4 Vanguard Planning, DO FY27 Q1 Engineering Practice Planning",DA-5214,Blocked,,,,0,0,3,0,0,0,0,0,,5-Dec-25,Must Have,Small (< 2 weeks),Engineering,PRB0043356,Internal Audit,,,Internal Audit
Epic,DMND0004180 Risk Managers Round Table (RMRT) Reporting - Due January 2026,Data Office,,,,,Philip Troop,Parteek Gabba,,,,,,,,,,Medium,,,DA-5217,Backlog,,,,0,0,0,0,0,0,0,0,,,,,,DMND0004180,,,,Risk Management
Epic,RFI Migration - Training Dashboard,Data Office,,,,DO - MPD - Pricing and Analytics,Melly Silviany,Gaurav Rawat,,,,,,,25,,RFI Migration,Medium,,"Project - Funding, RFI Migration - CC, Squad MPD",DA-5296,In Progress,,,,3.85,1,25,10,9,0,1,10,,,,,,,,,,
Epic,Asset Recovery - Phase 2: Semantic Data Model Development,Data Office,,,DO - COPS,DO - COPS,Sean Murray,Sean Murray,COPS FY27-Q1-S1,,,,,14-Mar-26,3,,Asset Management Asset Recovery Project,Medium,,"Squad COPS, Project - Funding, AMAR - CC, DO Q4 COPS Planning, DO Q3 Planned",DA-5322,Backlog,,,,0,0,3,0,7,0,0,7,,,,,,,,,,
Epic,RFI Migration - Value Chain Dashboard,Data Office,,,,DO - MPD - Pricing and Analytics,Gaurav Rawat,Gaurav Rawat,RFI Migration Christmas Sprint,,,,12-Feb-26,,13,,RFI Migration,Medium,,"Project - Funding, RFI Migration - CC, Squad MPD",DA-5398,In Progress,,,,45.83,11,13,33.33,5,1,3,9,19-Dec-25,,,,,,,,,
Epic,FY26 Christmas Service Requests,Data Office,,,,Data Office,Mark Pavkovic,Mark Pavkovic,,,,,,,,,Incidents & Service Requests,Medium,,"BAU - Funding, Service Requests - BAU",DA-5413,Backlog,,,,100,5,0,100,0,0,1,1,,,Must Have,,,,,,,
Epic,FY26 Christmas Incidents,Data Office,,,,Data Office,Mark Pavkovic,Mark Pavkovic,,,,,,,,,Incidents & Service Requests,Medium,,"BAU - Funding, Incidents - BAU",DA-5414,Backlog,,,,0,0,0,0,0,0,0,0,,,Must Have,,,,,,,
Epic,FY26-Q4 Gemba | BAU / Service Requests,Data Office,,,DO - Gemba,DO - Gemba,Mark Pavkovic,Mark Pavkovic,"Gemba FY26-Q4-S3, Gemba FY26-Q4-S4, Gemba FY26-Q4-S5",,,,25-Mar-26,,9,,Incidents & Service Requests,Medium,,"Squad Gemba, BAU - Funding, Service Requests - BAU",DA-5433,Backlog,,,,91.18,31,3,60.47,16,1,26,43,12-Feb-26,,Must Have,,,,,,,
Epic,FY26-Q4 DataCruiser Service Requests,Data Office,,,DO - DataCruiser,,,Mark Pavkovic,"DataCruiser FY26-Q4-S1, DataCruiser FY26-Q4-S3, DataCruiser FY26-Q4-S4",,,,11-Mar-26,,8,,Incidents & Service Requests,Medium,,,DA-5434,Backlog,,,,39.13,4.5,7,61.54,5,0,8,13,12-Feb-26,,,,,,,,,
Epic,DMND0004200 Better handling of KINTO pipeline failures & data updates in eDMP,Data Office,,,,,Philip Troop,Parteek Gabba,,,,,,,,,,Medium,,,DA-5504,Backlog,,,,0,0,0,0,0,0,0,0,,,,,,DMND0004200,,,,Market & Partner Development
Epic,"DMND0004197 Genesys/Verint: Configuration automation for Queues, Campaign and activity mappings",Data Office,,,,,Asif Iftikhar,Parteek Gabba,,,,,,,,,,Medium,,,DA-5505,Backlog,,,,0,0,0,0,0,0,0,0,,,,,,DMND0004197,,,,Data Office
Epic,DMND0004161 TEX finance data file review for Toyota Go finance integration,Data Office,,,DO - Gemba,DO - Gemba,Sheldon Johnston,Parteek Gabba,"Gemba FY26-Q4-S3, Gemba FY26-Q4-S4, Gemba FY26-Q4-S5",,,,,,6,,Gemba Demands (Data Office),High,,"Squad Gemba, BAU - Funding, Demands - BAU, DO Q4 Gemba Planning, DO FY27 Q1 DataCruiser Planning",DA-5220,In Progress,,,,72.22,13,5,71.43,1,1,5,7,26-Feb-26,,Should Have,Medium (2 - 4 weeks),,DMND0004161,Dealer Distribution & Market & Partner,,,Market & Partner Development
Epic,Repointing DS BAU Scripts post UC Migration,Data Office,,,,DO - Gemba,Chuhan Wu,Parul Oberai,,,,,,,,,,Medium,Q1FY26,"Data Science - Practice, DO Q4 Gemba Planning, DO Q4 Vanguard Planning",DA-5549,Backlog,,,,100,1,0,100,0,0,1,1,,,Should Have,,Data Science,,,,,
Epic,DMND0004212 - Forwarded Dated Initial Termination Date Issue for ALFA Contracts in Securitization,Data Office,,,,DO - Gemba,Farhad Kardan,Farhad Kardan,,,,,,,,2,,Medium,,Squad Gemba,DA-5566,Done,,,,100,2,0,0,0,0,0,0,,,,,,,,,,
Epic,BAU-FinAvE for RBP monitoring March 2026,Data Office,,,"DO - Gemba, DO - Vanguard",DO - Gemba,Chuhan Wu,Chuhan Wu,"Gemba FY26-Q4-S3, Gemba FY26-Q4-S4, Gemba FY26-Q4-S5, Gemba FY27-Q1-S1, TFA Kanban Board, Vanguard FY26-Q4-S4, Vanguard FY26-Q4-S5",,,,15-Apr-26,,22,,Data Science BAU Work,Medium,,"BAU - Funding, DO Q4 Gemba Planning, Other - BAU",DA-5579,Backlog,,,,59.09,13,9,54.55,5,0,6,11,8-Dec-22,,Must Have,,,,,,,
Epic,Q4 - NSREQ COPS Quarter 4 Service Requests,Data Office,,,DO - COPS,Data Office,Greg Collocott,Sean Murray,"COPS FY26-Q4-S3, COPS FY26-Q4-S4, COPS FY26-Q4-S5, COPS Quarter 3 Sprint 5, COPS Quarter 3 Sprint 6",,,,25-Mar-26,,102,,Incidents & Service Requests,Medium,COPS,"Squad COPS, BAU - Funding, Service Requests - BAU",DA-5597,Backlog,,,,58.14,75,54,72.06,13,6,49,68,25-Nov-25,,,,,,,,,
Epic,Reporting DS BAU Scripts post UC Migration,Data Office,,,,DO - Vanguard,Alan Zhu,Alan Zhu,,,,,,,,,,Medium,,"Squad Vanguard, BAU - Funding, Data Science - Practice",DA-5613,Backlog,,,,0,0,0,0,0,0,0,0,,,Wont Have,,,,,,,
Epic,SAP S/4 Hana: POC to determine SAP EDMP integration (Not required),Data Office,,,"DO - Architecture Practice, DO - DataCruiser",DO - DataCruiser,Philip Troop,Ihab Emam,DataCruiser FY26-Q4-S3,,,,,,,,Kizuna - SAP (HANA) Upgrade,Low,"DataCruiser, Hana","Squad DataCruiser, Project - Funding, SAP4HANA - CC, Data Architecture - Practice",DA-2247,Done,,,,100,44,0,100,0,0,22,22,,5-Aug-25,Must Have,,Data Architecture,,,,,
Epic,Alfa Pipeline - Data Pipeline/Platform Solution Design,Data Office,,,"Data Office, DO - COPS, DO - Vanguard",DO - COPS,Atul Sharma,Sean Murray,"COPS FY26-Q4-S2, COPS FY26-Q4-S3, COPS FY26-Q4-S4, COPS FY26-Q4-S5",,,,25-Mar-26,,37,,Alfa Pipeline Optimisation,Medium,,"Squad COPS, Domain - Funding, Alfa - CC, Engineering - Practice",DA-5687,Backlog,,,,55.81,24,19,50,5,3,8,16,29-Jan-26,,Must Have,,,,,,,
Epic,Alfa Pipeline - Design for Data Transformation and Processing,Data Office,,,DO - COPS,,Atul Sharma,Sean Murray,COPS FY26-Q4-S4,,,,11-Mar-26,,13,,Alfa Pipeline Optimisation,Medium,,"Squad COPS, Domain - Funding, Alfa - CC, Engineering - Practice",DA-5688,Backlog,,,,100,13,0,100,0,0,2,2,26-Feb-26,,Must Have,,,,,,,
Epic,Alfa Pipeline - Data Ingestion Development,Data Office,,,"Data Office, DO - COPS, DO - Vanguard",DO - COPS,Atul Sharma,Sean Murray,"COPS FY26-Q4-S4, COPS FY26-Q4-S5, Vanguard FY26-Q4-S3",,,,25-Mar-26,,22,,Alfa Pipeline Optimisation,Medium,,"Squad COPS, Domain - Funding, Alfa - CC, Engineering - Practice",DA-5689,Backlog,,,,54.55,12,10,58.33,3,2,7,12,12-Feb-26,,Must Have,,,,,,,
Epic,Data Cruiser | Enterprise ODS solution POC,Data Office,,,DO - DataCruiser,DO - DataCruiser,Philip Troop,Prerna Sharma,"DataCruiser FY26-Q4-S3, DataCruiser FY26-Q4-S4",,,,,31-Mar-26,8,,POR-93 Operational Data Services ODS,Medium,,"Project - Funding, DO Q4 DataCruiser Planning",DA-5698,In Progress,,,,61.54,8,5,88.89,1,0,8,9,,,Must Have,,,,,,,
Epic,DMND0004218 - Adding SMS Data to Settlements & Pre-Verification Dashboard,Data Office,,,,,Asif Iftikhar,Parteek Gabba,,,,,,,,,,Lowest,,Squad COPS,DA-5879,Backlog,,,,0,0,0,0,0,0,0,0,,,,,,DMND0004218,Operations,,,Operations
Epic,DMND0004208 Monthly Snapshot of wholesale tables in EDMP,Data Office,,,,,Philip Troop,Parteek Gabba,,,,,,,,,,Medium,,,DA-5880,Backlog,,,,0,0,0,0,0,0,0,0,,,,,,DMND0004208,,,,Corporate Services
Epic,DMND0004225 - Verint and Genesys Data in EDMP,Data Office,,,,,Philip Troop,Parteek Gabba,,,,,,,,,,Lowest,,,DA-5881,Backlog,,,,0,0,0,0,0,0,0,0,,,,,,DMND0004225,,,,Operations
Epic,DMND0004221 Historical Data Reconciliation in EDMP For Pega Cases,Data Office,,,"Data Office, DO - Vanguard",,Philip Troop,Parteek Gabba,"Vanguard FY26-Q4-S2, Vanguard FY26-Q4-S3, Vanguard FY26-Q4-S4, Vanguard FY26-Q4-S5",,,,25-Mar-26,,31,,,Medium,,,DA-5882,Backlog,,,,76.09,35,11,84.21,1,2,16,19,29-Jan-26,,,,,DMND0004221,,,,Data Office
Epic,[DMND0004212] - Forwarded Dated Initial Termination Date Issue for ALFA Contracts,Data Office,,,DO - Gemba,DO - Gemba,Farhad Kardan,Parteek Gabba,Gemba FY26-Q4-S3,,,,25-Feb-26,,4,2,Gemba Demands (Data Office),Medium,,"Squad Gemba, BAU - Funding, Demands - BAU, DO Q4 Gemba Planning",DA-5884,Done,,,,100,6,0,100,0,0,2,2,12-Feb-26,,,,,DMND0004212,,,,Corporate Services
Epic,IDEA0005118 - Move GLASSESDATE. Tmodel specification table to EDMP,Data Office,,,DO - Vanguard,DO - Vanguard,Asif Iftikhar,Bindu Baddepudi,Vanguard FY26-Q4-S3,,,,25-Feb-26,,7,,IT and Data Office Demands,Medium,,"Squad Vanguard, BAU - Funding, Demands - BAU",DA-5922,Backlog,,,,28.57,2,5,66.67,1,0,2,3,12-Feb-26,,Must Have,,,,,,,
Epic,Q4 NSREQ Vanguard Quarter 4 Service Requests,Data Office,,,"DO - COPS, DO - Vanguard",DO - Vanguard,Bindu Baddepudi,Greg Collocott,"COPS FY26-Q4-S5, Vanguard FY26-Q4-S3, Vanguard FY26-Q4-S4, Vanguard FY26-Q4-S5",,,,25-Mar-26,,24,,Incidents & Service Requests,Medium,,"Squad Vanguard, BAU - Funding, Service Requests - BAU",DA-5969,Backlog,,,,64.86,24,13,61.76,12,1,21,34,12-Feb-26,,Must Have,,,,,,,
Epic,CSB-217 - Provide Mazda eQuote data to Mazda,Data Office,,,,DO - Gemba,Philip Troop,Philip Troop,,,,,,,,,Gemba Demands (Data Office),High,,Squad Gemba,DA-6066,Backlog,,,,0,0,0,0,0,0,0,0,,,Must Have,Large (4 - 6 weeks),,,,,,
Epic,Team Capacity FY26 Gemba,Data Office,,,"DO - Gemba, DO - DataCruiser",Data Office,Mark Pavkovic,Mark Pavkovic,Gemba FY26-Q4-S3,,,,25-Feb-26,,,,Team Capacity FY26,Medium,,Squad Gemba,DA-6191,In Progress,,,,0,0,0,60,2,0,3,5,12-Feb-26,,Must Have,,,,,,,
Epic,DMND0003433: Support TMCA's SAP/4 Hanna upgrade,Data Office,,,,DO - Gemba,,Philip Troop,,,,,,,,,Gemba Demands (Data Office),Medium,,"Squad Gemba, BAU - Funding",DA-6223,Backlog,,,,0,0,0,0,0,0,0,0,,,,,,DMND0003433,IT,,,Information Technology
Epic,DMND0004241 DocIntel SharePoint - Replacing Syntex models with Autofill Column feature,Data Office,,,,,Philip Troop,Parteek Gabba,,,,,,,,,,Medium,,,DA-6270,Backlog,,,,0,0,0,0,0,0,0,0,,,,,,DMND0004241,,,,Information Technology
Epic,DMND0004247 Move TModelSpecification into EDMP,Data Office,,,DO - Vanguard,,Philip Troop,Parteek Gabba,"Vanguard FY26-Q4-S2, Vanguard FY26-Q4-S3",,,,25-Feb-26,,5,,,Medium,,,DA-6271,Backlog,,,,100,9,0,100,0,0,4,4,29-Jan-26,,,,,DMND0004247,,,,Information Technology
Epic,DMND0004248 - AIV report enhancements,Data Office,,,,,Philip Troop,Parteek Gabba,,,,,,,,,,Lowest,,,DA-6272,Backlog,,,,0,0,0,0,0,0,0,0,,,,,,DMND0004248,,,,Operations
Epic,CCR-MB | PFR | Analyse Existing Feed,Data Office,,,DO - Gemba,DO - Gemba,,Philip Troop,"Gemba FY26-Q4-S4, Gemba FY27-Q1-S1",,,,15-Apr-26,,50,,CCR-MB - PowerCurve Feed Remediation (PFR),Medium,,"Squad Gemba, Project - Funding, OMNI - CC, DO Q4 Gemba Planning",DA-6319,Backlog,,,,6,3,47,8.33,11,0,1,12,27-Feb-26,,Must Have,,,,,,,
Epic,CCR-MB Investigate and prototype alternative feed options,Data Office,,,DO - Gemba,DO - Gemba,,Philip Troop,,,,,,,13,,CCR-MB - PowerCurve Feed Remediation (PFR),Medium,,"Squad Gemba, Project - Funding, OMNI - CC, DO Q4 Gemba Planning",DA-6324,Backlog,,,,0,0,13,0,2,0,0,2,,,Must Have,,,,,,,
Epic,CCR-MB Deliver PowerCurve to EDMP feed,Data Office,,,,DO - Gemba,,Philip Troop,,,,,,,,,CCR-MB - PowerCurve Feed Remediation (PFR),Medium,,"Squad Gemba, Project - Funding, OMNI - CC, DO Q4 Gemba Planning",DA-6325,Backlog,,,,0,0,0,0,0,0,0,0,,,Must Have,,,,,,,
Epic,Team Capacity FY26 COPS,Data Office,,,"DO - COPS, DO - Vanguard",Data Office,Greg Collocott,Sean Murray,"COPS FY26-Q4-S3, COPS FY26-Q4-S4, COPS FY26-Q4-S5, Vanguard FY26-Q4-S4, Vanguard FY26-Q4-S5",,,,25-Mar-26,,,,Team Capacity FY26,Medium,,Squad COPS,DA-6389,In Progress,,,,0,0,0,77.78,2,0,7,9,12-Feb-26,,,,,,,,,
Epic,Team Capacity FY26 VanGuard,Data Office,,,"DO - COPS, DO - Vanguard",Data Office,Greg Collocott,Greg Collocott,"COPS FY26-Q4-S4, Vanguard FY26-Q4-S4, Vanguard FY26-Q4-S5",,,,25-Mar-26,,,,Team Capacity FY26,Medium,,Squad Vanguard,DA-6444,In Progress,,,,0,0,0,80,0,1,4,5,26-Feb-26,,Must Have,,,,,,,
Epic,DMND0003615 Fix Procon ADF pipeline concurrency and race condition issues,Data Office,,,,DO - DataCruiser,Philip Troop,Sheldon Johnston,,,,,,24-Feb-26,1,,DataCruiser Demands (Data Office),Medium,"DataCruiser, Engineering","Squad DataCruiser, BAU - Funding, Demands - BAU, DO Q4 DataCruiser Planning",DA-1105,In Progress,,,,0,0,1,50,1,0,1,2,,28-Oct-25,Could Have,,,DMND0003615,TFM,,,Toyota Fleet Management
Epic,DMND0003913 Finance Data Domain,Data Office,,,,DO - DataCruiser,Ihab Emam,Anette Hon,,,,,,,,,DataCruiser Demands (Data Office),High,"DataCruiser, Data_Architecture","Squad DataCruiser, BAU - Funding, Demands - BAU, Data Architecture - Practice",DA-1914,Backlog,,,,0,0,0,0,0,0,0,0,,,,X-Large (> 6 weeks),Data Architecture,DMND0003913,Corporate,,,
Epic,Demand | Jira & EDMP Integration | Delivery Data Ingestion & Reporting Uplift,Data Office,,,,DO - DataCruiser,Prerna Sharma,Prerna Sharma,,,,,,,,1,DataCruiser Demands (Data Office),Medium,"DataCruiser, Engineering","Squad DataCruiser, BAU - Funding, DO Q4 DataCruiser Planning",DA-5777,Backlog,,,,0,0,1,0,1,0,0,1,,,Must Have,Small (< 2 weeks),NA,,Corporate,,,
Epic,DMND0003818 PPSR Data Structure,Data Office,,,DO - DataCruiser,DO - DataCruiser,Prerna Sharma,Anette Hon,,,,,,30-Jun-26,15,,DataCruiser Demands (Data Office),Medium,"DataCruiser, PPSR","Squad DataCruiser, BAU - Funding, Demands - BAU, DO Q4 DataCruiser Planning, DO Q3 Planned, DO FY27 Q1 DataCruiser Planning",DA-1428,Elaboration,,,,11.76,2,15,16.67,5,0,1,6,,,Wont Have,Small (< 2 weeks),NA,DMND0003818,Risk,,,
Epic,Set up Databricks One / Genie (AI/BI) for Customer Insights (Proof of Concept only),Data Office,,,,DO - DataCruiser,Prafull Ranjan,Anette Hon,,,,,,31-Mar-26,,,Kizuna - SAP (HANA) Upgrade,Medium,,"Squad DataCruiser, Data - Domain, Domain - Funding, Continuous Delivery (Data Dom) - CC, DO Q4 DataCruiser Planning",DA-4551,Done,,,,100,4,0,100,0,0,2,2,,,Should Have,,,,,,,
Epic,Design Party Canonical Physical Model,Data Office,,,"DO - Architecture Practice, DO - DataCruiser",DO - Architecture Practice,Ihab Emam,Ihab Emam,"DataCruiser FY26-Q4-S2, DataCruiser FY26-Q4-S3, DataCruiser FY26-Q4-S5, DataCruiser Q3S5",,,,,27-Oct-25,11,,Preferred Enterprise Dataset - Party Canonical,Medium,"DataCruiser, Hoshin","Squad DataCruiser, Data - Domain, Domain - Funding, ODS Epic - CC, Data Architecture - Practice, DO Q3 Planned",DA-1855,In Progress,,,,70,21,9,75,1,3,12,16,,28-Sep-25,,Medium (2 - 4 weeks),Data Architecture,,,,,
Epic,DMND0003631 Data Warehouse tfaap_fact_contract : create 'bridge' logic for migrated Contracts,Data Office,,,,DO - DataCruiser,Jack Cheng,Sheldon Johnston,,,,,,,,,IT and Data Office Demands,Highest,"DataCruiser, Engineering","Squad DataCruiser, BAU - Funding, Demands - BAU, Engineering - Practice, DO Q3 Planned",DA-1036,In Progress,,,,100,12,0,83.33,1,0,5,6,,,,Large (4 - 6 weeks),Engineering,DMND0003631,IT,,,
Epic,Team Capacity FY27 Gemba,Data Office,,,DO - Gemba,Data Office,Mark Pavkovic,Mark Pavkovic,"Gemba FY26-Q4-S3, Gemba FY27-Q1-S1, Gemba FY27-Q1-S2",,,,29-Apr-26,,,,Team Capacity FY26,Medium,,Squad Gemba,DA-7050,Backlog,,,,0,0,0,0,2,0,0,2,12-Feb-26,,Must Have,,,,,,,
Epic,DMND0003958 - SOX activation audit control,Data Office,,,,DO - COPS,,Asif Iftikhar,,,,,,,,1,,Lowest,"COPS, Engineering","Squad COPS, BAU - Funding, Demands - BAU, DO Q4 COPS Planning",DA-7131,Backlog,,,,0,0,1,0,0,0,0,0,,,,Medium (2 - 4 weeks),NA,DMND0003594,,,,Operations
Epic,DMND0004209 - Enhancement of the PowerBi Retail Lending Dashboard,Data Office,,,,,Asif Iftikhar,Asif Iftikhar,,,,,,,,,,Lowest,,Squad COPS,DA-7132,Backlog,,,,0,0,0,0,0,0,0,0,,,,,,DMND0004218,,,,Operations
Epic,Commercial Quote 2.0 uplift,Data Office,,,DO - DataCruiser,DO - DataCruiser,Prerna Sharma,Philip Troop,"DataCruiser FY26-Q4-S4, DataCruiser FY27-Q1-Sprint 1, DataCruiser FY27-Q1-Sprint 2, DataCruiser FY27-Q1-Sprint 3",DataCruiser FY26-Q4-PI,,,,31-Mar-26,8,,,Medium,,"Squad DataCruiser, BAU - Funding, DO FY27 Q1 Data Office Domain Planning, DO FY27 Q1 DataCruiser Planning",DA-7232,Backlog,,,,37.5,3,5,14.29,6,0,1,7,,,,,,,,,,
Epic,YAML Testing ,Data Office,,,,,Gaurav Rawat,Gaurav Rawat,,,,,,,,3,RFI Migration,High,,,DA-7334,Done,,,,100,3,0,0,0,0,0,0,,,,,,,,,,
Epic,RFI Historical Data Migration,Data Office,,,,,Gaurav Rawat,Gaurav Rawat,,,,,,,,5,RFI Migration,Medium,,,DA-7373,In Progress,,,,0,0,5,0,0,0,0,0,,,,,,,,,,
Epic,DMND0004273 EDMP TFAAP_DIM_Contract.TerminationProcessDate Generate for Leastrac and Miles Contracts,Data Office,,,,,Philip Troop,Parteek Gabba,,,,,,,,,,Medium,,,DA-7429,Backlog,,,,0,0,0,0,0,0,0,0,,,,,,DMND0004273,,,,Risk Management
Epic,DMND0004286 End-to-End Support to Develop and Deploy ML Models,Data Office,,,,,Philip Troop,Parteek Gabba,,,,,,,,,,Medium,,,DA-7430,Backlog,,,,0,0,0,0,0,0,0,0,,,,,,DMND0004286,,,,Risk Management
Epic,DMND0004284 Insurance Elsewhere 2.0 POC - March Send,Data Office,,,,,Philip Troop,Parteek Gabba,,,,,,,,,,Medium,,,DA-7431,Backlog,,,,0,0,0,0,0,0,0,0,,,,,,DMND0004284,,,,Market & Partner Development
Epic,DMND0004278 Measure Time to Decision for Hardship Applications,Data Office,,,,,Philip Troop,Parteek Gabba,,,,,,,,,,Medium,,,DA-7432,Backlog,,,,0,0,0,0,0,0,0,0,,,,,,DMND0004278,,,,Operations - Collections
Epic,DMND0004283 Correct Customer Data: Retain One 'is_current=true' & Tag Source System Deletions via Date Field in Semantic/Conformed,Data Office,,,,,Philip Troop,Parteek Gabba,,,,,,,,,,Medium,,,DA-7433,Backlog,,,,0,0,0,0,0,0,0,0,,,,,,DMND0004283,,,,Data Office
Epic,FY27-Q1 Gemba Incidents,Data Office,,,,DO - Gemba,Mark Pavkovic,Mark Pavkovic,,,,,,,,,Incidents & Service Requests,Medium,,"Squad Gemba, BAU - Funding, Incidents - BAU, DO FY27 Q1 Gemba Planning",DA-7743,Backlog,,,,0,0,0,0,0,0,0,0,,,,,,,,,,
Epic,FY27-Q1 Gemba | BAU / Service Requests,Data Office,,,,DO - Gemba,Mark Pavkovic,Mark Pavkovic,,,,,,,,,Incidents & Service Requests,Medium,,"Squad Gemba, BAU - Funding, Service Requests - BAU",DA-7744,Backlog,,,,0,0,0,0,0,0,0,0,,,Must Have,,,,,,,
Epic,Lack of an interface for vehicle code mapping,Data Office,,,,Data Office,,Mark Pavkovic,,,,,,,,,Data Office Tech Debt Register,Medium,,,DA-7769,Backlog,,,,0,0,0,0,0,0,0,0,,,,,,,,,,
Epic,Hardship data doesn‚Äôt fit with our architecture,Data Office,,,,Data Office,,Mark Pavkovic,,,,,,,,,Data Office Tech Debt Register,Medium,,,DA-7770,Backlog,,,,0,0,0,0,0,0,0,0,,,,,,,,,,
Epic,Dimensional model of dim/fact tables vintage design,Data Office,,,,Data Office,,Mark Pavkovic,,,,,,,,,Data Office Tech Debt Register,Medium,,,DA-7771,Backlog,,,,0,0,0,0,0,0,0,0,,,,,,,,,,
Epic,Ingestion Complaints Master BIX ,Data Office,,,DO - COPS,DO - COPS,Himanshu Gahlot,Sean Murray,,,,,,,,,ASIC Reporting - IDR / EDR Complaints,Medium,,"Squad COPS, Customer - Domain, Domain - Funding",DA-7819,Backlog,,,,0,0,0,0,9,0,0,9,,,,,,,,,,
Epic,Asset Recovery - Phase 2: Post Go Live Development Changes,Data Office,,,DO - COPS,DO - COPS,Sean Murray,Sean Murray,,,,,,14-Mar-26,,,Asset Management Asset Recovery Project,Medium,,"Squad COPS, Project - Funding, AMAR - CC, DO Q4 COPS Planning",DA-7823,Backlog,,,,0,0,0,0,9,0,0,9,,,Must Have,,,,,,,
Epic,DMND0004260 | Head occupancy dashboard extra requirement,Data Office,,,,DO - DataCruiser,Prerna Sharma,Philip Troop,,,,,,31-Mar-26,,,DataCruiser Demands (Data Office),Medium,"DataCruiser, Engineering","Squad DataCruiser, BAU - Funding, Demands - BAU, DO FY27 Q1 DataCruiser Planning",DA-7825,Backlog,,,,0,0,0,0,0,0,0,0,,,Must Have,Medium (2 - 4 weeks),NA,DMND0003806,Corporate,,,Corporate Services
Epic,JIT Insights delivery pattern,Data Office,,,,DO - DataCruiser,Prafull Ranjan,Philip Troop,,,,,,,,,Just-In-Time Self-Service Insights,Medium,,"Squad DataCruiser, DO FY27 Q1 DataCruiser Planning",DA-8592,Backlog,,,,0,0,0,0,0,0,0,0,,,Should Have,,,,,,,
Epic,Deployment of Performance dashboard into Production EDMP,Data Office,,,,,Gaurav Rawat,Baldeep Kaur,,,,,,,,,RFI Migration,Medium,,,DA-9271,Done,,,,0,0,0,0,0,0,0,0,,,,,,,,,,
Epic,Pega primary keys missing,Data Office,,,,,,Mark Pavkovic,,,,,,,,,Data Office Tech Debt Register,Medium,,,DA-9279,Backlog,,,,0,0,0,0,0,0,0,0,,,,,,,,,,
Epic,Timestamp columns being defined using incorrect datatype,Data Office,,,,,,Mark Pavkovic,,,,,,,,,Data Office Tech Debt Register,Medium,,,DA-9280,Backlog,,,,0,0,0,0,0,0,0,0,,,,,,,,,,
Epic,Define and Evaluate Solution Pathways for Scalable Self Service,Data Office,,,,,,Daniel Wade,,,,,,,,,,Medium,,,DA-9296,Backlog,,,,0,0,0,0,0,0,0,0,,,,,,,,,,
Epic,Create and Socialise the Self Service Rollout Plan,Data Office,,,,,,Daniel Wade,,,,,,,,,,Medium,,,DA-9301,Backlog,,,,0,0,0,0,0,0,0,0,,,,,,,,,,
Epic,Establish Lifecycle Standards for Just in Time Insights Products,Data Office,,,,,,Daniel Wade,,,,,,,,,,Medium,,,DA-9302,Backlog,,,,0,0,0,0,0,0,0,0,,,,,,,,,,
Epic,Implement Usage & Cost Transparency for Self Service Tools,Data Office,,,,,,Daniel Wade,,,,,,,,,,Medium,,,DA-9303,Backlog,,,,0,0,0,0,0,0,0,0,,,,,,,,,,
Epic,Enable Self-Service for Priority Data Segments,Data Office,,,,,,Daniel Wade,,,,,,,,,,Medium,,,DA-9304,Backlog,,,,0,0,0,0,0,0,0,0,,,,,,,,,,
Epic,Deliver End to End Data Quality Transparency,Data Office,,,,,,Daniel Wade,,,,,,,,,,Medium,,,DA-9305,Backlog,,,,0,0,0,0,0,0,0,0,,,,,,,,,,
Epic,Enable Priority Data Segments,Data Office,,,,,,Daniel Wade,,,,,,,,,,Medium,,,DA-9306,Backlog,,,,0,0,0,0,0,0,0,0,,,,,,,,,,
Epic,Complete Metadata for Preferred Data Segments,Data Office,,,,,,Daniel Wade,,,,,,,,,,Medium,,,DA-9307,Backlog,,,,0,0,0,0,0,0,0,0,,,,,,,,,,
Epic,Establish a Business Friendly Data Dictionary for Priority Segments,Data Office,,,,,,Daniel Wade,,,,,,,,,,Medium,,,DA-9308,Backlog,,,,0,0,0,0,0,0,0,0,,,,,,,,,,
Epic,Create Business Glossary for High Value Use Cases,Data Office,,,,,,Daniel Wade,,,,,,,,,,Medium,,,DA-9310,Backlog,,,,0,0,0,0,0,0,0,0,,,,,,,,,,
Epic,Implement Data Lineage for Critical Entities,Data Office,,,,,,Daniel Wade,,,,,,,,,,Medium,,,DA-9311,Backlog,,,,0,0,0,0,0,0,0,0,,,,,,,,,,
Epic,Establish Actionable Data Confidentiality Transparency,Data Office,,,,,,Daniel Wade,,,,,,,,,,Medium,,,DA-9313,Backlog,,,,0,0,0,0,0,0,0,0,,,,,,,,,,
Epic,Implement Role Based Access Controls for Priority Data Domains,Data Office,,,,,,Daniel Wade,,,,,,,,,,Medium,,,DA-9315,Backlog,,,,0,0,0,0,0,0,0,0,,,,,,,,,,
Epic,Create tables from WIP.Dbo.RFI,Data Office,,,,,Gaurav Rawat,Baldeep Kaur,,,,,,,,,RFI Migration,Medium,,,DA-9322,Backlog,,,,0,0,0,0,0,0,0,0,,,,,,,,,,
Epic,DMND0003471 AFCA regulatory changes - Foreseeable changes- Data Management,Data Office,,,,DO - Gemba,,Anju Unnithan,,,,,,,,,,Medium,,"Squad Gemba, BAU - Funding, DO FY27 Q1 Gemba Planning",DA-9356,Backlog,,,,0,0,0,0,0,0,0,0,,,,,,,,,,