Hierarchy,Title,Space,Releases (roll-up),Releases,Team (roll-up),Team,Assignee,Reporter,Sprint (roll-up),Sprint,Target start date,Target end date,Due date (roll-up),Due date,Story points (roll-up),Story points,Parent,Priority,Labels,Components,Work item key,Work item status,Goal,Goal status,Idea,Progress (%),Progress completed (sp),Progress remaining (sp),Progress (%) work item count (IC),To do IC,In progress IC,Done IC,Total IC,Start date (roll-up),Start date,MoSCoW,T-shirt Size,DA Team,SNOW reference no.,Business Dept,Estimate (T-shirt size),BusinessValue,Business unit
Sub-task,Write unit tests for logistics logic,Innovation Hub,,,,IH - Vertex,Quinn Silva,Logan Gupta,,Vertex Q4S1 + Horizon Q3S2 [COMPLETED] + Atlas Q4S2,,,,45955,,21,,Medium,"Infrastructure, Platform, Reporting","Squad Horizon, Squad Vertex, BI & Analytics - Practice, Cloud Migration - CC",IH-2834,Backlog,,,,0,0,21,0,0,1,0,1,,45991,Could Have,,,,,,,Legal
Epic,DMND0005449 Marketing Attribution Data Model,Innovation Hub,,,"IH - Catalyst, IH - Vertex, IH - Nebula",IH - Pulse,Blake Brennan,Peyton Yamamoto,Pulse FY27-Q1S3 [COMPLETED],Pulse FY27-Q1S3 [COMPLETED],,,,45944,169,,,Medium,"DevOps, Performance","Squad Vertex, BI & Analytics - Practice",IH-5839,Backlog,,,,0,0,0,0,9,1,0,10,,,,Small (< 2 weeks),Cloud Platform,INC0231171,,Medium (2 - 4 weeks),,
Story,Defect - billing not displaying correct values,Innovation Hub,,,,IH - Nebula,Hayden Gupta,Kendall Gupta,,Nebula Q3S6,,,,46029,,0,DMND0005449 Marketing Attribution Data Model,Medium,Automation,"Platform Ops - CC, Incidents - BAU, BAU - Funding",IH-3090,In Progress,,,,25.31,0,0,15.76,0,1,1,2,,,,,,,,,,
Story,Integrate logistics API with silver platform,Innovation Hub,,,,IH - Vertex,Morgan Novak,Alex Nakamura,,,,,,46107,,13,DMND0005449 Marketing Attribution Data Model,Medium,Infrastructure,"Squad Catalyst, Squad Atlas",IH-5185,Backlog,,,,0,0,13,0,1,0,0,1,,46031,Could Have,,,,,,,
Story,Investigate contract data discrepancy,Innovation Hub,,,,IH - Catalyst,,Sam Johansson,,,,,,46093,,0,DMND0005449 Marketing Attribution Data Model,Medium,Compliance,"Squad Catalyst, BI & Analytics - Practice",IH-6609,Backlog,,,,0,0,0,0,2,1,0,3,,45938,Should Have,,,,,,,
Story,Create logistics data pipeline for transformation module,Innovation Hub,,,,IH - Horizon,Emerson Eriksson,Logan Kim,,Catalyst Q4S1 [COMPLETED],,,,45936,,2,DMND0005449 Marketing Attribution Data Model,Medium,"Security, Q1FY27","Demands - BAU, Squad Pulse, Squad Horizon",IH-4397,Backlog,,,,0,0,2,0,2,0,0,2,,45933,Should Have,,,,,,,
Story,UAT sign-off for contract feature,Innovation Hub,,,,IH - Nebula,Peyton Yamamoto,Peyton Johansson,,,,,,45976,,13,DMND0005449 Marketing Attribution Data Model,Medium,Automation,"Squad Vertex, BAU - Funding",IH-1269,Done,,,,100,13,0,100,0,0,1,1,,,,,Data Architecture,,,Large (4 - 6 weeks),,
Story,Set up pricing environment for bronze testing,Innovation Hub,,,,IH - Nebula,Sam Costa,,,Pulse Q3S5 [COMPLETED] + Atlas Q4S5,,,,45967,,21,DMND0005449 Marketing Attribution Data Model,High,Integration,Squad Pulse,IH-2501,Elaboration,,,,0,0,21,0,2,0,0,2,,46027,,,,,Finance & Risk,,,
Story,Document revenue data flow and dependencies,Innovation Hub,,,,IH - Vertex,Kendall Gupta,Peyton Nakamura,,,,,,45967,,13,DMND0005449 Marketing Attribution Data Model,Medium,Migration,"Incidents - BAU, Squad Catalyst",IH-6854,Backlog,,,,0,0,13,0,1,1,0,2,,46044,Should Have,,Data Engineering,,,,,
Story,Implement forecast validation rules in staging layer,Innovation Hub,,,,IH - Vertex,Emerson Eriksson,Peyton Silva,,Horizon Q4S2 [COMPLETED] + Pulse Q3S4 + Catalyst Q4S1 [COMPLETED] + Atlas Q3S4 [COMPLETED],,,,,,13,DMND0005449 Marketing Attribution Data Model,Medium,,"Squad Pulse, Squad Catalyst, Squad Horizon, Incidents - BAU",IH-2503,Elaboration,,,,0,0,13,0,0,3,0,3,,45927,,,Cloud Platform,,Customer Operations,,,
Story,Defect - Null values in campaign column,Innovation Hub,,,,IH - Nebula,Cameron Nakamura,Dakota Nakamura,,,,,,46107,,13,DMND0005449 Marketing Attribution Data Model,Medium,Infrastructure,"Cloud Migration - CC, Demands - BAU, Incidents - BAU",IH-7580,Backlog,,,,0,0,13,0,0,2,0,2,,46010,Must Have,,,,,,,
Story,Investigate campaign data discrepancy,Innovation Hub,,,,IH - Nebula,Riley Dumont,Skyler Kowalski,,Pulse Q4S5 [COMPLETED] + Vertex Q3S6 [COMPLETED],,,,45946,,5,DMND0005449 Marketing Attribution Data Model,High,,"Data Engineering - Practice, Squad Pulse, Cloud Migration - CC, Squad Catalyst",IH-4191,Done,,,,100,5,0,100,0,0,0,0,,45975,Could Have,,BI Reporting,,,Medium (2 - 4 weeks),,
Story,Migrate payment table from on-prem to cloud,Innovation Hub,,,,IH - Catalyst,Peyton Yamamoto,,,Vertex FY27-Q1S2,,,,46013,,2,DMND0005449 Marketing Attribution Data Model,Medium,Analytics,"Data Engineering - Practice, Squad Horizon, Cloud Migration - CC",IH-2217,Selected for Development,,,,0,0,2,0,0,0,0,0,,,Should Have,,NA,,,,,
Story,Validate billing data accuracy after migration,Innovation Hub,,,,IH - Nebula,Remy Chen,Sam Okafor,,Nebula FY27-Q1S4 + Pulse Q4S3,,,,,,13,DMND0005449 Marketing Attribution Data Model,Highest,Performance,"Project - Funding, Incidents - BAU, Squad Atlas, BAU - Funding",IH-4008,Done,Cloud Platform Migration,Off Track,,100,13,0,100,0,0,2,2,,45949,,,Data Science,,Customer Operations,,,
Story,Optimise order query performance,Innovation Hub,,,,IH - Nebula,Dakota Nakamura,Emerson Eriksson,,Catalyst FY27-Q1S5,,,,46067,,21,DMND0005449 Marketing Attribution Data Model,Low,"Infrastructure, Performance","Squad Pulse, Squad Nebula, Squad Catalyst",IH-1320,In Progress,,,,45.9,10,11,19.04,0,0,0,0,,46023,Won't Have,,Data Science,,,,,
Story,Create compliance data pipeline for reporting module,Innovation Hub,,,,IH - Pulse,Drew Larsson,Harper Chen,,Pulse Q4S2 + Pulse Q3S6,,,,45949,,3,DMND0005449 Marketing Attribution Data Model,Medium,,"Demands - BAU, Squad Vertex, BAU - Funding",IH-1101,Backlog,,,,0,0,3,0,1,2,0,3,,46020,Won't Have,,,,,,,
Story,Defect - Null values in contract column,Innovation Hub,,,,IH - Atlas,Dakota Nakamura,Sam Costa,,,,,,45901,,0,DMND0005449 Marketing Attribution Data Model,Medium,"Performance, Compliance, Reporting","Platform Ops - CC, Cloud Migration - CC, BI & Analytics - Practice",IH-4950,Backlog,Data Quality Framework,At Risk,Compliance,0,0,0,0,0,1,0,1,,46029,,,,,,Medium (2 - 4 weeks),,
Sub-task,Resolve merge conflict in inventory branch,Innovation Hub,,,,IH - Horizon,Harper Chen,Sam Okafor,,Pulse Q3S4 + Atlas FY27-Q1S3,,,,45924,,2,Document revenue data flow and dependencies,Medium,,"BI & Analytics - Practice, Project - Funding, Squad Catalyst, Squad Horizon",IH-8571,Backlog,,,,0,0,2,0,1,0,0,1,,,Could Have,,,,Finance & Risk,Large (4 - 6 weeks),,
Story,Create contract data pipeline for notification module,Innovation Hub,,,,IH - Vertex,Drew Petrov,Peyton Nakamura,,Catalyst Q3S5 [COMPLETED] + Horizon Q3S1 + Atlas Q4S4,,,,46060,,8,DMND0005449 Marketing Attribution Data Model,Lowest,,"Squad Horizon, Project - Funding, Squad Vertex",IH-8203,Blocked,,,Migration,0,0,8,0,0,0,0,0,,,Won't Have,,,,Legal,,,
Sub-task,Update forecast configuration in gold env,Innovation Hub,,,,IH - Catalyst,Emerson Eriksson,Drew Kowalski,,Horizon Q4S1,,,,46059,,13,Create logistics data pipeline for transformation module,Medium,DevOps,"Cloud Migration - CC, Platform Ops - CC",IH-1444,In Progress,,,,46.79,6,7,49.58,1,0,0,1,,45929,Could Have,,,,,,,
Story,Document inventory data flow and dependencies,Innovation Hub,,,,IH - Pulse,Alex Nakamura,Peyton Yamamoto,,Catalyst Q4S3 + Atlas FY27-Q1S6,,,,,,5,DMND0005449 Marketing Attribution Data Model,Medium,"Compliance, DevOps","Platform Ops - CC, Data Engineering - Practice, Squad Horizon, BAU - Funding",IH-9465,Selected for Development,,,,0,0,5,0,0,0,0,0,,45957,,,,,,,,
Sub-task,Review pull request for supplier changes,Innovation Hub,,,,IH - Vertex,Oakley Petrov,Remy Chen,,Atlas Q3S6 + Atlas FY27-Q1S3,,,,,,2,Create contract data pipeline for notification module,Medium,,"Incidents - BAU, Demands - BAU, Squad Horizon, Squad Vertex",IH-5509,Backlog,,,,0,0,2,0,0,0,0,0,,45963,,,,,,,,
Story,Investigate customer data discrepancy,Innovation Hub,,,,IH - Pulse,Sam Costa,,,Vertex Q4S1 + Vertex Q3S2 + Vertex Q4S4 + Vertex FY27-Q1S1,,,,,,21,DMND0005449 Marketing Attribution Data Model,Medium,"DevOps, Automation","BI & Analytics - Practice, Project - Funding, Squad Pulse, BAU - Funding",IH-5403,Backlog,Cloud Platform Migration,At Risk,,0,0,21,0,3,0,0,3,,46020,,,NA,,,Small (< 2 weeks),,Legal
Story,Create logistics data pipeline for bronze module,Innovation Hub,,,,IH - Horizon,Peyton Yamamoto,Peyton Johansson,,Vertex Q3S5 [COMPLETED] + Nebula FY27-Q1S3 [COMPLETED] + Pulse FY27-Q1S1 [COMPLETED] + Nebula Q3S3,,,,45974,,21,DMND0005449 Marketing Attribution Data Model,Low,Integration,"Cloud Migration - CC, Squad Nebula, BAU - Funding, Incidents - BAU",IH-8629,Done,,,,100,21,0,100,0,0,0,0,,45915,Should Have,,,,,Large (4 - 6 weeks),,
Sub-task,Grant access permissions for compliance resource,Innovation Hub,,,,IH - Atlas,Logan Gupta,Sam Costa,,Pulse Q3S5 [COMPLETED] + Horizon FY27-Q1S5 + Catalyst Q3S2,,,,46027,,13,Create compliance data pipeline for reporting module,Medium,,"Squad Vertex, Squad Nebula, Squad Atlas",IH-7006,Backlog,,,,0,0,13,0,1,0,0,1,,46010,,,,,,,,Human Resources
Sub-task,Grant access permissions for payment resource,Innovation Hub,,,,IH - Horizon,Alex Nakamura,Peyton Costa,,Horizon FY27-Q1S3 + Nebula Q3S6,,,,46107,,3,Integrate logistics API with silver platform,Medium,"Q2FY27, Security","Platform Ops - CC, BI & Analytics - Practice, Squad Catalyst",IH-5705,Done,,,,100,3,0,100,0,0,2,2,,46029,,,,CHG0081576,,,,
Sub-task,Write unit tests for order logic,Innovation Hub,,,,IH - Atlas,Quinn Silva,,,,,,,46011,,21,Defect - billing not displaying correct values,High,,"Cloud Migration - CC, Demands - BAU, Squad Atlas, BI & Analytics - Practice",IH-9343,Backlog,,,Automation,0,0,21,0,0,3,0,3,,,Must Have,,BI Reporting,,,,,
Story,Update forecast transformation logic,Innovation Hub,,,,IH - Nebula,Sam Okafor,Morgan Novak,,Nebula Q3S5 + Horizon Q4S1 + Pulse FY27-Q1S6 + Horizon Q4S5,,,,45980,,8,DMND0005449 Marketing Attribution Data Model,Medium,Security,Squad Nebula,IH-7832,Done,,,,100,8,0,100,0,0,1,1,,45981,,,,,,,,
Epic,DMND0006537 Product Recommendation Engine,Innovation Hub,,,IH - Nebula,IH - Catalyst,Oakley Petrov,Harper Okafor,Catalyst Q3S3 [COMPLETED],Catalyst Q3S3 [COMPLETED],,,,,159,,,Low,"Platform, Migration",BAU - Funding,IH-1045,Done,Data Quality Framework,Off Track,,100,0,0,100,0,0,12,12,,45999,Must Have,Large (4 - 6 weeks),,,,Medium (2 - 4 weeks),,
Sub-task,Analyse existing inventory process,Innovation Hub,,,,IH - Nebula,Jordan Gupta,Drew Larsson,,Vertex Q4S2 + Catalyst Q3S3 [COMPLETED],,,,45930,,2,Create compliance data pipeline for reporting module,Medium,"Integration, Reporting, Q1FY27","Squad Pulse, Cloud Migration - CC",IH-4229,Done,,,,100,2,0,100,0,0,1,1,,,,,,,Supply Chain,,,
Story,Migrate supplier table from on-prem to cloud,Innovation Hub,,,,IH - Pulse,Morgan Novak,,,,,,,45972,,1,DMND0006537 Product Recommendation Engine,High,,Incidents - BAU,IH-2300,Backlog,,,,0,0,1,0,2,0,0,2,,45940,Must Have,,,,,,,
Sub-task,Resolve merge conflict in contract branch,Innovation Hub,,,,IH - Catalyst,Logan Kim,Peyton Brennan,,Atlas FY27-Q1S1 + Nebula FY27-Q1S4 + Horizon FY27-Q1S4 [COMPLETED] + Vertex Q4S5,,,,,,8,Validate billing data accuracy after migration,Medium,"Reporting, Q2FY27","Incidents - BAU, BI & Analytics - Practice",IH-4965,Backlog,Automated Compliance Pipeline,Achieved,,0,0,8,0,2,0,0,2,,,,,,,,,,Human Resources
Sub-task,Resolve merge conflict in contract branch,Innovation Hub,,,,IH - Atlas,Morgan Novak,,,Atlas Q3S2,,,,,,5,Create compliance data pipeline for reporting module,Medium,"Q1FY27, Migration, Analytics",Squad Catalyst,IH-2571,Done,Data Quality Framework,Off Track,,100,5,0,100,0,0,1,1,,,,,,,,,,
Sub-task,Analyse existing order process,Innovation Hub,,,,IH - Nebula,Dakota Nakamura,,,,,,,,,21,Validate billing data accuracy after migration,Medium,"Q1FY27, Migration, Platform",Cloud Migration - CC,IH-9112,Backlog,,,,0,0,21,0,0,3,0,3,,45983,Could Have,,Cloud Platform,,,,,
Sub-task,Update documentation for compliance schema,Innovation Hub,,,,IH - Vertex,Avery Petrov,,,Nebula FY27-Q1S3 [COMPLETED],,,,46017,,8,Investigate contract data discrepancy,Low,"Performance, Security, Integration","Incidents - BAU, BAU - Funding, Squad Horizon",IH-2670,In Progress,,,,46.03,4,4,20.18,1,1,1,3,,45954,,,,,,,,
Story,Configure customer alerts for reconciliation monitoring,Innovation Hub,,,,IH - Atlas,Jordan Gupta,Drew Larsson,,,,,,,,13,DMND0005449 Marketing Attribution Data Model,Medium,"DevOps, Migration","BI & Analytics - Practice, Cloud Migration - CC",IH-2159,Backlog,,,,0,0,13,0,0,0,0,0,,45953,Could Have,,,,,,,
Story,Document pricing data flow and dependencies,Innovation Hub,,,,IH - Catalyst,Alex Nakamura,Cameron Nakamura,,,,,,46093,,8,DMND0005449 Marketing Attribution Data Model,Medium,,"Squad Atlas, Demands - BAU, Cloud Migration - CC",IH-1921,Done,,,,100,8,0,0,0,0,3,3,,,,,,,Product & Technology,,,
Sub Test Execution,Update documentation for fleet schema,Innovation Hub,,,,IH - Nebula,Remy Johansson,Alex Nakamura,,,,,,,,,Update forecast transformation logic,Medium,"Infrastructure, Q1FY27","Squad Nebula, Data Engineering - Practice, Platform Ops - CC",IH-2779,Backlog,,,,0,0,0,0,0,0,0,0,,,Could Have,,,,,,,
Story,Validate contract data accuracy after migration,Innovation Hub,,,,IH - Horizon,Avery Petrov,Sam Johansson,,Catalyst FY27-Q1S3 + Catalyst Q4S4,,,,46019,,5,DMND0005449 Marketing Attribution Data Model,Medium,Migration,"Squad Nebula, Squad Vertex, BI & Analytics - Practice, Squad Atlas",IH-7001,In Progress,,,,56.45,3,2,10.53,0,0,1,1,,45970,,,,,Marketing & Digital,,,
Sub-task,Set up logistics scheduling in orchestrator,Innovation Hub,,,,IH - Nebula,Remy Johansson,Peyton Yamamoto,,Pulse FY27-Q1S1 [COMPLETED] + Atlas Q3S1 + Horizon FY27-Q1S6 + Horizon Q3S5,,,,,,5,Create contract data pipeline for notification module,Medium,Automation,"BI & Analytics - Practice, Cloud Migration - CC, Squad Catalyst",IH-8756,In Progress,,,,78.99,4,1,37.86,0,0,0,0,,,,,Cloud Platform,DMND00034252,,,,
Sub-task,Update billing configuration in production env,Innovation Hub,,,,IH - Nebula,Morgan Novak,Harper Okafor,,Horizon Q3S1 + Nebula Q4S5 + Horizon Q4S2 [COMPLETED],,,,45900,,21,Update forecast transformation logic,Medium,"DevOps, Security, Integration","Squad Vertex, BI & Analytics - Practice, Demands - BAU",IH-4083,Elaboration,,,,0,0,21,0,1,2,0,3,,46012,,,,,,,,
Sub-task,Grant access permissions for campaign resource,Innovation Hub,,,,IH - Vertex,Logan Kim,Skyler Petrov,,Horizon Q4S1 + Vertex Q4S6 + Nebula Q4S4 + Pulse Q4S3,,,,45911,,1,Create logistics data pipeline for bronze module,Medium,"Analytics, Migration, Security","Squad Atlas, Squad Vertex",IH-4421,In Progress,,,,18.05,0,1,33.2,0,1,0,1,,,Must Have,,,,,,,Product & Technology
Story,Implement billing validation rules in notification layer,Innovation Hub,,,,IH - Vertex,Noel Silva,Skyler Petrov,,,,,,45971,,3,DMND0005449 Marketing Attribution Data Model,High,"Security, Automation, Compliance","Demands - BAU, Squad Nebula",IH-5638,In Progress,,,,37.65,1,2,72.82,0,0,0,0,,,Could Have,,,,,Large (4 - 6 weeks),,
Story,Optimise order query performance,Innovation Hub,,,,IH - Horizon,,Cameron Nakamura,,Atlas Q4S4,,,,,,2,DMND0005449 Marketing Attribution Data Model,Medium,"DevOps, Integration","Cloud Migration - CC, Squad Atlas, Demands - BAU",IH-6788,Backlog,,,,0,0,2,0,3,0,0,3,,46048,Should Have,,Data Engineering,,,,,
Sub-task,Analyse existing inventory process,Innovation Hub,,,,IH - Catalyst,Skyler Petrov,Emerson Eriksson,,Horizon Q4S1 + Nebula Q3S5 + Horizon Q3S4 + Horizon FY27-Q1S3,,,,46002,,5,Document pricing data flow and dependencies,Medium,"Automation, Integration",Project - Funding,IH-2251,Backlog,,,,0,0,5,0,0,0,0,0,,46019,,,,,,,,
Sub-task,Resolve merge conflict in payment branch,Innovation Hub,,,,IH - Atlas,,Noel Silva,,Pulse Q3S1 + Pulse Q3S6,,,,46119,,13,Validate billing data accuracy after migration,Low,"Security, Infrastructure","Squad Catalyst, Demands - BAU, Platform Ops - CC, Squad Pulse",IH-1367,Backlog,Real-Time Analytics Engine,On Track,Security,0,0,13,0,1,1,0,2,,45950,Must Have,,,,,,,
Epic,DMND0006603 Sustainability Reporting Dashboard,Innovation Hub,,,"IH - Horizon, IH - Pulse",IH - Catalyst,Emerson Eriksson,Avery Petrov,Horizon Q3S2 [COMPLETED],Horizon Q3S2 [COMPLETED],,,,46081,57,,,Medium,"Analytics, Q2FY27, Security",Squad Catalyst,IH-8705,In Progress,Cloud Platform Migration,Achieved,,53.45,0,0,37.17,0,1,2,3,,,Should Have,,BI Reporting,,,,,
Epic,DMND0004451 Product Recommendation Engine,Innovation Hub,,,"IH - Catalyst, IH - Horizon",IH - Pulse,Blake Brennan,Taylor Patel,Catalyst Q3S5 [COMPLETED],Catalyst Q3S5 [COMPLETED],,,46009,46009,206,,,Highest,"Reporting, Platform","Cloud Migration - CC, BI & Analytics - Practice",IH-4835,Done,,,,100,0,0,100,0,0,13,13,46029,46029,,,Data Architecture,,,,,
Story,Update customer transformation logic,Innovation Hub,,,,IH - Pulse,Skyler Petrov,,,Vertex Q4S4,,,,,,2,DMND0006537 Product Recommendation Engine,High,"Platform, Infrastructure, Automation","Squad Horizon, BAU - Funding",IH-1676,Done,,,,100,2,0,100,0,0,0,0,,,Must Have,,BI Reporting,,,,,
Story,Set up contract environment for enrichment testing,Innovation Hub,,,,IH - Pulse,Jamie Gupta,Riley Dumont,,Vertex FY27-Q1S5 + Nebula FY27-Q1S6 + Atlas Q4S2,,,,46055,,8,DMND0006603 Sustainability Reporting Dashboard,Medium,"Integration, Q2FY27","BI & Analytics - Practice, Squad Catalyst",IH-6897,Backlog,,,,0,0,8,0,2,0,0,2,,46028,,,NA,,Finance & Risk,,,
Sub-task,Update documentation for supplier schema,Innovation Hub,,,,IH - Atlas,Taylor Okafor,Quinn Silva,,Atlas Q4S1 + Pulse Q3S2 [COMPLETED],,,,45996,,0,Integrate logistics API with silver platform,Medium,,Demands - BAU,IH-8693,Backlog,,,,0,0,0,0,0,1,0,1,,45963,Should Have,,,,,X-Large (6+ weeks),,
Sub-task,Review pull request for inventory changes,Innovation Hub,,,,IH - Nebula,Skyler Kowalski,Quinn Silva,,,,,,,,5,Defect - Null values in campaign column,Medium,,"Demands - BAU, Cloud Migration - CC, Squad Vertex",IH-8988,In Progress,,,Q2FY27,47.25,2,3,22.73,0,0,0,0,,,,,,DMND00024942,,,,
Story,Migrate customer table from on-prem to cloud,Innovation Hub,,,,IH - Atlas,Taylor Patel,,,Catalyst FY27-Q1S5 + Horizon Q4S6,,,,45975,,8,DMND0006537 Product Recommendation Engine,Low,Analytics,"Squad Horizon, Demands - BAU, Cloud Migration - CC, Squad Catalyst",IH-2062,In Progress,,,,62.67,5,3,38.19,0,1,2,3,,45911,,,,,Human Resources,,,
Sub-task,Review pull request for revenue changes,Innovation Hub,,,,IH - Catalyst,Peyton Silva,,,Catalyst Q3S1 + Pulse Q4S3 + Horizon FY27-Q1S1,,,,46072,,0,Validate contract data accuracy after migration,Medium,,"Cloud Migration - CC, Project - Funding, Squad Atlas, Squad Vertex",IH-3151,Backlog,,,,0,0,0,0,2,1,0,3,,46039,,,Data Architecture,,,Large (4 - 6 weeks),,Finance & Risk
Sub-task,Performance test pricing query,Innovation Hub,,,,IH - Catalyst,Peyton Brennan,,,,,,,,,5,Document revenue data flow and dependencies,Medium,,Squad Pulse,IH-3676,Done,,,,100,5,0,100,0,0,0,0,,46032,,,,,,,,
Sub-task,Run regression tests on logistics module,Innovation Hub,,,,IH - Horizon,Peyton Yamamoto,Jamie Gupta,,,,,,,,8,Configure customer alerts for reconciliation monitoring,Medium,"Analytics, Performance","Incidents - BAU, Squad Vertex",IH-5424,Done,,,,100,8,0,100,0,0,3,3,,45960,Should Have,,Data Science,,,,,
Story,Create semantic views for logistics dataset,Innovation Hub,,,,IH - Horizon,Logan Gupta,,,Horizon Q4S6 + Catalyst Q4S3 + Nebula Q4S6,,,,,,2,DMND0004451 Product Recommendation Engine,Low,,Squad Atlas,IH-3577,Done,,,,100,2,0,0,0,0,3,3,,45965,,,,INC0299424,,,,
Story,Optimise billing query performance,Innovation Hub,,,,IH - Catalyst,Emerson Eriksson,Jamie Gupta,,Atlas Q3S3 + Horizon FY27-Q1S5,,,,46081,,21,DMND0005449 Marketing Attribution Data Model,Medium,Integration,"Squad Atlas, Data Engineering - Practice, Squad Catalyst, Squad Vertex",IH-4437,Backlog,Real-Time Analytics Engine,Off Track,,0,0,21,0,0,1,0,1,,45944,,,,,,Medium (2 - 4 weeks),,Supply Chain
Story,Deploy revenue service to production workspace,Innovation Hub,,,,IH - Nebula,,Remy Johansson,,Vertex Q4S6 + Catalyst Q4S6,,,,,,21,DMND0006537 Product Recommendation Engine,Lowest,,"Incidents - BAU, Squad Atlas, BAU - Funding",IH-4290,Selected for Development,,,,0,0,21,0,0,0,0,0,,45963,Should Have,,,,,,,Customer Operations
Story,Migrate pricing table from on-prem to cloud,Innovation Hub,,,,IH - Pulse,Peyton Brennan,Kendall Gupta,,,,,,45954,,1,DMND0006603 Sustainability Reporting Dashboard,Highest,"Automation, Migration, Analytics","Squad Horizon, Squad Nebula, BI & Analytics - Practice",IH-4817,In Progress,,,,38.77,0,1,33.39,0,1,0,1,,45963,Could Have,,Data Science,,,Large (4 - 6 weeks),,
Story,Validate compliance data accuracy after migration,Innovation Hub,,,,IH - Atlas,Skyler Kowalski,Skyler Kowalski,,Catalyst FY27-Q1S6 [COMPLETED] + Horizon Q3S5 + Pulse FY27-Q1S6 + Pulse FY27-Q1S5,,,,46025,,5,DMND0004451 Product Recommendation Engine,Low,,"Cloud Migration - CC, Squad Vertex, Squad Atlas, BI & Analytics - Practice",IH-2137,In Progress,,,,54.39,3,2,68.82,1,0,2,3,,45996,Must Have,,Cloud Platform,DMND00060860,,,,
Story,Implement order validation rules in enrichment layer,Innovation Hub,,,,IH - Nebula,Sam Costa,,,,,,,45917,,21,DMND0006537 Product Recommendation Engine,High,"Analytics, Compliance","Demands - BAU, Project - Funding, Squad Pulse",IH-3563,Done,,,,100,21,0,0,0,0,0,0,,,Should Have,,,,,,,
Sub-task,Create DML scripts for forecast migration,Innovation Hub,,,,IH - Atlas,Peyton Silva,Peyton Silva,,Catalyst FY27-Q1S6 [COMPLETED] + Atlas FY27-Q1S6 + Nebula Q4S1 + Horizon Q4S3,,,,,,0,Optimise order query performance,Medium,,Squad Catalyst,IH-1112,Blocked,Self-Service BI Portal,On Track,,0,0,0,0,1,1,0,2,,45977,,,,,,,,
Story,Implement supplier validation rules in ingestion layer,Innovation Hub,,,,IH - Catalyst,,Peyton Brennan,,Vertex Q4S1,,,,46116,,21,DMND0006603 Sustainability Reporting Dashboard,High,,"Squad Atlas, BI & Analytics - Practice, BAU - Funding",IH-8498,Done,,,,100,21,0,100,0,0,2,2,,,Should Have,,NA,,,,,
Sub-task,Update documentation for campaign schema,Innovation Hub,,,,IH - Atlas,,Harper Okafor,,Vertex Q3S1 + Nebula Q3S2 + Nebula FY27-Q1S4 + Atlas FY27-Q1S4,,,,46106,,3,Optimise order query performance,Medium,Infrastructure,"Data Engineering - Practice, Squad Atlas, BI & Analytics - Practice, Cloud Migration - CC",IH-4299,Blocked,,,,0,0,3,0,0,0,0,0,,,,,,,,,,
Sub Test Execution,Validate row counts for billing table,Innovation Hub,,,,IH - Atlas,Morgan Novak,Avery Petrov,,Catalyst FY27-Q1S5 + Nebula Q3S2,,,,,,,Migrate supplier table from on-prem to cloud,Highest,,"Squad Atlas, Demands - BAU, Squad Vertex, Project - Funding",IH-1923,In Progress,,,,54.37,0,0,34.52,1,0,2,3,,46015,,,NA,,Legal,Large (4 - 6 weeks),,
Sub-task,Review pull request for fleet changes,Innovation Hub,,,,IH - Nebula,Emerson Eriksson,,,,,,,45957,,2,Migrate pricing table from on-prem to cloud,Medium,"Analytics, Migration","Squad Pulse, Squad Catalyst, Demands - BAU",IH-6296,Done,,,,100,2,0,100,0,0,0,0,,,Must Have,,,,,,,
Story,Add billing field mapping to notification schema,Innovation Hub,,,,IH - Pulse,Logan Gupta,Oakley Petrov,,,,,,46060,,13,DMND0006537 Product Recommendation Engine,Medium,"Q1FY27, Automation","Squad Atlas, Data Engineering - Practice, Incidents - BAU",IH-7917,In Progress,,,Reporting,84.71,11,2,70.89,0,0,2,2,,,Won't Have,,,,Human Resources,,,
Epic,DMND0005910 Employee Engagement Survey Platform,Innovation Hub,,,"IH - Catalyst, IH - Nebula, IH - Atlas",IH - Horizon,,,,,,,,,312,,,High,Integration,Squad Nebula,IH-8474,Backlog,,,,0,0,0,0,4,6,0,10,,,,Small (< 2 weeks),,DMND00014732,,,,
Story,Migrate compliance table from on-prem to cloud,Innovation Hub,,,,IH - Nebula,Peyton Brennan,Blake Brennan,,Pulse FY27-Q1S5 + Nebula FY27-Q1S5 [COMPLETED],,,,,,0,DMND0005449 Marketing Attribution Data Model,High,"Performance, Infrastructure, Analytics","Project - Funding, Squad Nebula, BAU - Funding, Squad Vertex",IH-6775,Done,,,,100,0,0,0,0,0,2,2,,,,,,,Product & Technology,,,
SAFe Epic,Data Governance & Quality Initiative,Innovation Hub,,,IH - Catalyst,IH - Nebula,Sam Okafor,Blake Brennan,Pulse FY27-Q1S3 [COMPLETED] + Atlas Q4S6 [COMPLETED] + Pulse FY27-Q1S6,Pulse FY27-Q1S3 [COMPLETED] + Atlas Q4S6 [COMPLETED] + Pulse FY27-Q1S6,,,45975,45975,237,,,Medium,Integration,"Cloud Migration - CC, Squad Pulse",IH-4554,Done,,,Q2FY27,100,0,0,0,0,0,1,1,45947,45947,Won't Have,,,,,,,Supply Chain
Story,Optimise customer query performance,Innovation Hub,,,,IH - Atlas,Remy Johansson,Peyton Yamamoto,,Atlas Q3S6 + Nebula FY27-Q1S5 [COMPLETED],,,,46044,,3,DMND0005449 Marketing Attribution Data Model,High,"Migration, Security, Infrastructure","Squad Catalyst, Data Engineering - Practice",IH-6544,Backlog,,,,0,0,3,0,0,1,0,1,,46048,Should Have,,BI Reporting,,,,,
Story,Validate compliance data accuracy after migration,Innovation Hub,,,,IH - Vertex,Sam Johansson,Hayden Gupta,,Atlas Q3S6,,,,45906,,1,DMND0004451 Product Recommendation Engine,Medium,,"Demands - BAU, Data Engineering - Practice, Project - Funding",IH-7954,Done,,,,100,1,0,0,0,0,3,3,,45989,,,,,,,,
Sub-task,Write unit tests for warranty logic,Innovation Hub,,,,IH - Vertex,Drew Larsson,Casey Torres,,Nebula Q3S5 + Catalyst FY27-Q1S1 [COMPLETED] + Horizon Q4S5,,,,45941,,21,Migrate customer table from on-prem to cloud,Medium,,Squad Vertex,IH-1622,Backlog,,,,0,0,21,0,1,2,0,3,,46045,Could Have,,,,,,,
Sub-task,Run regression tests on compliance module,Innovation Hub,,,,IH - Atlas,Sam Johansson,Peyton Silva,,Nebula Q4S2 [COMPLETED] + Vertex FY27-Q1S4 [COMPLETED],,,,45972,,8,Implement supplier validation rules in ingestion layer,Medium,"Integration, Analytics","Squad Catalyst, Platform Ops - CC, Incidents - BAU, BAU - Funding",IH-3731,Done,Customer 360 Data Hub,Off Track,Automation,100,8,0,100,0,0,3,3,,46032,Won't Have,,,,,,,
Sub-task,Review pull request for supplier changes,Innovation Hub,,,,IH - Horizon,Peyton Nakamura,Sam Okafor,,,,,,46100,,2,Investigate contract data discrepancy,High,Reporting,Squad Vertex,IH-1994,Done,,,Performance,100,2,0,0,0,0,0,0,,45939,Won't Have,,BI Reporting,,,,,
Story,Create supplier data pipeline for audit module,Innovation Hub,,,,IH - Pulse,Taylor Okafor,Avery Petrov,,,,,,46096,,21,DMND0006537 Product Recommendation Engine,Medium,Platform,"Squad Catalyst, Data Engineering - Practice",IH-4772,Elaboration,,,,0,0,21,0,0,1,0,1,,45915,,,,,,X-Large (6+ weeks),,
Story,Integrate warranty API with production platform,Innovation Hub,,,,IH - Pulse,Peyton Brennan,Morgan Novak,,,,,,46064,,5,DMND0005449 Marketing Attribution Data Model,Medium,"DevOps, Q1FY27","Squad Catalyst, Squad Vertex, Squad Pulse, Squad Atlas",IH-5238,Done,,,,100,5,0,100,0,0,1,1,,,,,NA,,,X-Large (6+ weeks),,
Sub-task,Performance test compliance query,Innovation Hub,,,,IH - Pulse,Noel Silva,Remy Chen,,Horizon Q3S6,,,,45989,,13,Validate billing data accuracy after migration,Medium,"Automation, Infrastructure",BAU - Funding,IH-2059,Selected for Development,Customer 360 Data Hub,Off Track,,0,0,13,0,0,2,0,2,,,,,Cloud Platform,,Customer Operations,,,
Sub-task,Fix pricing data type mismatch,Innovation Hub,,,,IH - Vertex,Sam Okafor,Dakota Nakamura,,Vertex Q4S2 + Vertex FY27-Q1S6 + Vertex FY27-Q1S3,,,,45922,,13,Defect - Null values in campaign column,Medium,"Security, Reporting","Project - Funding, Squad Pulse, BAU - Funding",IH-1788,In Progress,,,,31.14,4,9,35.77,0,1,0,1,,,,,NA,,,,,
Sub-task,Grant access permissions for inventory resource,Innovation Hub,,,,IH - Catalyst,Peyton Nakamura,Morgan Novak,,Vertex FY27-Q1S6 + Pulse Q4S4 + Vertex Q4S5 + Horizon Q3S4,,,,,,2,Migrate pricing table from on-prem to cloud,Medium,,"Squad Nebula, Data Engineering - Practice, Cloud Migration - CC, Squad Vertex",IH-6127,Selected for Development,,,,0,0,2,0,1,1,0,2,,,,,Data Engineering,,,Large (4 - 6 weeks),,
Story,Migrate compliance table from on-prem to cloud,Innovation Hub,,,,IH - Catalyst,Taylor Okafor,Peyton Yamamoto,,Vertex Q3S5 [COMPLETED],,,,45912,,3,DMND0006537 Product Recommendation Engine,Low,"Compliance, Reporting",Squad Nebula,IH-5079,Done,,,,100,3,0,0,0,0,0,0,,45900,,,Data Engineering,,,,,
Story,Refactor order ingestion logic for performance,Innovation Hub,,,,IH - Atlas,Jamie Gupta,Remy Chen,,Vertex FY27-Q1S4 [COMPLETED] + Atlas Q3S4 [COMPLETED],,,,46045,,5,DMND0006603 Sustainability Reporting Dashboard,Low,,Squad Catalyst,IH-8351,Backlog,,,,0,0,5,0,0,0,0,0,,45959,Won't Have,,,,Supply Chain,,,
Story,Deploy contract service to audit workspace,Innovation Hub,,,,IH - Nebula,Kendall Gupta,Oakley Petrov,,Vertex Q3S3 + Horizon FY27-Q1S3 + Horizon FY27-Q1S4 [COMPLETED] + Atlas Q4S1,,,,46103,,21,DMND0006603 Sustainability Reporting Dashboard,Medium,,"Squad Atlas, Squad Catalyst",IH-4960,Backlog,,,,0,0,21,0,1,0,0,1,,46011,,,,,,,,
Story,Optimise supplier query performance,Innovation Hub,,,,IH - Catalyst,Skyler Kowalski,Peyton Nakamura,,,,,,,,13,DMND0005910 Employee Engagement Survey Platform,Low,"Reporting, Integration, Automation","Squad Horizon, Squad Nebula",IH-4772,Blocked,,,,0,0,13,0,0,0,0,0,,,Won't Have,,,,Customer Operations,Small (< 2 weeks),,
Sub Test Execution,Set up logistics scheduling in orchestrator,Innovation Hub,,,,IH - Pulse,,,,Vertex Q4S5 + Atlas Q3S3 + Vertex FY27-Q1S5,,,,46086,,,Implement order validation rules in enrichment layer,Low,,"Squad Catalyst, BI & Analytics - Practice, Incidents - BAU",IH-6586,Backlog,Real-Time Analytics Engine,Achieved,,0,0,0,0,1,2,0,3,,,Won't Have,,Data Engineering,,,,,
Story,Defect - Null values in logistics column,Innovation Hub,,,,IH - Pulse,Emerson Eriksson,Taylor Patel,,Catalyst Q4S4 + Atlas Q4S1 + Horizon FY27-Q1S4 [COMPLETED],,,,46035,,0,DMND0004451 Product Recommendation Engine,Medium,"Migration, Reporting","Squad Horizon, Squad Nebula, Demands - BAU, Squad Pulse",IH-8733,In Progress,,,,89.45,0,0,13.89,0,0,2,2,,45957,,,,,,,,
Story,Investigate order data discrepancy,Innovation Hub,,,,IH - Pulse,Remy Johansson,Noel Silva,,Horizon Q4S2 [COMPLETED] + Catalyst FY27-Q1S4 + Atlas FY27-Q1S5 + Pulse FY27-Q1S6,,,,45925,,8,DMND0006603 Sustainability Reporting Dashboard,Medium,,"Squad Atlas, Incidents - BAU, Squad Vertex",IH-4183,Backlog,,,,0,0,8,0,1,1,0,2,,,Won't Have,,,,Legal,,,
Epic,DMND0007816 Marketing Attribution Data Model,Innovation Hub,,,IH - Catalyst,IH - Catalyst,Logan Gupta,Riley Dumont,Atlas FY27-Q1S4 + Atlas Q4S2 + Atlas Q4S3,Atlas FY27-Q1S4 + Atlas Q4S2 + Atlas Q4S3,,,45929,45929,205,,,Medium,Security,"BAU - Funding, Squad Horizon, Squad Nebula",IH-5912,Backlog,Self-Service BI Portal,Off Track,,0,0,0,0,2,8,0,10,,,,,,,,,,
Story,Create semantic views for pricing dataset,Innovation Hub,,,,IH - Pulse,Peyton Johansson,Alex Nakamura,,Catalyst Q4S3 + Vertex Q4S5,,,,45912,,21,DMND0006537 Product Recommendation Engine,Medium,,"Squad Pulse, Squad Atlas, Squad Vertex",IH-1970,Done,,,,100,21,0,0,0,0,0,0,,45979,Won't Have,,NA,,Product & Technology,,,
Sub-task,Create linked service for customer connection,Innovation Hub,,,,IH - Pulse,Remy Johansson,Riley Dumont,,Catalyst FY27-Q1S6 [COMPLETED] + Vertex Q4S2 + Nebula Q4S1,,,,,,21,Defect - Null values in logistics column,Medium,"Q2FY27, DevOps",Squad Catalyst,IH-6109,Done,,,,100,21,0,0,0,0,3,3,,,Could Have,,,,,,,
Sub-task,Create DML scripts for inventory migration,Innovation Hub,,,,IH - Nebula,Harper Chen,,,Atlas Q4S2 + Horizon Q3S1 + Nebula Q4S4 + Catalyst Q4S5,,,,,,21,Implement forecast validation rules in staging layer,Medium,Analytics,"Squad Horizon, Platform Ops - CC, BI & Analytics - Practice",IH-7368,Backlog,,,,0,0,21,0,0,0,0,0,,46040,Should Have,,Cloud Platform,,,,,
Sub-task,Analyse existing inventory process,Innovation Hub,,,,IH - Nebula,Avery Petrov,Sam Johansson,,,,,,46030,,13,Create compliance data pipeline for reporting module,High,Security,"Squad Nebula, Demands - BAU",IH-8478,Blocked,,,,0,0,13,0,1,2,0,3,,45943,,,,,Marketing & Digital,,,
Story,Migrate inventory table from on-prem to cloud,Innovation Hub,,,,IH - Atlas,Drew Kowalski,Taylor Patel,,Atlas Q4S2,,,,,,3,DMND0005910 Employee Engagement Survey Platform,Medium,"Performance, Security","Incidents - BAU, Cloud Migration - CC",IH-7178,Selected for Development,Cloud Platform Migration,At Risk,,0,0,3,0,1,1,0,2,,45965,,,Data Science,,,,,
Story,Migrate payment table from on-prem to cloud,Innovation Hub,,,,IH - Nebula,Casey Torres,Skyler Petrov,,Nebula Q3S6 + Pulse FY27-Q1S4 [COMPLETED] + Pulse Q4S5 [COMPLETED] + Nebula FY27-Q1S3 [COMPLETED],,,,46086,,0,DMND0006603 Sustainability Reporting Dashboard,Medium,,"BI & Analytics - Practice, Project - Funding, BAU - Funding, Incidents - BAU",IH-7550,Elaboration,,,,0,0,0,0,0,1,0,1,,46001,,,BI Reporting,,,Small (< 2 weeks),,
Story,Implement customer validation rules in reconciliation layer,Innovation Hub,,,,IH - Atlas,,Sam Costa,,Nebula Q3S6 + Nebula FY27-Q1S2 + Nebula FY27-Q1S6,,,,,,8,DMND0006603 Sustainability Reporting Dashboard,Medium,"Migration, Performance","Squad Horizon, Squad Pulse",IH-1777,Backlog,,,,0,0,8,0,0,0,0,0,,45931,Should Have,,,,Human Resources,,,
Story,Create semantic views for contract dataset,Innovation Hub,,,,IH - Vertex,Emerson Eriksson,Harper Okafor,,Pulse Q3S1 + Catalyst Q3S5 [COMPLETED] + Horizon FY27-Q1S5 + Catalyst Q3S6,,,,,,3,DMND0005910 Employee Engagement Survey Platform,Medium,"Compliance, Security, Q1FY27","BI & Analytics - Practice, Project - Funding",IH-8565,Done,,,,100,3,0,0,0,0,3,3,,46030,Should Have,,,CHG0041421,,,,
Story,Optimise compliance query performance,Innovation Hub,,,,IH - Pulse,Riley Dumont,,,Nebula Q3S3 + Atlas Q3S4 [COMPLETED],,,,,,21,DMND0005449 Marketing Attribution Data Model,Medium,Compliance,"Platform Ops - CC, Data Engineering - Practice, Squad Nebula, Squad Horizon",IH-4903,Done,,,,100,21,0,100,0,0,3,3,,45926,Must Have,,,,Human Resources,,,
Story,Defect - pricing not displaying correct values,Innovation Hub,,,,IH - Horizon,Logan Gupta,Dakota Nakamura,,Atlas FY27-Q1S5,,,,45909,,13,DMND0004451 Product Recommendation Engine,High,,Squad Catalyst,IH-5247,Backlog,Data Quality Framework,On Track,,0,0,13,0,0,1,0,1,,,Won't Have,,NA,,,Small (< 2 weeks),,
Story,UAT sign-off for payment feature,Innovation Hub,,,,IH - Nebula,Hayden Gupta,Harper Chen,,Pulse Q4S1 [COMPLETED],,,,45921,,5,DMND0005910 Employee Engagement Survey Platform,Medium,"Analytics, Security",Squad Pulse,IH-9216,Backlog,,,,0,0,5,0,3,0,0,3,,,,,,,Finance & Risk,,,
Sub-task,Update documentation for warranty schema,Innovation Hub,,,,IH - Pulse,Sam Costa,,,Vertex FY27-Q1S2 + Vertex Q3S6 [COMPLETED] + Nebula Q4S5 + Nebula Q3S3,,,,46047,,21,Migrate customer table from on-prem to cloud,Low,,"Squad Vertex, Platform Ops - CC",IH-8588,In Progress,,,,43.66,9,12,75.08,1,0,1,2,,,,,,,,,,
Story,Defect - Null values in revenue column,Innovation Hub,,,,IH - Pulse,Peyton Johansson,,,Nebula Q3S1,,,,,,1,DMND0004451 Product Recommendation Engine,Medium,,"Squad Horizon, BI & Analytics - Practice, Incidents - BAU",IH-9476,In Progress,Cloud Platform Migration,On Track,,62.32,1,0,13.07,0,0,0,0,,,,,Cloud Platform,,,,,
Sub-task,Set up contract scheduling in orchestrator,Innovation Hub,,,,IH - Pulse,Riley Dumont,,,Vertex Q3S2 + Horizon FY27-Q1S1 + Nebula Q3S1,,,,45910,,1,Optimise compliance query performance,Low,,"Platform Ops - CC, Demands - BAU, Squad Catalyst, Data Engineering - Practice",IH-2889,In Progress,Cloud Platform Migration,Achieved,,77.54,1,0,67.41,0,0,0,0,,45995,,,,,,,,
Sub-task,Run regression tests on revenue module,Innovation Hub,,,,IH - Nebula,Skyler Petrov,Oakley Petrov,,,,,,46067,,21,Create logistics data pipeline for transformation module,Low,,"BI & Analytics - Practice, Squad Nebula, Squad Pulse",IH-6978,In Progress,Customer 360 Data Hub,Achieved,,59.18,12,9,15.9,0,1,2,3,,45958,Must Have,,Data Engineering,,,,,
SAFe Epic,Regulatory Compliance Automation,Innovation Hub,,,"IH - Catalyst, IH - Atlas",IH - Catalyst,Kendall Gupta,Logan Kim,Pulse Q4S5 [COMPLETED],Pulse Q4S5 [COMPLETED],,,,,204,,,Medium,"Performance, Integration, Security","Cloud Migration - CC, Incidents - BAU, Squad Catalyst",IH-6907,In Progress,,,,63.63,0,0,41.58,1,4,9,14,,,Must Have,,BI Reporting,,,,,
Sub-task,Analyse existing inventory process,Innovation Hub,,,,IH - Vertex,Taylor Patel,Emerson Eriksson,,Vertex FY27-Q1S2 + Nebula FY27-Q1S6 + Vertex FY27-Q1S3 + Horizon Q3S6,,,,46009,,21,Validate billing data accuracy after migration,High,"Q1FY27, Infrastructure",Incidents - BAU,IH-6031,Backlog,,,Performance,0,0,21,0,1,2,0,3,,,Could Have,,Data Architecture,,,,,
Sub-task,Create DML scripts for supplier migration,Innovation Hub,,,,IH - Pulse,Taylor Patel,Hayden Gupta,,Nebula Q4S1,,,,,,5,Migrate payment table from on-prem to cloud,Medium,,"Project - Funding, Squad Catalyst, Squad Horizon",IH-6000,Selected for Development,,,,0,0,5,0,1,1,0,2,,46017,,,,,,,,
Story,Set up inventory environment for notification testing,Innovation Hub,,,,IH - Pulse,Jordan Gupta,Emerson Eriksson,,Nebula FY27-Q1S1 [COMPLETED] + Pulse FY27-Q1S4 [COMPLETED],,,,45918,,0,DMND0006603 Sustainability Reporting Dashboard,Lowest,,"Project - Funding, Squad Atlas, BAU - Funding",IH-2475,Backlog,,,,0,0,0,0,0,1,0,1,,46029,,,,,Supply Chain,,,Human Resources
Epic,DMND0005553 Revenue Leakage Detection Module,Innovation Hub,,,"IH - Vertex, IH - Horizon",IH - Pulse,Avery Petrov,Peyton Johansson,Atlas FY27-Q1S2 + Nebula Q3S5,Atlas FY27-Q1S2 + Nebula Q3S5,,,,,381,,Data Governance & Quality Initiative,Medium,"Reporting, DevOps, Compliance","BI & Analytics - Practice, Demands - BAU",IH-9772,Blocked,,,,0,0,0,0,2,6,0,8,,,,,Data Architecture,,,,,
Story,Implement payment validation rules in staging layer,Innovation Hub,,,,IH - Vertex,Peyton Yamamoto,,,Nebula Q3S2,,,,,,5,DMND0005449 Marketing Attribution Data Model,Medium,"Infrastructure, Compliance, Migration","Incidents - BAU, Project - Funding, Demands - BAU, BI & Analytics - Practice",IH-5656,In Progress,,,,65.45,3,2,49.35,0,0,1,1,,,Must Have,,,,,,,
Story,Optimise contract query performance,Innovation Hub,,,,IH - Nebula,Blake Brennan,Oakley Petrov,,,,,,45983,,1,DMND0004451 Product Recommendation Engine,Medium,,"BAU - Funding, Squad Catalyst, Project - Funding, Squad Horizon",IH-1538,In Progress,,,,28.29,0,1,14.77,1,1,1,3,,,,,,,,,,
Sub-task,Review pull request for warranty changes,Innovation Hub,,,,IH - Vertex,Peyton Silva,,,Catalyst Q4S3,,,,46103,,1,Implement payment validation rules in staging layer,Low,DevOps,"Squad Vertex, BI & Analytics - Practice, Squad Atlas",IH-1536,Backlog,Automated Compliance Pipeline,At Risk,,0,0,1,0,0,0,0,0,,45972,Must Have,,,,,,,
Epic,DMND0007292 Fraud Detection Model Deployment,Innovation Hub,,,"IH - Horizon, IH - Nebula, IH - Catalyst",IH - Catalyst,Noel Silva,Harper Okafor,,,,,,45965,278,,,Medium,,"Platform Ops - CC, Squad Catalyst, Squad Horizon",IH-4231,In Progress,,,,69.29,0,0,59.05,2,2,10,14,,,,,,,,,,
Sub-task,Resolve merge conflict in warranty branch,Innovation Hub,,,,IH - Atlas,Drew Petrov,,,Nebula Q3S6,,,,,,13,Refactor order ingestion logic for performance,Medium,Compliance,"Data Engineering - Practice, Squad Nebula",IH-5281,Backlog,,,,0,0,13,0,0,2,0,2,,46026,,,Cloud Platform,,,,,
Sub-task,Grant access permissions for pricing resource,Innovation Hub,,,,IH - Vertex,Sam Okafor,,,,,,,46006,,13,Defect - Null values in logistics column,Medium,Security,"Demands - BAU, Cloud Migration - CC, Platform Ops - CC, BAU - Funding",IH-5137,Done,,,,100,13,0,100,0,0,0,0,,46041,Should Have,,Data Architecture,,,,,Marketing & Digital
Story,Build warranty dashboard component,Innovation Hub,,,,IH - Catalyst,Avery Petrov,Sam Costa,,Atlas Q4S6 [COMPLETED],,,,45967,,21,DMND0006603 Sustainability Reporting Dashboard,Medium,Performance,"Squad Nebula, Platform Ops - CC",IH-4474,In Progress,,,,20.33,4,17,71.62,1,1,0,2,,45907,Should Have,,,,,,,
Story,Create customer data pipeline for reporting module,Innovation Hub,,,,IH - Pulse,Drew Larsson,Avery Petrov,,Nebula Q3S2 + Pulse Q3S4 + Horizon Q4S5,,,,,,21,DMND0005910 Employee Engagement Survey Platform,High,,"Platform Ops - CC, Squad Nebula, Cloud Migration - CC, Demands - BAU",IH-2252,Elaboration,,,,0,0,21,0,1,2,0,3,,45933,Won't Have,,,,,,,
Sub-task,Run regression tests on compliance module,Innovation Hub,,,,IH - Pulse,Sam Costa,Emerson Eriksson,,Atlas Q4S6 [COMPLETED] + Catalyst FY27-Q1S1 [COMPLETED],,,,45901,,21,Add billing field mapping to notification schema,Medium,"Compliance, Security, Q2FY27","BAU - Funding, BI & Analytics - Practice, Squad Vertex",IH-3715,In Progress,,,,73.38,15,6,64.3,0,1,2,3,,,,,NA,,Supply Chain,X-Large (6+ weeks),,
Story,Defect - supplier not displaying correct values,Innovation Hub,,,,IH - Horizon,Logan Kim,Drew Larsson,,,,,,46024,,13,DMND0006603 Sustainability Reporting Dashboard,Highest,"Migration, Integration","Data Engineering - Practice, Incidents - BAU, Squad Nebula",IH-4282,Done,,,,100,13,0,100,0,0,1,1,,,Won't Have,,,,,,,
Story,Refactor billing ingestion logic for performance,Innovation Hub,,,,IH - Nebula,Peyton Brennan,Emerson Eriksson,,Vertex Q3S2,,,,45941,,21,DMND0005910 Employee Engagement Survey Platform,Low,,"Squad Nebula, Data Engineering - Practice, BAU - Funding, Squad Horizon",IH-8763,In Progress,,,,20.28,4,17,70.01,2,0,0,2,,45951,Could Have,,,,,,,
Story,Add error handling to payment process,Innovation Hub,,,,IH - Catalyst,Taylor Okafor,Taylor Okafor,,,,,,45923,,0,DMND0007292 Fraud Detection Model Deployment,Medium,,Demands - BAU,IH-5298,Backlog,,,,0,0,0,0,1,1,0,2,,46013,,,,NSREQ2897122,,,,Finance & Risk
Story,Defect - revenue not displaying correct values,Innovation Hub,,,,IH - Atlas,Peyton Yamamoto,Riley Dumont,,Horizon Q4S5 + Catalyst Q3S3 [COMPLETED],,,,45908,,3,DMND0007292 Fraud Detection Model Deployment,Medium,Performance,"Data Engineering - Practice, Squad Catalyst",IH-2249,Backlog,,,,0,0,3,0,1,1,0,2,,45979,,,NA,,,X-Large (6+ weeks),,
Story,Deploy revenue service to analytics workspace,Innovation Hub,,,,IH - Atlas,Avery Petrov,Kendall Gupta,,Nebula FY27-Q1S6 + Atlas FY27-Q1S5,,,,45928,,13,DMND0005910 Employee Engagement Survey Platform,Lowest,"Automation, Analytics","Project - Funding, Squad Vertex, BAU - Funding, Data Engineering - Practice",IH-5738,Backlog,,,,0,0,13,0,0,2,0,2,,46049,,,,,,,,
Sub-task,Deploy billing changes to test environment,Innovation Hub,,,,IH - Vertex,,Skyler Petrov,,Horizon Q3S3 [COMPLETED] + Catalyst FY27-Q1S1 [COMPLETED] + Catalyst FY27-Q1S4 + Catalyst Q4S5,,,,,,0,Build warranty dashboard component,Medium,,"Squad Pulse, Data Engineering - Practice",IH-6409,In Progress,,,,63.28,0,0,59.5,1,0,2,3,,45977,,,,,,,,
Sub-task,Fix forecast data type mismatch,Innovation Hub,,,,IH - Catalyst,Riley Dumont,Jamie Gupta,,Catalyst Q3S5 [COMPLETED],,,,,,2,Update customer transformation logic,High,"Automation, Q2FY27, Q1FY27",Squad Pulse,IH-4019,Backlog,,,,0,0,2,0,0,0,0,0,,,Must Have,,,,,,,
Story,Defect - payment not displaying correct values,Innovation Hub,,,,IH - Nebula,,Cameron Nakamura,,Pulse FY27-Q1S4 [COMPLETED] + Pulse Q3S5 [COMPLETED],,,,45979,,13,DMND0006603 Sustainability Reporting Dashboard,Medium,,"Platform Ops - CC, BAU - Funding",IH-6094,Backlog,Data Quality Framework,At Risk,,0,0,13,0,3,0,0,3,,45988,Could Have,,,,,,,
Story,Refactor order ingestion logic for performance,Innovation Hub,,,,IH - Vertex,Peyton Silva,Blake Brennan,,Vertex Q4S2,,,,,,8,DMND0005449 Marketing Attribution Data Model,Low,"Reporting, Performance","Squad Vertex, Squad Catalyst",IH-7610,Backlog,,,,0,0,8,0,0,0,0,0,,,,,,,,,,
Story,Add payment field mapping to notification schema,Innovation Hub,,,,IH - Catalyst,Blake Brennan,Drew Larsson,,Horizon Q4S5,,,,46092,,2,DMND0005449 Marketing Attribution Data Model,Medium,DevOps,"Squad Horizon, Squad Vertex",IH-3030,In Progress,Automated Compliance Pipeline,Achieved,,15.72,0,2,43.12,1,2,0,3,,45921,Could Have,,,,,,,
Sub-task,Deploy billing changes to test environment,Innovation Hub,,,,IH - Catalyst,Peyton Nakamura,Jamie Gupta,,,,,,45990,,8,Create semantic views for contract dataset,Medium,"Automation, Infrastructure",Cloud Migration - CC,IH-6403,Done,,,,100,8,0,100,0,0,2,2,,46034,Must Have,,,,,,,
Sub Test Execution,Resolve merge conflict in campaign branch,Innovation Hub,,,,IH - Horizon,Drew Petrov,Peyton Brennan,,,,,,46110,,,Update customer transformation logic,Medium,,"BAU - Funding, Squad Atlas, Squad Horizon",IH-5536,In Progress,,,,66.95,0,0,57.39,0,1,1,2,,45960,Could Have,,,,Customer Operations,,,
Sub-task,Deploy billing changes to test environment,Innovation Hub,,,,IH - Atlas,Sam Johansson,Peyton Nakamura,,,,,,46069,,1,Migrate compliance table from on-prem to cloud,Lowest,"Q2FY27, Infrastructure, Reporting","Data Engineering - Practice, Squad Nebula",IH-1070,Done,Cloud Platform Migration,Off Track,,100,1,0,100,0,0,2,2,,,,,BI Reporting,,,,,
Story,Configure supplier alerts for transformation monitoring,Innovation Hub,,,,IH - Vertex,Remy Chen,Morgan Novak,,,,,,,,1,DMND0007292 Fraud Detection Model Deployment,Medium,Performance,"Squad Nebula, BAU - Funding",IH-6554,In Progress,,,,56.95,1,0,57.92,0,1,1,2,,,,,,DMND00031450,,,,
Story,Configure forecast alerts for transformation monitoring,Innovation Hub,,,,IH - Vertex,,Peyton Brennan,,,,,,46047,,2,DMND0007292 Fraud Detection Model Deployment,High,,"Demands - BAU, BI & Analytics - Practice, Data Engineering - Practice, Squad Pulse",IH-2592,Backlog,,,,0,0,2,0,0,0,0,0,,46050,Won't Have,,,,,,,
Story,Migrate pricing table from on-prem to cloud,Innovation Hub,,,,IH - Catalyst,Hayden Gupta,Avery Petrov,,Vertex Q3S3 + Catalyst Q3S1 + Nebula Q3S1 + Horizon Q3S3 [COMPLETED],,,,45910,,5,DMND0005449 Marketing Attribution Data Model,Medium,,"Squad Horizon, Squad Catalyst, Incidents - BAU, BAU - Funding",IH-1522,Done,,,,100,5,0,100,0,0,3,3,,45954,Should Have,,,,,,,
Story,Build fleet dashboard component,Innovation Hub,,,,IH - Pulse,Sam Costa,Harper Okafor,,Vertex FY27-Q1S4 [COMPLETED] + Catalyst FY27-Q1S5 + Vertex FY27-Q1S3,,,,46021,,3,DMND0005449 Marketing Attribution Data Model,High,,Incidents - BAU,IH-6236,In Progress,Data Quality Framework,On Track,,54.52,2,1,52.91,0,0,0,0,,45919,Should Have,,,,,,,
Epic,DMND0004649 Payment Gateway Data Integration,Innovation Hub,,,IH - Horizon,IH - Pulse,Hayden Gupta,Riley Dumont,Atlas FY27-Q1S3,Atlas FY27-Q1S3,,,,45936,152,,Data Governance & Quality Initiative,Lowest,,"Platform Ops - CC, Squad Atlas, Incidents - BAU, Cloud Migration - CC",IH-2619,Test,,,,0,0,0,0,0,2,0,2,,,,,,,,,,
Story,UAT sign-off for warranty feature,Innovation Hub,,,,IH - Pulse,Sam Okafor,Harper Chen,,Vertex FY27-Q1S2,,,,46078,,8,DMND0007292 Fraud Detection Model Deployment,Medium,,"Incidents - BAU, Squad Horizon",IH-9731,Backlog,,,,0,0,8,0,2,0,0,2,,45951,,,,,,,,
Story,Update payment transformation logic,Innovation Hub,,,,IH - Atlas,Peyton Silva,,,Nebula Q3S6,,,,46114,,8,DMND0005910 Employee Engagement Survey Platform,Medium,,"Squad Vertex, Project - Funding",IH-1341,In Progress,Customer 360 Data Hub,Achieved,Security,85.16,7,1,74.59,0,0,3,3,,45901,,,,,,,,
Story,Update campaign transformation logic,Innovation Hub,,,,IH - Catalyst,Emerson Eriksson,Sam Johansson,,Pulse FY27-Q1S6 + Vertex Q4S1,,,,45907,,2,DMND0004649 Payment Gateway Data Integration,Medium,,"Platform Ops - CC, Incidents - BAU",IH-7542,Backlog,,,,0,0,2,0,0,1,0,1,,,Could Have,,,,,,,
Story,Optimise warranty query performance,Innovation Hub,,,,IH - Horizon,Remy Johansson,Casey Torres,,,,,,45963,,5,DMND0006537 Product Recommendation Engine,Medium,Security,"Demands - BAU, Squad Nebula, BI & Analytics - Practice, BAU - Funding",IH-9045,In Progress,Cloud Platform Migration,Off Track,,36.41,2,3,12.67,1,0,0,1,,46033,Should Have,,,INC0269581,,,,
Epic,DMND0004410 Revenue Leakage Detection Module,Innovation Hub,,,IH - Nebula,IH - Vertex,Peyton Brennan,Noel Silva,Vertex Q3S3 + Horizon Q4S1 + Vertex Q4S4,Vertex Q3S3 + Horizon Q4S1 + Vertex Q4S4,,,,45979,26,,Regulatory Compliance Automation,Highest,,Platform Ops - CC,IH-3337,Backlog,,,,0,0,0,0,2,4,0,6,45982,45982,,Medium (2 - 4 weeks),Data Architecture,,,,,Human Resources
Sub-task,Review pull request for logistics changes,Innovation Hub,,,,IH - Horizon,Peyton Nakamura,Morgan Novak,,Vertex Q4S3 [COMPLETED] + Atlas Q4S5,,,,,,21,Build fleet dashboard component,Medium,Security,Squad Pulse,IH-5876,Backlog,,,,0,0,21,0,1,0,0,1,,,,,,,,,,
Story,Deploy pricing service to silver workspace,Innovation Hub,,,,IH - Horizon,,Noel Silva,,,,,,,,2,DMND0006537 Product Recommendation Engine,Low,,"Project - Funding, Squad Catalyst, Incidents - BAU",IH-1043,Done,,,,100,2,0,0,0,0,2,2,,,Must Have,,,,,Medium (2 - 4 weeks),,
Story,Implement billing validation rules in reporting layer,Innovation Hub,,,,IH - Atlas,Harper Okafor,Quinn Silva,,Atlas FY27-Q1S4 + Vertex Q4S3 [COMPLETED],,,,46033,,13,DMND0006603 Sustainability Reporting Dashboard,High,,"Squad Catalyst, Incidents - BAU",IH-6671,Test,,,,0,0,13,0,0,0,0,0,,45955,,,NA,,,,,
Story,Defect - inventory not displaying correct values,Innovation Hub,,,,IH - Atlas,Taylor Patel,Peyton Johansson,,Horizon FY27-Q1S4 [COMPLETED],,,,45990,,0,DMND0005553 Revenue Leakage Detection Module,Low,,Squad Pulse,IH-5029,In Progress,,,,78.67,0,0,30.88,0,0,2,2,,45948,Could Have,,,INC0262155,,,,
Story,Validate billing data accuracy after migration,Innovation Hub,,,,IH - Nebula,Blake Brennan,Emerson Eriksson,,Nebula FY27-Q1S4 + Catalyst Q3S5 [COMPLETED] + Atlas FY27-Q1S4,,,,45969,,13,DMND0004410 Revenue Leakage Detection Module,Medium,"Compliance, Performance, Platform","Cloud Migration - CC, Squad Atlas, Project - Funding, Demands - BAU",IH-2726,Backlog,Real-Time Analytics Engine,On Track,Analytics,0,0,13,0,0,0,0,0,,,,,,NSREQ2840479,,,,
Story,Document pricing data flow and dependencies,Innovation Hub,,,,IH - Atlas,Jordan Gupta,Drew Larsson,,,,,,46103,,0,DMND0004649 Payment Gateway Data Integration,Medium,"Q2FY27, Q1FY27","Incidents - BAU, Squad Nebula, BI & Analytics - Practice",IH-6625,Backlog,,,Platform,0,0,0,0,1,0,0,1,,46007,Should Have,,,,,,,
Sub-task,Fix logistics data type mismatch,Innovation Hub,,,,IH - Horizon,Peyton Costa,Skyler Kowalski,,Catalyst Q4S1 [COMPLETED] + Catalyst Q4S4 + Nebula FY27-Q1S2 + Vertex Q4S4,,,,46085,,5,Defect - supplier not displaying correct values,High,,"Squad Catalyst, Squad Horizon, BI & Analytics - Practice",IH-3498,In Progress,,,Infrastructure,87.38,4,1,52.67,0,0,1,1,,46048,Should Have,,,DMND00078999,,,,
Story,Set up campaign environment for notification testing,Innovation Hub,,,,IH - Horizon,Emerson Eriksson,Avery Petrov,,Pulse Q3S4 + Atlas FY27-Q1S6 + Catalyst FY27-Q1S2 [COMPLETED] + Atlas Q3S3,,,,45914,,2,DMND0006537 Product Recommendation Engine,High,"Infrastructure, Analytics","Platform Ops - CC, Squad Vertex, Squad Catalyst",IH-6168,Backlog,,,,0,0,2,0,0,2,0,2,,45958,Won't Have,,,,,Small (< 2 weeks),,
Epic,DMND0007532 Warehouse Capacity Planning Tool,Innovation Hub,,,IH - Vertex,IH - Pulse,Dakota Nakamura,Peyton Costa,Vertex FY27-Q1S6 + Catalyst Q3S4 [COMPLETED],Vertex FY27-Q1S6 + Catalyst Q3S4 [COMPLETED],,,,46051,188,,Data Governance & Quality Initiative,Medium,,"Squad Atlas, Platform Ops - CC",IH-7169,Backlog,,,,0,0,0,0,7,0,0,7,,,,Small (< 2 weeks),,,Customer Operations,,,
Epic,DMND0005593 Inventory Forecasting Data Pipeline,Innovation Hub,,,"IH - Vertex, IH - Horizon, IH - Pulse",IH - Horizon,Peyton Johansson,Blake Brennan,,,,,,45938,256,,Regulatory Compliance Automation,Low,,Project - Funding,IH-5132,In Progress,,,,21.42,0,0,22.48,1,1,1,3,,,Should Have,X-Large (6+ weeks),,,,Small (< 2 weeks),,
Story,Create pricing data pipeline for audit module,Innovation Hub,,,,IH - Vertex,Oakley Petrov,Alex Nakamura,,Catalyst Q4S5 + Horizon Q3S3 [COMPLETED] + Catalyst Q4S6 + Catalyst Q4S1 [COMPLETED],,,,45923,,13,DMND0005449 Marketing Attribution Data Model,Medium,Reporting,"Squad Atlas, Cloud Migration - CC, Project - Funding, Squad Pulse",IH-5045,In Progress,Automated Compliance Pipeline,On Track,,68.33,9,4,33.65,0,0,0,0,,46020,Must Have,,Data Engineering,,,,,
Sub-task,Resolve merge conflict in contract branch,Innovation Hub,,,,IH - Nebula,Taylor Okafor,Peyton Nakamura,,,,,,46027,,0,Set up pricing environment for bronze testing,Medium,,"Platform Ops - CC, Squad Nebula, Squad Horizon",IH-7877,In Progress,,,,60.38,0,0,24.85,1,0,1,2,,,,,,,,,,Marketing & Digital
Story,Create semantic views for contract dataset,Innovation Hub,,,,IH - Pulse,Peyton Johansson,Quinn Silva,,Catalyst Q3S2 + Catalyst Q3S1 + Horizon Q3S5,,,,,,8,DMND0007292 Fraud Detection Model Deployment,Low,,"Incidents - BAU, Squad Pulse",IH-9769,In Progress,Real-Time Analytics Engine,At Risk,,47.57,4,4,54.97,0,0,0,0,,46036,Could Have,,,,,,,
Sub-task,Performance test campaign query,Innovation Hub,,,,IH - Horizon,Drew Kowalski,Jordan Gupta,,Nebula Q4S1 + Horizon Q3S4 + Catalyst Q3S4 [COMPLETED] + Vertex Q3S5 [COMPLETED],,,,45987,,5,Create pricing data pipeline for audit module,Medium,Infrastructure,"Squad Vertex, Incidents - BAU, BAU - Funding",IH-3932,Selected for Development,,,,0,0,5,0,0,0,0,0,,45933,Must Have,,,,,,,
Sub-task,Run regression tests on supplier module,Innovation Hub,,,,IH - Pulse,Taylor Patel,Dakota Nakamura,,,,,,46113,,13,Optimise billing query performance,High,,Cloud Migration - CC,IH-9891,Done,Real-Time Analytics Engine,Achieved,,100,13,0,100,0,0,1,1,,,,,,,Finance & Risk,,,Customer Operations
Story,Update campaign transformation logic,Innovation Hub,,,,IH - Pulse,Kendall Gupta,Emerson Eriksson,,Catalyst FY27-Q1S4 + Pulse Q3S3 [COMPLETED] + Vertex Q4S1 + Horizon Q4S6,,,,45931,,5,DMND0006537 Product Recommendation Engine,Lowest,"Automation, Security, Reporting","Platform Ops - CC, Project - Funding, Squad Pulse",IH-7190,Elaboration,,,,0,0,5,0,2,0,0,2,,45973,Should Have,,,NSREQ2898048,,,,
Story,Build customer dashboard component,Innovation Hub,,,,IH - Horizon,Peyton Yamamoto,Skyler Kowalski,,Horizon FY27-Q1S1 + Vertex Q4S3 [COMPLETED],,,,45902,,21,DMND0005910 Employee Engagement Survey Platform,Medium,,"Squad Catalyst, Incidents - BAU",IH-6088,In Progress,,,Reporting,34.01,7,14,42.64,1,0,1,2,,45954,Must Have,,Data Engineering,NSREQ2843584,,Large (4 - 6 weeks),,
Story,Build warranty dashboard component,Innovation Hub,,,,IH - Horizon,Peyton Costa,Jamie Gupta,,Atlas Q3S3,,,,46092,,2,DMND0004410 Revenue Leakage Detection Module,Medium,"Compliance, Automation","Project - Funding, BAU - Funding, Squad Atlas, BI & Analytics - Practice",IH-2404,Backlog,,,,0,0,2,0,2,1,0,3,,45945,,,,,,,,
Story,Create warranty data pipeline for analytics module,Innovation Hub,,,,IH - Catalyst,Harper Okafor,Quinn Silva,,,,,,45964,,1,DMND0005593 Inventory Forecasting Data Pipeline,Low,Automation,"Data Engineering - Practice, Squad Pulse, Demands - BAU, Squad Horizon",IH-5689,In Progress,,,,85.01,1,0,14.23,0,0,1,1,,46038,,,,,,X-Large (6+ weeks),,
Story,Defect - pricing not displaying correct values,Innovation Hub,,,,IH - Nebula,Drew Kowalski,Remy Chen,,,,,,45998,,8,DMND0004451 Product Recommendation Engine,Medium,"Integration, Q2FY27, Infrastructure","Project - Funding, BAU - Funding, Demands - BAU, Squad Catalyst",IH-9427,Test,,,,0,0,8,0,0,0,0,0,,,,,,,,,,
Story,Add error handling to order process,Innovation Hub,,,,IH - Atlas,Peyton Yamamoto,,,Pulse Q4S3 + Pulse Q3S1,,,,,,21,DMND0007532 Warehouse Capacity Planning Tool,Medium,Integration,"Squad Catalyst, Demands - BAU, Squad Pulse",IH-5889,Done,,,Performance,100,21,0,100,0,0,2,2,,46036,Should Have,,,,,,,Finance & Risk
Story,Add revenue field mapping to analytics schema,Innovation Hub,,,,IH - Nebula,,Morgan Novak,,Pulse Q4S6 [COMPLETED],,,,46075,,2,DMND0004410 Revenue Leakage Detection Module,Medium,,BAU - Funding,IH-2009,Backlog,,,,0,0,2,0,1,0,0,1,,,,,Data Architecture,,,,,
Story,Build payment dashboard component,Innovation Hub,,,,IH - Catalyst,Avery Petrov,,,Horizon FY27-Q1S3 + Vertex Q3S5 [COMPLETED] + Nebula FY27-Q1S5 [COMPLETED] + Pulse Q3S6,,,,,,8,DMND0006603 Sustainability Reporting Dashboard,Low,Migration,"Cloud Migration - CC, Demands - BAU",IH-8355,Selected for Development,Data Quality Framework,At Risk,,0,0,8,0,0,1,0,1,,,Must Have,,,,Customer Operations,,,
Sub-task,Validate row counts for inventory table,Innovation Hub,,,,IH - Catalyst,Oakley Petrov,Emerson Eriksson,,,,,,46049,,8,Optimise contract query performance,Low,"Automation, DevOps, Integration","Data Engineering - Practice, BAU - Funding",IH-4156,In Progress,,,Analytics,71.88,6,2,55.71,0,1,2,3,,,,,,,,,,Supply Chain
Story,Optimise logistics query performance,Innovation Hub,,,,IH - Atlas,Morgan Novak,Oakley Petrov,,,,,,46101,,21,DMND0007532 Warehouse Capacity Planning Tool,High,,"Squad Atlas, Data Engineering - Practice",IH-5453,In Progress,,,Platform,76.98,16,5,57.66,1,0,2,3,,,,,,,,,,
Story,Defect - Null values in forecast column,Innovation Hub,,,,IH - Horizon,Alex Nakamura,Peyton Silva,,Horizon FY27-Q1S6 + Atlas Q3S6 + Horizon Q4S5,,,,46050,,2,DMND0004451 Product Recommendation Engine,Lowest,,Squad Horizon,IH-8408,In Progress,,,,79.99,2,0,43.91,0,0,2,2,,,,,,,,,,
Story,Deploy order service to silver workspace,Innovation Hub,,,,IH - Horizon,Cameron Nakamura,,,Pulse FY27-Q1S1 [COMPLETED] + Catalyst Q4S3,,,,,,2,DMND0007816 Marketing Attribution Data Model,Medium,"Platform, Security",Demands - BAU,IH-2656,Done,Cloud Platform Migration,Achieved,,100,2,0,100,0,0,0,0,,46034,Should Have,,,,,,,Legal
Sub-task,Performance test inventory query,Innovation Hub,,,,IH - Nebula,Emerson Eriksson,Morgan Novak,,Pulse Q4S3,,,,,,8,Validate billing data accuracy after migration,Low,"DevOps, Platform","Squad Horizon, Squad Pulse, Project - Funding",IH-3816,In Progress,Customer 360 Data Hub,Achieved,,49.43,4,4,15.31,0,2,1,3,,46004,Must Have,,,,Marketing & Digital,,,
Story,Integrate payment API with reconciliation platform,Innovation Hub,,,,IH - Pulse,Logan Gupta,Morgan Novak,,Vertex Q3S3,,,,46053,,2,DMND0004649 Payment Gateway Data Integration,Low,"Security, Integration, Performance","BAU - Funding, Incidents - BAU, Squad Pulse",IH-5125,In Progress,,,,88.21,2,0,66.28,0,0,2,2,,,Could Have,,Data Science,,Customer Operations,,,
Sub-task,Resolve merge conflict in campaign branch,Innovation Hub,,,,IH - Vertex,Taylor Okafor,Skyler Kowalski,,,,,,,,21,Optimise contract query performance,Highest,,Project - Funding,IH-8464,Backlog,,,,0,0,21,0,2,0,0,2,,,Could Have,,,,,,,
SAFe Epic,Cloud Infrastructure Modernisation,Innovation Hub,,,"IH - Horizon, IH - Nebula, IH - Pulse",IH - Horizon,Peyton Brennan,Sam Johansson,,,,,,,275,,,Medium,"Q1FY27, Security","Data Engineering - Practice, Squad Catalyst, Cloud Migration - CC",IH-6081,Done,,,,100,0,0,100,0,0,15,15,,45907,Must Have,,BI Reporting,,,,,
Sub-task,Set up fleet scheduling in orchestrator,Innovation Hub,,,,IH - Nebula,Jordan Gupta,Sam Costa,,Horizon Q3S2 [COMPLETED] + Nebula Q3S1 + Nebula Q4S4 + Pulse FY27-Q1S2 [COMPLETED],,,,45965,,2,Defect - payment not displaying correct values,Medium,,"Project - Funding, Squad Catalyst",IH-4704,Backlog,Real-Time Analytics Engine,On Track,,0,0,2,0,2,0,0,2,,,,,,NSREQ2893667,,,,
Story,Set up pricing environment for ingestion testing,Innovation Hub,,,,IH - Vertex,Taylor Okafor,Peyton Silva,,Catalyst Q4S3 + Horizon FY27-Q1S1,,,,45950,,0,DMND0004649 Payment Gateway Data Integration,Medium,,"Squad Horizon, Platform Ops - CC",IH-8084,Backlog,,,Q1FY27,0,0,0,0,1,0,0,1,,,Must Have,,Data Science,,,,,
Story,Configure customer alerts for gold monitoring,Innovation Hub,,,,IH - Nebula,Noel Silva,Peyton Brennan,,Atlas Q3S3,,,,46006,,3,DMND0005553 Revenue Leakage Detection Module,Low,,"Squad Nebula, Squad Horizon",IH-8106,Done,,,Analytics,100,3,0,100,0,0,3,3,,45944,,,Cloud Platform,DMND00023631,,,,
Story,Validate campaign data accuracy after migration,Innovation Hub,,,,IH - Nebula,Logan Kim,Taylor Okafor,,Catalyst Q3S2,,,,46011,,8,DMND0007816 Marketing Attribution Data Model,Medium,Analytics,Demands - BAU,IH-7150,In Progress,,,,42.93,3,5,18.15,0,1,1,2,,,,,,CHG0070616,,,,
Story,UAT sign-off for fleet feature,Innovation Hub,,,,IH - Catalyst,Casey Torres,Alex Nakamura,,Atlas FY27-Q1S5 + Horizon Q4S6 + Catalyst FY27-Q1S6 [COMPLETED],,,,45934,,8,DMND0007532 Warehouse Capacity Planning Tool,Medium,,"Squad Atlas, Squad Catalyst, Platform Ops - CC",IH-6100,Test,,,Reporting,0,0,8,0,1,2,0,3,,45977,Could Have,,NA,,,Large (4 - 6 weeks),,
Story,Optimise inventory query performance,Innovation Hub,,,,IH - Atlas,Cameron Nakamura,Peyton Costa,,,,,,46071,,3,DMND0005593 Inventory Forecasting Data Pipeline,High,Analytics,"Data Engineering - Practice, BI & Analytics - Practice",IH-6232,In Progress,,,Platform,49.25,1,2,76.2,0,1,1,2,,45907,Could Have,,Cloud Platform,,,,,
Story,Implement revenue validation rules in enrichment layer,Innovation Hub,,,,IH - Pulse,Taylor Patel,Sam Johansson,,Catalyst FY27-Q1S4,,,,,,2,DMND0005553 Revenue Leakage Detection Module,Medium,"Infrastructure, Analytics","Incidents - BAU, BI & Analytics - Practice, Cloud Migration - CC",IH-9875,Backlog,Cloud Platform Migration,Off Track,,0,0,2,0,1,2,0,3,,,,,,,Customer Operations,,,Human Resources
Sub-task,Grant access permissions for customer resource,Innovation Hub,,,,IH - Horizon,Logan Kim,Peyton Nakamura,,Atlas Q4S1 + Atlas FY27-Q1S1 + Vertex FY27-Q1S1,,,,46072,,3,Implement supplier validation rules in ingestion layer,Medium,Platform,Squad Nebula,IH-8081,Selected for Development,,,,0,0,3,0,2,0,0,2,,,Should Have,,,,Customer Operations,,,
Story,Integrate warranty API with staging platform,Innovation Hub,,,,IH - Atlas,Logan Gupta,Sam Johansson,,Horizon Q3S1,,,,46075,,3,DMND0007816 Marketing Attribution Data Model,Medium,,"Squad Atlas, Squad Horizon, BAU - Funding",IH-9404,Backlog,,,,0,0,3,0,0,1,0,1,,,,,Data Architecture,,Supply Chain,,,
Story,Set up order environment for notification testing,Innovation Hub,,,,IH - Pulse,Remy Chen,Taylor Okafor,,,,,,45960,,5,DMND0005449 Marketing Attribution Data Model,High,Q2FY27,Squad Catalyst,IH-7986,In Progress,,,,37.49,2,3,54.11,0,0,0,0,,45915,,,,INC0211400,,,,
Sub-task,Grant access permissions for compliance resource,Innovation Hub,,,,IH - Horizon,Peyton Nakamura,Avery Petrov,,Horizon Q4S4 [COMPLETED],,,,46005,,21,Implement order validation rules in enrichment layer,Medium,"Security, Analytics, Reporting","Data Engineering - Practice, Squad Horizon, Squad Vertex",IH-1486,Backlog,,,,0,0,21,0,2,0,0,2,,46007,Won't Have,,,,,,,
Story,Add error handling to fleet process,Innovation Hub,,,,IH - Vertex,Emerson Eriksson,Emerson Eriksson,,,,,,46011,,0,DMND0007816 Marketing Attribution Data Model,Medium,Q2FY27,"Squad Pulse, Squad Catalyst, Squad Vertex",IH-3378,In Progress,,,,78.66,0,0,69.04,0,0,0,0,,45917,Could Have,,,,Supply Chain,,,
Story,Add error handling to supplier process,Innovation Hub,,,,IH - Horizon,,Casey Torres,,Horizon Q3S6,,,,,,13,DMND0005449 Marketing Attribution Data Model,High,,"Squad Atlas, Incidents - BAU, Project - Funding",IH-4799,Done,,,,100,13,0,0,0,0,0,0,,,,,,,,,,
Story,Configure warranty alerts for reporting monitoring,Innovation Hub,,,,IH - Catalyst,Peyton Costa,,,Atlas Q3S6 + Nebula Q4S6 + Vertex Q4S2 + Vertex Q3S1,,,,46089,,8,DMND0005910 Employee Engagement Survey Platform,High,"Migration, Infrastructure",Project - Funding,IH-6065,In Progress,,,,24.61,2,6,76.79,0,1,0,1,,,Could Have,,,,,,,
Sub Test Execution,Performance test payment query,Innovation Hub,,,,IH - Atlas,Emerson Eriksson,,,Pulse FY27-Q1S2 [COMPLETED] + Horizon Q3S1,,,,,,,Build customer dashboard component,Highest,"Q2FY27, Migration","Squad Horizon, Squad Pulse, Squad Nebula",IH-7770,Done,Cloud Platform Migration,Off Track,,100,0,0,100,0,0,0,0,,45916,,,,,Customer Operations,,,
Story,Implement campaign validation rules in staging layer,Innovation Hub,,,,IH - Vertex,Harper Okafor,Drew Larsson,,Catalyst Q4S2 + Pulse FY27-Q1S4 [COMPLETED] + Pulse FY27-Q1S3 [COMPLETED],,,,45910,,8,DMND0005593 Inventory Forecasting Data Pipeline,Low,"Compliance, Reporting, Platform",Demands - BAU,IH-7772,In Progress,,,,28.59,2,6,54.58,1,0,1,2,,,,,,,,,,Human Resources
Story,Build inventory dashboard component,Innovation Hub,,,,IH - Vertex,Drew Kowalski,Morgan Novak,,,,,,,,5,DMND0006537 Product Recommendation Engine,Medium,,"Squad Vertex, Demands - BAU",IH-8193,Backlog,,,,0,0,5,0,0,2,0,2,,45900,Must Have,,,CHG0027628,,,,
Story,Deploy logistics service to staging workspace,Innovation Hub,,,,IH - Catalyst,Peyton Yamamoto,Drew Larsson,,Vertex Q3S5 [COMPLETED] + Pulse Q4S3 + Horizon FY27-Q1S1,,,,45906,,0,DMND0007292 Fraud Detection Model Deployment,Medium,"Integration, Q1FY27","BAU - Funding, Platform Ops - CC, BI & Analytics - Practice, Cloud Migration - CC",IH-9909,Blocked,,,,0,0,0,0,0,0,0,0,,46040,Could Have,,,,,X-Large (6+ weeks),,
SAFe Epic,Cloud Infrastructure Modernisation,Innovation Hub,,,"IH - Catalyst, IH - Pulse, IH - Vertex",IH - Horizon,Remy Chen,Quinn Silva,Nebula Q3S6 + Vertex Q3S4 + Atlas FY27-Q1S1 + Pulse Q3S4,Nebula Q3S6 + Vertex Q3S4 + Atlas FY27-Q1S1 + Pulse Q3S4,,,46116,46116,398,,,Low,Migration,"Platform Ops - CC, BAU - Funding",IH-3126,In Progress,,,,77.01,0,0,10.67,2,1,8,11,,46020,,,Data Science,,Supply Chain,,,
Story,Defect - billing not displaying correct values,Innovation Hub,,,,IH - Atlas,Sam Johansson,Jordan Gupta,,Atlas Q4S3,,,,,,21,DMND0005449 Marketing Attribution Data Model,Medium,,"Incidents - BAU, BI & Analytics - Practice, Demands - BAU",IH-9899,Done,,,Performance,100,21,0,100,0,0,1,1,,46010,,,,,Supply Chain,,,
Sub-task,Create DML scripts for fleet migration,Innovation Hub,,,,IH - Pulse,Avery Petrov,Logan Kim,,Atlas Q4S5 + Atlas Q3S1 + Nebula Q3S6,,,,46090,,13,Optimise order query performance,Medium,,"Project - Funding, Platform Ops - CC, Squad Vertex, BI & Analytics - Practice",IH-6413,In Progress,,,Analytics,73.99,10,3,31.63,1,0,2,3,,,,,,,,,,
Story,Refactor supplier ingestion logic for performance,Innovation Hub,,,,IH - Nebula,Jordan Gupta,Drew Larsson,,Horizon FY27-Q1S1 + Horizon Q4S3,,,,45903,,1,DMND0005593 Inventory Forecasting Data Pipeline,High,"Migration, Performance, Infrastructure","Squad Atlas, Squad Nebula, Data Engineering - Practice",IH-9304,Backlog,,,,0,0,1,0,0,0,0,0,,45908,Could Have,,Cloud Platform,,,,,
Story,Document contract data flow and dependencies,Innovation Hub,,,,IH - Vertex,Sam Costa,Remy Chen,,Atlas Q3S3 + Catalyst FY27-Q1S2 [COMPLETED],,,,,,8,DMND0004451 Product Recommendation Engine,Medium,"Q2FY27, Q1FY27","Demands - BAU, Squad Horizon, Squad Pulse",IH-2817,Selected for Development,,,Infrastructure,0,0,8,0,0,1,0,1,,45939,,,,,,,,
Story,Migrate pricing table from on-prem to cloud,Innovation Hub,,,,IH - Horizon,Jordan Gupta,Harper Chen,,,,,,46064,,21,DMND0005553 Revenue Leakage Detection Module,Low,,"Demands - BAU, Data Engineering - Practice, Incidents - BAU",IH-9695,Backlog,,,,0,0,21,0,0,0,0,0,,45931,,,,,Marketing & Digital,X-Large (6+ weeks),,Supply Chain
Sub-task,Deploy contract changes to test environment,Innovation Hub,,,,IH - Catalyst,Morgan Novak,Logan Kim,,,,,,46024,,0,Investigate contract data discrepancy,Medium,,"Squad Atlas, Data Engineering - Practice, Squad Catalyst, BI & Analytics - Practice",IH-7438,Done,Cloud Platform Migration,At Risk,,100,0,0,100,0,0,2,2,,45943,Won't Have,,,,,,,
Sub-task,Run regression tests on contract module,Innovation Hub,,,,IH - Catalyst,Peyton Brennan,Oakley Petrov,,,,,,46085,,8,Deploy contract service to audit workspace,Highest,,"Data Engineering - Practice, Incidents - BAU",IH-1271,In Progress,Self-Service BI Portal,Off Track,,85.49,7,1,53.2,0,0,1,1,,45911,Should Have,,,,,,,
Sub-task,Analyse existing campaign process,Innovation Hub,,,,IH - Atlas,Avery Petrov,Hayden Gupta,,Atlas Q3S2,,,,,,1,Optimise compliance query performance,Medium,,"Squad Atlas, Data Engineering - Practice, Squad Horizon, Squad Catalyst",IH-9516,Elaboration,,,,0,0,1,0,1,0,0,1,,46014,,,,,,,,Product & Technology
Story,Defect - billing not displaying correct values,Innovation Hub,,,,IH - Catalyst,Sam Okafor,Sam Costa,,,,,,46046,,13,DMND0004451 Product Recommendation Engine,High,"DevOps, Performance, Q1FY27","Data Engineering - Practice, Squad Catalyst, Project - Funding",IH-7741,In Progress,Automated Compliance Pipeline,At Risk,,13.36,2,11,27.56,1,0,0,1,,45993,,,,,,,,
SAFe Epic,Cloud Infrastructure Modernisation,Innovation Hub,,,"IH - Pulse, IH - Atlas, IH - Vertex",IH - Vertex,Peyton Nakamura,Noel Silva,Vertex Q4S3 [COMPLETED],Vertex Q4S3 [COMPLETED],,,,,278,,,Highest,Security,"Platform Ops - CC, BI & Analytics - Practice",IH-9381,Done,,,,100,0,0,100,0,0,12,12,,46041,,,,,,Large (4 - 6 weeks),,
Story,Optimise order query performance,Innovation Hub,,,,IH - Nebula,,Jamie Gupta,,Horizon Q3S4 + Pulse Q3S1 + Atlas FY27-Q1S6 + Atlas Q4S3,,,,45931,,1,DMND0005910 Employee Engagement Survey Platform,High,"Infrastructure, Security","Cloud Migration - CC, Demands - BAU, Squad Catalyst",IH-9942,In Progress,,,,24.14,0,1,11.65,0,1,0,1,,,Must Have,,,,,,,
Sub-task,Fix compliance data type mismatch,Innovation Hub,,,,IH - Pulse,Hayden Gupta,Remy Chen,,,,,,46044,,3,Refactor order ingestion logic for performance,Medium,,Squad Vertex,IH-4884,Done,,,,100,3,0,100,0,0,1,1,,46029,,,,,,,,
Sub-task,Deploy billing changes to test environment,Innovation Hub,,,,IH - Atlas,Peyton Costa,Peyton Johansson,,,,,,,,0,Create logistics data pipeline for bronze module,High,,Data Engineering - Practice,IH-6241,Test,Automated Compliance Pipeline,At Risk,,0,0,0,0,0,2,0,2,,45986,,,,INC0221207,Customer Operations,Small (< 2 weeks),,
Sub-task,Grant access permissions for billing resource,Innovation Hub,,,,IH - Catalyst,Kendall Gupta,,,,,,,45981,,5,UAT sign-off for warranty feature,Medium,Q1FY27,"Demands - BAU, Project - Funding, BI & Analytics - Practice, Squad Horizon",IH-6487,Elaboration,,,,0,0,5,0,1,1,0,2,,46044,,,BI Reporting,,,,,
Story,Build payment dashboard component,Innovation Hub,,,,IH - Catalyst,Dakota Nakamura,Jordan Gupta,,Horizon Q3S6,,,,46060,,13,DMND0005553 Revenue Leakage Detection Module,Medium,"Migration, Infrastructure","Squad Vertex, Demands - BAU",IH-9552,Done,,,Integration,100,13,0,100,0,0,3,3,,,Could Have,,,,,,,
Sub-task,Update campaign configuration in staging env,Innovation Hub,,,,IH - Pulse,,,,,,,,46119,,1,Deploy order service to silver workspace,High,"Migration, Performance","Squad Catalyst, Squad Horizon, Platform Ops - CC, Squad Pulse",IH-9253,In Progress,Cloud Platform Migration,Achieved,Security,87.3,1,0,18.43,0,0,0,0,,45906,,,Data Engineering,,Product & Technology,,,
Sub-task,Grant access permissions for contract resource,Innovation Hub,,,,IH - Nebula,Peyton Costa,Emerson Eriksson,,,,,,45998,,0,Validate contract data accuracy after migration,Medium,,"Squad Horizon, BI & Analytics - Practice, Data Engineering - Practice, Platform Ops - CC",IH-8675,Backlog,,,,0,0,0,0,0,0,0,0,,,,,,,,,,
Story,Document contract data flow and dependencies,Innovation Hub,,,,IH - Catalyst,Casey Torres,Taylor Okafor,,,,,,46041,,5,DMND0007816 Marketing Attribution Data Model,High,Compliance,"Data Engineering - Practice, Squad Vertex",IH-5447,Selected for Development,Self-Service BI Portal,Achieved,,0,0,5,0,2,0,0,2,,,Could Have,,Cloud Platform,,,X-Large (6+ weeks),,
Story,Deploy payment service to reconciliation workspace,Innovation Hub,,,,IH - Vertex,Riley Dumont,Emerson Eriksson,,Horizon Q3S5 + Horizon Q4S2 [COMPLETED],,,,45962,,5,DMND0004649 Payment Gateway Data Integration,Medium,,"Platform Ops - CC, BAU - Funding, Squad Pulse, Squad Atlas",IH-1230,In Progress,,,,74.54,4,1,71.06,0,0,0,0,,45993,,,,,,,,
Epic,DMND0005566 Product Recommendation Engine,Innovation Hub,,,"IH - Atlas, IH - Nebula, IH - Horizon",IH - Nebula,Sam Johansson,Noel Silva,Atlas FY27-Q1S3 + Pulse FY27-Q1S5,Atlas FY27-Q1S3 + Pulse FY27-Q1S5,,,,45997,76,,Data Governance & Quality Initiative,Lowest,"Q1FY27, Infrastructure, Reporting","Squad Horizon, BAU - Funding, Squad Nebula",IH-9270,Selected for Development,,,,0,0,0,0,2,7,0,9,46019,46019,Won't Have,,Data Engineering,DMND00070979,,,,
Story,Integrate inventory API with notification platform,Innovation Hub,,,,IH - Nebula,Harper Chen,Morgan Novak,,,,,,,,1,DMND0004410 Revenue Leakage Detection Module,Lowest,Migration,"Squad Catalyst, Squad Atlas, Project - Funding",IH-6288,In Progress,,,,88.37,1,0,32.01,0,0,0,0,,,Must Have,,,,,,,
Sub-task,Write unit tests for inventory logic,Innovation Hub,,,,IH - Atlas,Taylor Patel,Dakota Nakamura,,Vertex Q3S4 + Pulse Q4S2 + Catalyst FY27-Q1S4,,,,46006,,2,Investigate order data discrepancy,Low,"DevOps, Q1FY27","Demands - BAU, Squad Pulse, Squad Atlas",IH-4030,In Progress,,,,31.32,1,1,29.53,2,0,1,3,,46028,Must Have,,Data Science,,,,,
Story,Update order transformation logic,Innovation Hub,,,,IH - Horizon,,,,Horizon Q3S2 [COMPLETED],,,,46020,,13,DMND0007532 Warehouse Capacity Planning Tool,Low,"Performance, Analytics, Compliance","Squad Catalyst, Squad Nebula, Squad Horizon",IH-3882,Test,Data Quality Framework,Achieved,Migration,0,0,13,0,0,3,0,3,,45969,Must Have,,,,Legal,,,
Story,Investigate pricing data discrepancy,Innovation Hub,,,,IH - Catalyst,Drew Larsson,Sam Johansson,,Catalyst Q4S6 + Catalyst Q4S2,,,,45930,,3,DMND0006603 Sustainability Reporting Dashboard,Medium,Integration,Incidents - BAU,IH-2405,In Progress,,,,67.27,2,1,27.29,0,1,1,2,,45996,,,,,Product & Technology,,,
Sub-task,Create linked service for billing connection,Innovation Hub,,,,IH - Catalyst,Logan Kim,Drew Larsson,,,,,,46031,,13,Set up pricing environment for ingestion testing,Medium,"Q2FY27, Analytics, Migration","Demands - BAU, BI & Analytics - Practice",IH-6398,Backlog,,,,0,0,13,0,0,0,0,0,,46019,Should Have,,,,,,,Marketing & Digital
Sub-task,Validate row counts for campaign table,Innovation Hub,,,,IH - Horizon,Taylor Patel,Quinn Silva,,Atlas FY27-Q1S5 + Catalyst Q3S1 + Vertex Q4S5 + Horizon FY27-Q1S5,,,,45999,,2,Add error handling to payment process,Medium,,"Incidents - BAU, BAU - Funding, Squad Catalyst",IH-8637,In Progress,,,Performance,13.06,0,2,36.44,0,3,0,3,,,,,,DMND00091579,,Medium (2 - 4 weeks),,
Story,Create logistics data pipeline for notification module,Innovation Hub,,,,IH - Horizon,Riley Dumont,Skyler Kowalski,,,,,,45959,,5,DMND0006603 Sustainability Reporting Dashboard,Medium,,"Demands - BAU, Squad Nebula, Squad Atlas",IH-7315,Backlog,Customer 360 Data Hub,Achieved,,0,0,5,0,0,0,0,0,,45969,,,,DMND00072836,,,,
Story,Add error handling to fleet process,Innovation Hub,,,,IH - Atlas,Drew Petrov,,,Catalyst Q4S6 + Pulse Q4S1 [COMPLETED] + Pulse Q3S5 [COMPLETED] + Atlas Q4S5,,,,46012,,8,DMND0004649 Payment Gateway Data Integration,Medium,Reporting,"Demands - BAU, Squad Horizon, Data Engineering - Practice, Squad Atlas",IH-5759,Done,,,,100,8,0,100,0,0,0,0,,45928,,,,,,,,
Sub-task,Create linked service for warranty connection,Innovation Hub,,,,IH - Vertex,Alex Nakamura,,,Pulse Q4S1 [COMPLETED] + Pulse FY27-Q1S5 + Catalyst Q3S2,,,,,,3,Defect - billing not displaying correct values,Low,,"Incidents - BAU, BAU - Funding",IH-6608,Backlog,Self-Service BI Portal,At Risk,,0,0,3,0,0,0,0,0,,,,,,,,X-Large (6+ weeks),,
Sub-task,Create DML scripts for inventory migration,Innovation Hub,,,,IH - Horizon,Remy Chen,Peyton Yamamoto,,Horizon FY27-Q1S6 + Catalyst Q4S5,,,,,,13,Set up pricing environment for bronze testing,High,"DevOps, Analytics","BI & Analytics - Practice, Platform Ops - CC, Squad Atlas, Squad Catalyst",IH-1474,Selected for Development,,,,0,0,13,0,0,0,0,0,,46039,Should Have,,,,,,,
Sub-task,Resolve merge conflict in customer branch,Innovation Hub,,,,IH - Catalyst,Logan Gupta,,,Catalyst FY27-Q1S5 + Horizon FY27-Q1S1 + Horizon Q4S3 + Horizon Q4S1,,,,45920,,8,Investigate contract data discrepancy,Low,,"Squad Horizon, BAU - Funding",IH-1358,In Progress,,,Q1FY27,43.57,3,5,52.09,0,1,1,2,,,Should Have,,Cloud Platform,,,,,
Story,Optimise revenue query performance,Innovation Hub,,,,IH - Pulse,Taylor Okafor,Sam Johansson,,Vertex Q4S6,,,,45953,,8,DMND0006537 Product Recommendation Engine,High,,"Squad Nebula, BI & Analytics - Practice",IH-4157,Elaboration,,,,0,0,8,0,0,1,0,1,,45950,Should Have,,,,,Large (4 - 6 weeks),,
Sub-task,Create DML scripts for billing migration,Innovation Hub,,,,IH - Nebula,,Skyler Kowalski,,Nebula Q4S2 [COMPLETED] + Vertex Q4S3 [COMPLETED] + Pulse Q4S3 + Vertex Q3S4,,,,46057,,1,Defect - billing not displaying correct values,Medium,"Analytics, DevOps, Q1FY27","Incidents - BAU, Squad Vertex",IH-1520,Done,,,,100,1,0,0,0,0,3,3,,45986,Won't Have,,,,,,,
Story,Refactor order ingestion logic for performance,Innovation Hub,,,,IH - Nebula,Avery Petrov,Jamie Gupta,,Atlas Q3S4 [COMPLETED] + Pulse FY27-Q1S5,,,,45963,,5,DMND0005449 Marketing Attribution Data Model,Medium,"Compliance, DevOps, Infrastructure","Demands - BAU, Cloud Migration - CC",IH-3524,Backlog,,,,0,0,5,0,0,1,0,1,,,,,,,,,,
Story,Create semantic views for revenue dataset,Innovation Hub,,,,IH - Horizon,Quinn Silva,Emerson Eriksson,,,,,,45932,,0,DMND0005553 Revenue Leakage Detection Module,Medium,,"Squad Horizon, Squad Pulse, Incidents - BAU, Squad Vertex",IH-2373,Done,,,,100,0,0,0,0,0,3,3,,,Won't Have,,BI Reporting,,,,,Customer Operations
Story,UAT sign-off for billing feature,Innovation Hub,,,,IH - Horizon,Peyton Silva,Sam Johansson,,Pulse Q3S3 [COMPLETED] + Nebula Q3S5,,,,46104,,3,DMND0005910 Employee Engagement Survey Platform,Medium,,Data Engineering - Practice,IH-6250,Done,,,,100,3,0,100,0,0,2,2,,46039,,,,,,Medium (2 - 4 weeks),,
Story,Deploy order service to gold workspace,Innovation Hub,,,,IH - Nebula,Peyton Silva,Peyton Johansson,,Catalyst Q3S2,,,,46025,,3,DMND0006537 Product Recommendation Engine,Medium,,"Squad Pulse, Incidents - BAU, Cloud Migration - CC",IH-6719,In Progress,Self-Service BI Portal,Off Track,,54.21,2,1,54.93,0,0,1,1,,45996,Should Have,,,INC0255117,,,,
Sub-task,Grant access permissions for supplier resource,Innovation Hub,,,,IH - Pulse,Quinn Silva,Sam Okafor,,Atlas FY27-Q1S4 + Atlas Q4S2 + Catalyst FY27-Q1S5 + Pulse Q4S4,,,,46093,,3,Refactor order ingestion logic for performance,Medium,"Q2FY27, Analytics, Compliance","Demands - BAU, Squad Catalyst",IH-3372,Done,,,,100,3,0,0,0,0,1,1,,45904,,,,,Finance & Risk,,,
Story,Defect - Null values in forecast column,Innovation Hub,,,,IH - Pulse,Remy Johansson,Morgan Novak,,Atlas FY27-Q1S2 + Nebula Q3S5 + Catalyst Q4S3 + Horizon Q4S5,,,,46077,,21,DMND0005566 Product Recommendation Engine,Medium,"Q2FY27, Reporting",Data Engineering - Practice,IH-8019,Blocked,,,Reporting,0,0,21,0,0,2,0,2,,46044,Must Have,,Data Architecture,,,Large (4 - 6 weeks),,
Sub-task,Grant access permissions for billing resource,Innovation Hub,,,,IH - Horizon,Riley Dumont,Sam Costa,,,,,,45915,,3,Defect - pricing not displaying correct values,Medium,,"Squad Atlas, Demands - BAU",IH-8134,Done,,,,100,3,0,0,0,0,2,2,,45991,Could Have,,,,,,,
Sub-task,Resolve merge conflict in billing branch,Innovation Hub,,,,IH - Nebula,Cameron Nakamura,Jamie Gupta,,Horizon FY27-Q1S6 + Vertex Q4S5,,,,46042,,21,Deploy order service to gold workspace,Medium,,"Project - Funding, Cloud Migration - CC, Squad Horizon, Squad Pulse",IH-1975,Done,,,,100,21,0,100,0,0,2,2,,46031,Should Have,,,,,,,
Story,Deploy pricing service to bronze workspace,Innovation Hub,,,,IH - Nebula,Remy Chen,Sam Johansson,,Atlas FY27-Q1S3,,,,,,5,DMND0005593 Inventory Forecasting Data Pipeline,Low,Performance,"Project - Funding, Squad Atlas",IH-2919,In Progress,,,DevOps,24.73,1,4,59.53,0,0,0,0,,46014,Won't Have,,,,,,,Product & Technology
Story,Create semantic views for contract dataset,Innovation Hub,,,,IH - Vertex,Taylor Okafor,,,,,,,46073,,2,DMND0005553 Revenue Leakage Detection Module,Lowest,Performance,"Incidents - BAU, Data Engineering - Practice",IH-4146,Backlog,,,,0,0,2,0,0,3,0,3,,45938,Could Have,,,INC0238086,,,,
Sub-task,Write unit tests for pricing logic,Innovation Hub,,,,IH - Pulse,Oakley Petrov,Drew Petrov,,Horizon Q4S3 + Catalyst Q3S6,,,,46044,,1,Refactor order ingestion logic for performance,Low,"Q1FY27, Migration, Performance","BI & Analytics - Practice, Cloud Migration - CC",IH-6112,Backlog,,,,0,0,1,0,0,0,0,0,,46010,Could Have,,,,,Medium (2 - 4 weeks),,
Story,Configure inventory alerts for ingestion monitoring,Innovation Hub,,,,IH - Catalyst,Sam Costa,Peyton Brennan,,Vertex Q4S3 [COMPLETED] + Horizon Q4S3 + Horizon Q3S3 [COMPLETED],,,,45942,,8,DMND0005449 Marketing Attribution Data Model,Low,"Q2FY27, Performance, DevOps","Incidents - BAU, Cloud Migration - CC, Squad Nebula",IH-1755,Done,,,,100,8,0,100,0,0,2,2,,45938,,,NA,,,,,
Sub Test Execution,Update forecast configuration in gold env,Innovation Hub,,,,IH - Atlas,,,,Atlas FY27-Q1S6 + Catalyst Q4S6,,,,,,,Deploy logistics service to staging workspace,Medium,"Analytics, Platform","BI & Analytics - Practice, Squad Catalyst",IH-1993,Blocked,,,,0,0,0,0,1,1,0,2,,,,,,,,,,
Sub-task,Update documentation for supplier schema,Innovation Hub,,,,IH - Horizon,Sam Okafor,Peyton Brennan,,Nebula Q3S3 + Pulse Q4S3,,,,45987,,13,Deploy pricing service to bronze workspace,High,"Q2FY27, Platform, Performance",Squad Catalyst,IH-8433,Backlog,,,,0,0,13,0,1,1,0,2,,46034,,,,,Supply Chain,,,
Story,Add campaign field mapping to notification schema,Innovation Hub,,,,IH - Horizon,Peyton Brennan,Kendall Gupta,,,,,,,,8,DMND0005553 Revenue Leakage Detection Module,Lowest,,"Squad Pulse, Platform Ops - CC",IH-7945,Done,,,,100,8,0,0,0,0,1,1,,46042,,,,,,,,
Story,Defect - Null values in forecast column,Innovation Hub,,,,IH - Vertex,Sam Costa,,,,,,,46103,,2,DMND0006537 Product Recommendation Engine,Medium,,"Project - Funding, BI & Analytics - Practice, Incidents - BAU, Cloud Migration - CC",IH-1042,Blocked,,,,0,0,2,0,0,3,0,3,,,,,,,,,,
Epic,DMND0006137 Fleet Management Data Consolidation,Innovation Hub,,,IH - Catalyst,IH - Vertex,Casey Torres,Sam Costa,Catalyst FY27-Q1S2 [COMPLETED],Catalyst FY27-Q1S2 [COMPLETED],,,,45988,169,,Data Governance & Quality Initiative,Medium,,"Squad Pulse, Cloud Migration - CC, Data Engineering - Practice, Squad Atlas",IH-8109,Elaboration,,,,0,0,0,0,0,0,0,0,,45912,,Large (4 - 6 weeks),,NSREQ2867804,,Small (< 2 weeks),,Human Resources
Sub-task,Performance test warranty query,Innovation Hub,,,,IH - Vertex,Peyton Yamamoto,Drew Larsson,,Pulse Q3S3 [COMPLETED] + Nebula Q4S6 + Pulse FY27-Q1S1 [COMPLETED],,,,46107,,1,Integrate inventory API with notification platform,Low,"Migration, Q1FY27","Platform Ops - CC, BI & Analytics - Practice",IH-1502,In Progress,,,,29.81,0,1,24.58,1,0,1,2,,,,,,,,,,
Story,Update forecast transformation logic,Innovation Hub,,,,IH - Pulse,Avery Petrov,Remy Chen,,Catalyst Q4S5 + Nebula FY27-Q1S1 [COMPLETED] + Nebula Q3S4,,,,45983,,3,DMND0005553 Revenue Leakage Detection Module,Medium,,Squad Nebula,IH-3281,Backlog,Self-Service BI Portal,At Risk,Migration,0,0,3,0,2,1,0,3,,45954,,,,,,,,
Story,Document revenue data flow and dependencies,Innovation Hub,,,,IH - Pulse,Avery Petrov,Skyler Petrov,,Atlas Q4S2 + Horizon Q4S5,,,,,,21,DMND0005593 Inventory Forecasting Data Pipeline,Medium,,"Incidents - BAU, Squad Catalyst",IH-7309,Backlog,Automated Compliance Pipeline,Achieved,,0,0,21,0,3,0,0,3,,45944,,,,,Finance & Risk,,,
Story,Configure inventory alerts for reporting monitoring,Innovation Hub,,,,IH - Horizon,Noel Silva,Sam Johansson,,Catalyst FY27-Q1S4 + Catalyst Q4S3 + Nebula Q3S5,,,,,,13,DMND0006137 Fleet Management Data Consolidation,Medium,,"Squad Horizon, Incidents - BAU, Data Engineering - Practice",IH-7196,In Progress,Customer 360 Data Hub,Off Track,,35.61,5,8,53.94,0,0,0,0,,,,,BI Reporting,,,,,
Story,Build contract dashboard component,Innovation Hub,,,,IH - Vertex,Hayden Gupta,,,Vertex FY27-Q1S5 + Nebula FY27-Q1S6 + Nebula Q4S4,,,,46107,,0,DMND0005449 Marketing Attribution Data Model,Medium,"Q2FY27, Performance","Platform Ops - CC, Squad Horizon, Squad Pulse, Incidents - BAU",IH-6743,Test,,,,0,0,0,0,0,0,0,0,,45941,Could Have,,Data Science,,,,,
Story,Configure supplier alerts for analytics monitoring,Innovation Hub,,,,IH - Vertex,Riley Dumont,,,,,,,46100,,2,DMND0005593 Inventory Forecasting Data Pipeline,Medium,"Security, Q1FY27, Infrastructure","Platform Ops - CC, Cloud Migration - CC, Squad Catalyst, Incidents - BAU",IH-2394,Backlog,,,,0,0,2,0,0,2,0,2,,46012,Must Have,,,,,,,
Sub-task,Update billing configuration in audit env,Innovation Hub,,,,IH - Horizon,Kendall Gupta,Peyton Silva,,Nebula Q4S6 + Pulse Q3S6 + Catalyst Q3S6 + Horizon Q4S4 [COMPLETED],,,,,,2,Configure inventory alerts for ingestion monitoring,High,Analytics,"Incidents - BAU, Squad Catalyst",IH-6349,Backlog,Customer 360 Data Hub,At Risk,,0,0,2,0,2,1,0,3,,46046,Could Have,,,,,Medium (2 - 4 weeks),,
Sub Test Execution,Write unit tests for pricing logic,Innovation Hub,,,,IH - Vertex,Jamie Gupta,Sam Johansson,,Pulse Q4S3 + Nebula Q3S2 + Pulse Q4S2,,,,46103,,,Refactor billing ingestion logic for performance,Medium,,"BI & Analytics - Practice, Squad Vertex, Incidents - BAU",IH-1588,Done,,,Performance,100,0,0,100,0,0,1,1,,,,,,,,Medium (2 - 4 weeks),,
SAFe Epic,Machine Learning Feature Store,Innovation Hub,,,"IH - Catalyst, IH - Horizon, IH - Pulse",IH - Horizon,Remy Chen,Dakota Nakamura,,,,,,46063,211,,,Medium,,"Squad Nebula, Squad Vertex",IH-6014,Backlog,,,,0,0,0,0,3,0,0,3,,45988,Could Have,,,,,X-Large (6+ weeks),,
Epic,DMND0006251 Fraud Detection Model Deployment,Innovation Hub,,,"IH - Atlas, IH - Catalyst",IH - Horizon,,Logan Kim,Nebula Q3S2 + Vertex Q4S1 + Vertex FY27-Q1S2,Nebula Q3S2 + Vertex Q4S1 + Vertex FY27-Q1S2,,,,46041,264,,Machine Learning Feature Store,Medium,"Integration, Platform, Infrastructure",BAU - Funding,IH-5576,Backlog,Customer 360 Data Hub,Off Track,,0,0,0,0,6,7,0,13,45962,45962,,,,,,,,Human Resources
Story,Validate logistics data accuracy after migration,Innovation Hub,,,,IH - Vertex,Skyler Petrov,,,,,,,,,21,DMND0006137 Fleet Management Data Consolidation,Medium,"DevOps, Reporting","Squad Nebula, BI & Analytics - Practice, BAU - Funding, Incidents - BAU",IH-8778,In Progress,,,,57.12,12,9,68.54,0,1,2,3,,46035,,,,,,,,
Story,Implement payment validation rules in bronze layer,Innovation Hub,,,,IH - Vertex,Logan Gupta,Remy Chen,,Nebula FY27-Q1S2 + Atlas Q3S1,,,,45912,,5,DMND0006603 Sustainability Reporting Dashboard,Medium,"Infrastructure, Automation, Migration","Demands - BAU, Incidents - BAU, Squad Nebula, Cloud Migration - CC",IH-6013,Backlog,,,,0,0,5,0,0,1,0,1,,45941,,,,,Finance & Risk,,,Supply Chain
Story,Defect - contract not displaying correct values,Innovation Hub,,,,IH - Atlas,Avery Petrov,Riley Dumont,,,,,,,,3,DMND0004410 Revenue Leakage Detection Module,Highest,Migration,"Squad Pulse, Cloud Migration - CC, Squad Vertex, Demands - BAU",IH-7269,Backlog,,,,0,0,3,0,0,2,0,2,,45964,Must Have,,,INC0231827,Product & Technology,,,
Story,Update revenue transformation logic,Innovation Hub,,,,IH - Nebula,Peyton Costa,Drew Petrov,,,,,,,,5,DMND0005910 Employee Engagement Survey Platform,Low,"Performance, Analytics, Integration","Squad Atlas, Squad Pulse, Project - Funding, Squad Horizon",IH-3933,Done,Customer 360 Data Hub,On Track,,100,5,0,100,0,0,1,1,,,,,,,,,,
Sub-task,Write unit tests for campaign logic,Innovation Hub,,,,IH - Pulse,Sam Johansson,Jordan Gupta,,Pulse Q4S5 [COMPLETED],,,,46081,,1,Set up contract environment for enrichment testing,Medium,,Cloud Migration - CC,IH-1117,Backlog,Data Quality Framework,On Track,,0,0,1,0,0,2,0,2,,,,,,,,Small (< 2 weeks),,Product & Technology
Sub-task,Resolve merge conflict in pricing branch,Innovation Hub,,,,IH - Vertex,Emerson Eriksson,Sam Okafor,,Atlas Q4S5 + Horizon FY27-Q1S2,,,,,,21,Validate campaign data accuracy after migration,Low,,"Squad Vertex, Squad Nebula, Cloud Migration - CC, Incidents - BAU",IH-7841,Backlog,,,Q2FY27,0,0,21,0,0,2,0,2,,,,,,,,,,
Sub-task,Create linked service for customer connection,Innovation Hub,,,,IH - Vertex,Sam Costa,Alex Nakamura,,,,,,46013,,2,Add revenue field mapping to analytics schema,Medium,Performance,"Squad Vertex, Cloud Migration - CC, Squad Atlas",IH-2661,Selected for Development,,,,0,0,2,0,0,0,0,0,,,Must Have,,Cloud Platform,NSREQ2820137,Customer Operations,Small (< 2 weeks),,
Epic,DMND0006847 Contract Renewal Automation Pipeline,Innovation Hub,,,"IH - Atlas, IH - Vertex, IH - Nebula",IH - Horizon,Avery Petrov,Logan Gupta,Horizon FY27-Q1S2 + Horizon Q3S1 + Horizon Q3S6 + Vertex FY27-Q1S3,Horizon FY27-Q1S2 + Horizon Q3S1 + Horizon Q3S6 + Vertex FY27-Q1S3,,,45933,45933,133,,,Medium,,"Demands - BAU, BAU - Funding",IH-8062,Backlog,Automated Compliance Pipeline,On Track,Platform,0,0,0,0,0,5,0,5,,,,Large (4 - 6 weeks),,,Human Resources,,,
Sub-task,Run regression tests on compliance module,Innovation Hub,,,,IH - Atlas,Alex Nakamura,Skyler Kowalski,,Horizon FY27-Q1S6 + Horizon Q3S5,,,,,,0,Create semantic views for logistics dataset,Medium,,Cloud Migration - CC,IH-7659,In Progress,Customer 360 Data Hub,Off Track,Performance,77.24,0,0,30.97,0,0,1,1,,45989,Should Have,,,,,,,Finance & Risk
Epic,DMND0007450 Warehouse Capacity Planning Tool,Innovation Hub,,,"IH - Horizon, IH - Vertex",IH - Pulse,Harper Okafor,Avery Petrov,,,,,45963,45963,376,,Cloud Infrastructure Modernisation,Medium,"Q1FY27, Analytics, Automation","Demands - BAU, BI & Analytics - Practice, Project - Funding, Data Engineering - Practice",IH-8632,In Progress,,,,38.86,0,0,15.87,1,3,2,6,,45939,,Small (< 2 weeks),,,,,,
Sub-task,Set up order scheduling in orchestrator,Innovation Hub,,,,IH - Horizon,Drew Kowalski,Jordan Gupta,,Catalyst FY27-Q1S5 + Vertex Q3S1 + Nebula Q4S2 [COMPLETED] + Horizon Q4S5,,,,46112,,5,Deploy pricing service to silver workspace,Medium,Q2FY27,"Project - Funding, BI & Analytics - Practice, Data Engineering - Practice, Platform Ops - CC",IH-5990,In Progress,,,,23.8,1,4,39.04,0,1,0,1,,,,,,,,,,
Story,Defect - Null values in pricing column,Innovation Hub,,,,IH - Atlas,Avery Petrov,Peyton Nakamura,,,,,,46088,,21,DMND0004649 Payment Gateway Data Integration,High,"Automation, Platform, Performance",Squad Horizon,IH-2178,Backlog,,,,0,0,21,0,1,2,0,3,,45983,,,Data Architecture,,,,,
Story,Configure payment alerts for notification monitoring,Innovation Hub,,,,IH - Catalyst,Taylor Patel,,,Nebula Q4S6 + Pulse Q3S3 [COMPLETED],,,,,,2,DMND0004451 Product Recommendation Engine,Medium,Migration,Squad Pulse,IH-1825,In Progress,,,,62.66,1,1,56.54,0,0,0,0,,,,,,,,,,
Story,Validate compliance data accuracy after migration,Innovation Hub,,,,IH - Pulse,,Peyton Costa,,Catalyst FY27-Q1S2 [COMPLETED],,,,45907,,1,DMND0005910 Employee Engagement Survey Platform,Medium,"Integration, Automation, Infrastructure",Data Engineering - Practice,IH-2701,Backlog,Real-Time Analytics Engine,Off Track,,0,0,1,0,1,0,0,1,,,Won't Have,,Cloud Platform,,,Small (< 2 weeks),,
Sub-task,Review pull request for customer changes,Innovation Hub,,,,IH - Atlas,Logan Gupta,Remy Johansson,,,,,,46068,,8,Update forecast transformation logic,Medium,,"BI & Analytics - Practice, Project - Funding, Incidents - BAU",IH-9465,In Progress,,,,54.31,4,4,41.16,0,0,1,1,,45911,Must Have,,,,,,,
Story,Add error handling to compliance process,Innovation Hub,,,,IH - Vertex,Remy Johansson,Avery Petrov,,,,,,45920,,0,DMND0006603 Sustainability Reporting Dashboard,Medium,"Reporting, Automation",Squad Catalyst,IH-2980,Test,,,Migration,0,0,0,0,1,0,0,1,,,,,,,,,,
Story,Create semantic views for payment dataset,Innovation Hub,,,,IH - Nebula,Remy Chen,Peyton Yamamoto,,,,,,46017,,21,DMND0004649 Payment Gateway Data Integration,Medium,Reporting,"Squad Vertex, Squad Nebula, Cloud Migration - CC, Squad Pulse",IH-7993,In Progress,,,,89.91,19,2,13.2,0,0,2,2,,45925,Must Have,,Data Engineering,,,,,
Story,Update fleet transformation logic,Innovation Hub,,,,IH - Horizon,Quinn Silva,Peyton Johansson,,,,,,46024,,21,DMND0004649 Payment Gateway Data Integration,Medium,,Cloud Migration - CC,IH-2941,Backlog,,,,0,0,21,0,0,0,0,0,,45926,,,NA,,,,,
Sub-task,Create linked service for order connection,Innovation Hub,,,,IH - Pulse,Jamie Gupta,Taylor Patel,,Atlas Q3S6 + Horizon FY27-Q1S5 + Atlas Q4S5 + Vertex Q3S1,,,,45978,,13,Migrate compliance table from on-prem to cloud,High,,"BI & Analytics - Practice, BAU - Funding",IH-8318,In Progress,,,,48.87,6,7,69.23,0,0,0,0,,46040,,,,,Product & Technology,Large (4 - 6 weeks),,
Sub-task,Set up compliance scheduling in orchestrator,Innovation Hub,,,,IH - Vertex,Quinn Silva,Hayden Gupta,,Catalyst Q4S5,,,,46006,,2,Build fleet dashboard component,Medium,Security,"Squad Horizon, Platform Ops - CC",IH-5225,Test,,,,0,0,2,0,2,0,0,2,,,,,,,,,,
Epic,DMND0005491 Product Recommendation Engine,Innovation Hub,,,"IH - Vertex, IH - Atlas, IH - Catalyst",IH - Vertex,Peyton Yamamoto,Skyler Petrov,,,,,,46038,273,,Cloud Infrastructure Modernisation,Lowest,,"Project - Funding, Squad Atlas, Platform Ops - CC",IH-2690,Backlog,,,,0,0,0,0,6,9,0,15,,,Should Have,Small (< 2 weeks),Cloud Platform,,Legal,,,
Sub-task,Resolve merge conflict in payment branch,Innovation Hub,,,,IH - Pulse,Taylor Okafor,Peyton Johansson,,,,,,46047,,13,Defect - billing not displaying correct values,Medium,,"Platform Ops - CC, Squad Pulse",IH-8206,Done,,,,100,13,0,100,0,0,1,1,,46010,,,,,,,,
Sub-task,Performance test forecast query,Innovation Hub,,,,IH - Catalyst,Emerson Eriksson,,,,,,,46042,,3,Create logistics data pipeline for notification module,Medium,,"Incidents - BAU, Platform Ops - CC",IH-3588,Backlog,,,,0,0,3,0,1,0,0,1,,,,,Data Science,,,Medium (2 - 4 weeks),,Marketing & Digital
Sub-task,Update pricing configuration in enrichment env,Innovation Hub,,,,IH - Atlas,Jordan Gupta,Quinn Silva,,Vertex Q3S1 + Atlas Q3S3,,,,,,0,Deploy order service to silver workspace,Medium,,"Incidents - BAU, Cloud Migration - CC, Squad Nebula",IH-7473,Test,,,,0,0,0,0,1,2,0,3,,45949,Should Have,,Cloud Platform,,,,,
Sub-task,Write unit tests for fleet logic,Innovation Hub,,,,IH - Catalyst,Taylor Patel,Alex Nakamura,,,,,,,,8,Defect - billing not displaying correct values,Medium,Reporting,"Project - Funding, Squad Catalyst",IH-9283,Backlog,,,,0,0,8,0,0,0,0,0,,46047,Won't Have,,NA,,,,,
Story,Defect - customer not displaying correct values,Innovation Hub,,,,IH - Vertex,Remy Chen,Dakota Nakamura,,Catalyst FY27-Q1S2 [COMPLETED] + Vertex Q4S5,,,,45917,,5,DMND0006847 Contract Renewal Automation Pipeline,Medium,Integration,Squad Vertex,IH-5470,Backlog,,,Infrastructure,0,0,5,0,1,1,0,2,,45971,Should Have,,,,,,,
Story,Create supplier data pipeline for ingestion module,Innovation Hub,,,,IH - Vertex,Sam Costa,Peyton Johansson,,,,,,,,2,DMND0005553 Revenue Leakage Detection Module,Highest,,"Squad Pulse, Data Engineering - Practice",IH-8730,Done,,,,100,2,0,0,0,0,0,0,,45913,,,,CHG0026637,,,,
Sub-task,Set up customer scheduling in orchestrator,Innovation Hub,,,,IH - Atlas,Peyton Nakamura,Logan Gupta,,Nebula Q4S6,,,,,,1,UAT sign-off for fleet feature,Medium,"Infrastructure, Platform, Reporting","Project - Funding, Platform Ops - CC",IH-9462,Done,,,,100,1,0,100,0,0,0,0,,45914,,,,,,,,
Story,Integrate contract API with enrichment platform,Innovation Hub,,,,IH - Pulse,Skyler Petrov,Remy Johansson,,Nebula Q3S4 + Pulse Q3S3 [COMPLETED],,,,46077,,8,DMND0006603 Sustainability Reporting Dashboard,Lowest,,"Squad Catalyst, BI & Analytics - Practice, Squad Nebula",IH-8378,In Progress,Real-Time Analytics Engine,On Track,Automation,37.84,3,5,22.47,0,0,0,0,,45949,Must Have,,,,,,,
Epic,DMND0005569 Product Recommendation Engine,Innovation Hub,,,"IH - Horizon, IH - Catalyst, IH - Vertex",IH - Vertex,Jamie Gupta,Jordan Gupta,,,,,,45965,313,,,Medium,,"Cloud Migration - CC, BAU - Funding, Data Engineering - Practice, BI & Analytics - Practice",IH-3422,Blocked,Cloud Platform Migration,On Track,,0,0,0,0,1,0,0,1,,45971,Must Have,,,NSREQ2890774,Customer Operations,,,
Story,Deploy campaign service to audit workspace,Innovation Hub,,,,IH - Horizon,Jordan Gupta,Quinn Silva,,Horizon FY27-Q1S1,,,,45909,,0,DMND0006847 Contract Renewal Automation Pipeline,Low,,"BI & Analytics - Practice, Squad Nebula",IH-2590,In Progress,,,,17.03,0,0,36.98,0,2,1,3,,,Should Have,,Data Engineering,,,Large (4 - 6 weeks),,
Sub-task,Update contract configuration in analytics env,Innovation Hub,,,,IH - Horizon,,Casey Torres,,Vertex FY27-Q1S2 + Atlas FY27-Q1S2 + Nebula FY27-Q1S5 [COMPLETED] + Horizon Q3S6,,,,,,5,Optimise compliance query performance,Medium,"Automation, Performance, Analytics","BAU - Funding, Squad Nebula",IH-7542,In Progress,,,,68.97,3,2,45.18,1,0,1,2,,45938,,,BI Reporting,,,,,
Sub-task,Create DML scripts for pricing migration,Innovation Hub,,,,IH - Atlas,,Avery Petrov,,,,,,46105,,0,Validate compliance data accuracy after migration,Medium,"Q1FY27, Infrastructure, Integration","BAU - Funding, BI & Analytics - Practice",IH-9712,Backlog,Self-Service BI Portal,Achieved,,0,0,0,0,0,2,0,2,,46007,,,,NSREQ2871043,,,,
Sub-task,Performance test forecast query,Innovation Hub,,,,IH - Catalyst,Peyton Nakamura,Jordan Gupta,,Horizon Q4S2 [COMPLETED] + Horizon FY27-Q1S5,,,,,,3,Defect - billing not displaying correct values,Medium,"Analytics, Performance, DevOps","Squad Horizon, BAU - Funding, Cloud Migration - CC",IH-2371,Backlog,Data Quality Framework,Off Track,,0,0,3,0,1,0,0,1,,46017,,,,,,,,Human Resources
Story,Refactor billing ingestion logic for performance,Innovation Hub,,,,IH - Horizon,Dakota Nakamura,Taylor Patel,,,,,,46088,,21,DMND0005553 Revenue Leakage Detection Module,Medium,"Migration, Security, Analytics","Platform Ops - CC, Squad Nebula, Squad Horizon, Incidents - BAU",IH-8433,Test,,,,0,0,21,0,1,1,0,2,,45930,Could Have,,,,,,,
Story,Refactor order ingestion logic for performance,Innovation Hub,,,,IH - Vertex,Peyton Johansson,Peyton Costa,,Vertex Q4S4,,,,46115,,13,DMND0007816 Marketing Attribution Data Model,Medium,"Q1FY27, Infrastructure, Performance","Incidents - BAU, BAU - Funding, Squad Pulse, Project - Funding",IH-9926,Elaboration,Customer 360 Data Hub,Off Track,,0,0,13,0,1,1,0,2,,45965,,,,,,,,
Sub-task,Create linked service for supplier connection,Innovation Hub,,,,IH - Vertex,Cameron Nakamura,Cameron Nakamura,,,,,,,,3,Create semantic views for contract dataset,High,"Q1FY27, Performance, Infrastructure","Incidents - BAU, Squad Vertex, BI & Analytics - Practice, Data Engineering - Practice",IH-3655,Done,,,,100,3,0,100,0,0,0,0,,45959,,,,,,,,
Sub-task,Set up compliance scheduling in orchestrator,Innovation Hub,,,,IH - Atlas,Cameron Nakamura,,,,,,,45905,,21,Configure inventory alerts for reporting monitoring,Medium,"Performance, Compliance","Data Engineering - Practice, Squad Horizon",IH-3757,In Progress,,,,56.91,12,9,59.35,0,0,0,0,,,Should Have,,NA,,,,,
Sub-task,Grant access permissions for inventory resource,Innovation Hub,,,,IH - Horizon,Harper Okafor,Noel Silva,,Atlas Q3S5 + Pulse Q4S1 [COMPLETED],,,,45913,,21,Investigate customer data discrepancy,Medium,,"Squad Vertex, Squad Atlas, BI & Analytics - Practice",IH-9631,In Progress,,,,44.25,9,12,51.28,2,0,1,3,,45960,,,,,,,,
Sub-task,Performance test payment query,Innovation Hub,,,,IH - Vertex,Casey Torres,Skyler Kowalski,,,,,,,,2,Optimise warranty query performance,Medium,,"Squad Horizon, BI & Analytics - Practice, Demands - BAU",IH-6140,Backlog,,,,0,0,2,0,3,0,0,3,,45972,Must Have,,Data Architecture,,,,,
Story,Defect - customer not displaying correct values,Innovation Hub,,,,IH - Vertex,Remy Chen,Harper Chen,,Catalyst FY27-Q1S6 [COMPLETED],,,,46048,,13,DMND0007450 Warehouse Capacity Planning Tool,Medium,Automation,Data Engineering - Practice,IH-8960,Done,,,Reporting,100,13,0,100,0,0,0,0,,46039,Should Have,,,,,,,
Story,Document fleet data flow and dependencies,Innovation Hub,,,,IH - Atlas,Harper Chen,Sam Johansson,,Vertex FY27-Q1S1 + Nebula Q4S2 [COMPLETED],,,,45916,,21,DMND0007816 Marketing Attribution Data Model,Medium,"Infrastructure, Reporting, Security","Cloud Migration - CC, Squad Vertex",IH-7825,Done,Customer 360 Data Hub,At Risk,,100,21,0,0,0,0,0,0,,45985,Should Have,,,INC0260843,,,,
Story,Document compliance data flow and dependencies,Innovation Hub,,,,IH - Vertex,Blake Brennan,Taylor Patel,,Vertex Q4S2,,,,46059,,2,DMND0005593 Inventory Forecasting Data Pipeline,High,,Data Engineering - Practice,IH-6983,Backlog,,,,0,0,2,0,2,1,0,3,,,,,Data Science,,,,,
Story,Document contract data flow and dependencies,Innovation Hub,,,,IH - Vertex,Morgan Novak,Quinn Silva,,,,,,46037,,21,DMND0006537 Product Recommendation Engine,High,,Cloud Migration - CC,IH-7860,Done,,,,100,21,0,100,0,0,1,1,,,Must Have,,,,,,,
Sub-task,Set up logistics scheduling in orchestrator,Innovation Hub,,,,IH - Catalyst,Logan Kim,Logan Kim,,Horizon Q3S1 + Catalyst Q4S6,,,,46092,,2,Build warranty dashboard component,Low,,"BAU - Funding, Demands - BAU",IH-2997,In Progress,,,Q2FY27,14.18,0,2,16.28,0,3,0,3,,,,,,NSREQ2822092,Finance & Risk,,,
Story,Integrate revenue API with reporting platform,Innovation Hub,,,,IH - Catalyst,Skyler Petrov,Skyler Petrov,,Atlas Q4S6 [COMPLETED] + Atlas FY27-Q1S5 + Horizon FY27-Q1S1 + Nebula FY27-Q1S1 [COMPLETED],,,,45983,,2,DMND0004649 Payment Gateway Data Integration,Medium,,"Squad Catalyst, Squad Vertex, Squad Pulse",IH-9785,Backlog,,,,0,0,2,0,0,1,0,1,,45916,Should Have,,,,Product & Technology,Medium (2 - 4 weeks),,
Story,UAT sign-off for revenue feature,Innovation Hub,,,,IH - Pulse,Cameron Nakamura,Sam Okafor,,Vertex Q4S1 + Horizon Q3S2 [COMPLETED] + Catalyst Q3S4 [COMPLETED] + Catalyst Q4S1 [COMPLETED],,,,46097,,0,DMND0007450 Warehouse Capacity Planning Tool,High,,"Demands - BAU, Data Engineering - Practice, BI & Analytics - Practice, Project - Funding",IH-9896,Backlog,,,,0,0,0,0,0,1,0,1,,45903,Should Have,,BI Reporting,,,,,Marketing & Digital
Epic,DMND0005181 Customer Churn Prediction Dashboard,Innovation Hub,,,"IH - Atlas, IH - Vertex",IH - Vertex,,Oakley Petrov,Catalyst Q4S6,Catalyst Q4S6,,,45901,45901,90,,Data Governance & Quality Initiative,Low,,"Data Engineering - Practice, BAU - Funding, Squad Nebula, Squad Atlas",IH-1426,In Progress,,,Reporting,21.74,0,0,62.01,5,1,2,8,,45952,Should Have,Medium (2 - 4 weeks),,,,,,
Sub-task,Review pull request for billing changes,Innovation Hub,,,,IH - Atlas,Noel Silva,Jordan Gupta,,Vertex Q4S1 + Horizon Q3S3 [COMPLETED],,,,45987,,8,Validate billing data accuracy after migration,Medium,,Data Engineering - Practice,IH-4822,Done,Real-Time Analytics Engine,Off Track,,100,8,0,100,0,0,1,1,,,,,,,,,,
Story,Create semantic views for customer dataset,Innovation Hub,,,,IH - Catalyst,,Peyton Yamamoto,,,,,,46032,,21,DMND0005566 Product Recommendation Engine,Medium,,"Squad Pulse, Squad Nebula, BAU - Funding",IH-3956,Backlog,,,,0,0,21,0,0,0,0,0,,45911,Won't Have,,Data Architecture,,,,,
Sub-task,Create DML scripts for billing migration,Innovation Hub,,,,IH - Pulse,Harper Chen,Peyton Johansson,,Atlas Q4S2,,,,46087,,13,Optimise warranty query performance,Low,"Q1FY27, Security","Cloud Migration - CC, BAU - Funding",IH-5917,Done,,,Performance,100,13,0,100,0,0,3,3,,,,,,,,,,
Epic,DMND0007924 Order Fulfilment Tracking System,Innovation Hub,,,"IH - Horizon, IH - Pulse, IH - Nebula",IH - Pulse,Sam Johansson,Dakota Nakamura,,,,,46111,46111,227,,,High,Performance,Data Engineering - Practice,IH-4183,In Progress,,,Compliance,88.24,0,0,14.79,0,2,13,15,45953,45953,Could Have,,,,,,,
Sub-task,Analyse existing campaign process,Innovation Hub,,,,IH - Pulse,Dakota Nakamura,Emerson Eriksson,,Nebula Q3S4 + Catalyst Q3S1,,,,46047,,0,Update revenue transformation logic,Medium,Security,"Cloud Migration - CC, Squad Atlas",IH-1828,Done,,,,100,0,0,100,0,0,0,0,,45935,Won't Have,,Cloud Platform,,,,,
Story,Defect - compliance not displaying correct values,Innovation Hub,,,,IH - Horizon,,Sam Okafor,,Nebula Q4S1 + Atlas Q4S4 + Nebula Q3S3,,,,45976,,0,DMND0005593 Inventory Forecasting Data Pipeline,Medium,,BAU - Funding,IH-1252,Test,,,DevOps,0,0,0,0,3,0,0,3,,46011,,,,INC0244048,,,,
Sub-task,Create DML scripts for billing migration,Innovation Hub,,,,IH - Pulse,Cameron Nakamura,Drew Kowalski,,,,,,46108,,1,Configure inventory alerts for reporting monitoring,Medium,,"Demands - BAU, Cloud Migration - CC",IH-4649,Done,,,,100,1,0,0,0,0,2,2,,46038,,,,,,,,Marketing & Digital
Story,Optimise revenue query performance,Innovation Hub,,,,IH - Atlas,Cameron Nakamura,Peyton Brennan,,Vertex Q3S6 [COMPLETED] + Catalyst FY27-Q1S2 [COMPLETED] + Vertex Q4S4,,,,46090,,21,DMND0006847 Contract Renewal Automation Pipeline,Medium,,"Squad Horizon, Squad Atlas, Squad Nebula",IH-3454,Done,,,Q1FY27,100,21,0,0,0,0,1,1,,45939,Must Have,,NA,,,,,
Sub-task,Resolve merge conflict in supplier branch,Innovation Hub,,,,IH - Atlas,Drew Petrov,Riley Dumont,,Atlas FY27-Q1S3 + Pulse Q4S2,,,,45998,,21,Integrate revenue API with reporting platform,Low,,"Squad Atlas, BI & Analytics - Practice, Squad Horizon",IH-5082,Elaboration,,,Performance,0,0,21,0,0,1,0,1,,,,,,,,,,
Sub-task,Create linked service for customer connection,Innovation Hub,,,,IH - Atlas,Avery Petrov,Jordan Gupta,,Vertex Q4S6 + Horizon Q4S3 + Pulse FY27-Q1S3 [COMPLETED] + Nebula Q3S6,,,,,,2,Build contract dashboard component,Medium,,Squad Catalyst,IH-5834,Blocked,,,,0,0,2,0,0,0,0,0,,45924,,,,,,,,
Sub-task,Review pull request for revenue changes,Innovation Hub,,,,IH - Horizon,Drew Kowalski,Kendall Gupta,,Atlas Q3S6 + Horizon Q4S4 [COMPLETED],,,,,,13,Defect - customer not displaying correct values,Low,"Platform, Migration",Demands - BAU,IH-1735,In Progress,,,Q1FY27,13.46,2,11,48.46,2,0,0,2,,,Could Have,,,,,,,Marketing & Digital
Story,Refactor forecast ingestion logic for performance,Innovation Hub,,,,IH - Pulse,Remy Johansson,Jamie Gupta,,,,,,46077,,21,DMND0007532 Warehouse Capacity Planning Tool,Low,,"BI & Analytics - Practice, Squad Nebula",IH-8110,In Progress,,,,74.75,16,5,47.91,0,0,0,0,,,Must Have,,,,,Small (< 2 weeks),,
Sub-task,Validate row counts for revenue table,Innovation Hub,,,,IH - Atlas,Morgan Novak,,,Nebula Q4S6 + Pulse Q3S2 [COMPLETED] + Horizon Q4S4 [COMPLETED],,,,45912,,2,Integrate logistics API with silver platform,Medium,"DevOps, Reporting, Infrastructure",Squad Horizon,IH-6318,Backlog,,,,0,0,2,0,0,1,0,1,,46030,,,,,Supply Chain,Small (< 2 weeks),,
Story,Validate fleet data accuracy after migration,Innovation Hub,,,,IH - Horizon,,Noel Silva,,Vertex Q3S1 + Atlas FY27-Q1S2,,,,46034,,21,DMND0007816 Marketing Attribution Data Model,High,,"Squad Atlas, Demands - BAU, Incidents - BAU, Project - Funding",IH-3952,Backlog,,,DevOps,0,0,21,0,1,0,0,1,,46044,,,,,,,,
SAFe Epic,Legacy System Decommission Programme,Innovation Hub,,,"IH - Vertex, IH - Horizon",IH - Horizon,Peyton Nakamura,Peyton Costa,,,,,,,56,,,High,,"BAU - Funding, Project - Funding",IH-3071,Backlog,Real-Time Analytics Engine,Off Track,,0,0,0,0,10,1,0,11,,45974,,,,,Product & Technology,,,
Story,Create semantic views for forecast dataset,Innovation Hub,,,,IH - Atlas,,Jordan Gupta,,Horizon Q3S2 [COMPLETED] + Catalyst Q4S4 + Pulse Q3S3 [COMPLETED],,,,46108,,21,DMND0005910 Employee Engagement Survey Platform,Low,Security,"Project - Funding, BI & Analytics - Practice",IH-9020,In Progress,,,,60.39,13,8,72.38,1,0,1,2,,46010,,,NA,,,,,
Sub-task,Resolve merge conflict in customer branch,Innovation Hub,,,,IH - Atlas,Casey Torres,Emerson Eriksson,,Pulse FY27-Q1S1 [COMPLETED] + Nebula Q4S1,,,,45930,,1,Configure payment alerts for notification monitoring,Medium,"Platform, Integration",Squad Atlas,IH-3539,In Progress,,,,33.71,0,1,48.82,1,0,0,1,,,Must Have,,,,,,,
Sub-task,Update logistics configuration in reporting env,Innovation Hub,,,,IH - Catalyst,Morgan Novak,Drew Kowalski,,Horizon Q4S2 [COMPLETED] + Horizon Q3S4,,,,46000,,1,Document fleet data flow and dependencies,Medium,Q1FY27,"BI & Analytics - Practice, BAU - Funding, Cloud Migration - CC, Squad Horizon",IH-1023,Backlog,,,,0,0,1,0,0,3,0,3,,45970,Could Have,,,,Marketing & Digital,,,
Sub-task,Fix billing data type mismatch,Innovation Hub,,,,IH - Horizon,Jordan Gupta,Jamie Gupta,,Nebula Q4S5 + Vertex Q4S3 [COMPLETED] + Catalyst Q4S6,,,,,,0,Add error handling to compliance process,Medium,"Reporting, Security","Squad Horizon, Squad Vertex, Squad Nebula",IH-7833,Done,,,,100,0,0,0,0,0,3,3,,,,,Data Science,,,,,Marketing & Digital
Story,Build logistics dashboard component,Innovation Hub,,,,IH - Catalyst,Remy Johansson,Morgan Novak,,Horizon FY27-Q1S5,,,,,,2,DMND0004410 Revenue Leakage Detection Module,High,,"Incidents - BAU, Squad Nebula, Squad Horizon, Squad Atlas",IH-1776,In Progress,,,,13.02,0,2,30.11,1,0,0,1,,,,,,CHG0075794,,,,
Sub-task,Set up forecast scheduling in orchestrator,Innovation Hub,,,,IH - Catalyst,Sam Costa,Jamie Gupta,,Catalyst Q4S4 + Pulse FY27-Q1S3 [COMPLETED],,,,45918,,3,Create warranty data pipeline for analytics module,Medium,,Squad Pulse,IH-1351,Backlog,,,,0,0,3,0,3,0,0,3,,46004,,,Data Architecture,,Supply Chain,,,Product & Technology
Story,Defect - logistics not displaying correct values,Innovation Hub,,,,IH - Pulse,Jamie Gupta,,,,,,,46076,,1,DMND0007532 Warehouse Capacity Planning Tool,Low,Analytics,Cloud Migration - CC,IH-6158,In Progress,,,,76.55,1,0,15.8,0,0,2,2,,45946,Won't Have,,,,Human Resources,,,
Story,Validate logistics data accuracy after migration,Innovation Hub,,,,IH - Atlas,Peyton Costa,Avery Petrov,,Pulse FY27-Q1S3 [COMPLETED],,,,45981,,2,DMND0005910 Employee Engagement Survey Platform,High,,"BI & Analytics - Practice, Platform Ops - CC, Squad Catalyst, Demands - BAU",IH-4316,Done,,,,100,2,0,0,0,0,3,3,,45900,Could Have,,,,,,,
Sub-task,Write unit tests for inventory logic,Innovation Hub,,,,IH - Vertex,Harper Chen,,,Horizon Q4S5,,,,46064,,1,Defect - Null values in pricing column,Medium,Compliance,"Squad Catalyst, Squad Atlas, Cloud Migration - CC",IH-3392,In Progress,Automated Compliance Pipeline,Achieved,,31.14,0,1,22.88,1,0,0,1,,45947,Won't Have,,Data Engineering,,,,,
Story,Defect - Null values in revenue column,Innovation Hub,,,,IH - Catalyst,Remy Chen,Quinn Silva,,Pulse Q4S2 + Horizon Q4S6,,,,46062,,2,DMND0006847 Contract Renewal Automation Pipeline,Low,,"BI & Analytics - Practice, Demands - BAU, Incidents - BAU",IH-2899,Test,,,,0,0,2,0,0,0,0,0,,45932,Could Have,,,,Supply Chain,,,
SAFe Epic,Machine Learning Feature Store,Innovation Hub,,,IH - Horizon,IH - Catalyst,,,Catalyst Q3S3 [COMPLETED] + Pulse Q4S5 [COMPLETED] + Pulse FY27-Q1S5,Catalyst Q3S3 [COMPLETED] + Pulse Q4S5 [COMPLETED] + Pulse FY27-Q1S5,,,,,327,,,Low,Automation,"BAU - Funding, Incidents - BAU, Demands - BAU",IH-6158,Blocked,,,,0,0,0,0,0,1,0,1,45984,45984,,,,,Supply Chain,,,
Story,Create order data pipeline for ingestion module,Innovation Hub,,,,IH - Atlas,Avery Petrov,Oakley Petrov,,Catalyst Q3S5 [COMPLETED] + Nebula Q3S3 + Atlas Q3S2 + Horizon FY27-Q1S3,,,,45903,,5,DMND0006137 Fleet Management Data Consolidation,Medium,"Migration, Compliance, Security","Platform Ops - CC, Data Engineering - Practice",IH-8756,In Progress,,,,86.61,4,1,53.49,0,0,0,0,,,Won't Have,,,,,,,
Sub-task,Run regression tests on contract module,Innovation Hub,,,,IH - Horizon,Peyton Johansson,Remy Chen,,,,,,,,2,Integrate inventory API with notification platform,Low,"Security, Reporting, Platform",Data Engineering - Practice,IH-8296,Backlog,,,,0,0,2,0,1,0,0,1,,46017,Should Have,,BI Reporting,,Marketing & Digital,,,
Sub-task,Deploy billing changes to test environment,Innovation Hub,,,,IH - Nebula,,Kendall Gupta,,,,,,,,21,Update revenue transformation logic,Medium,"DevOps, Q1FY27","BAU - Funding, BI & Analytics - Practice, Squad Nebula",IH-8836,Done,,,Migration,100,21,0,0,0,0,0,0,,,,,,,,,,
Sub-task,Update fleet configuration in reconciliation env,Innovation Hub,,,,IH - Vertex,Peyton Nakamura,Kendall Gupta,,,,,,46077,,13,Create semantic views for logistics dataset,Medium,,Demands - BAU,IH-6427,Backlog,,,,0,0,13,0,0,0,0,0,,,Won't Have,,,,,,,
Story,Configure forecast alerts for analytics monitoring,Innovation Hub,,,,IH - Atlas,Casey Torres,Oakley Petrov,,Vertex Q4S6 + Pulse Q4S1 [COMPLETED] + Atlas Q4S2,,,,46022,,2,DMND0006537 Product Recommendation Engine,Medium,,"BI & Analytics - Practice, Squad Catalyst, Squad Pulse, Squad Nebula",IH-5950,Selected for Development,Cloud Platform Migration,Achieved,Infrastructure,0,0,2,0,1,0,0,1,,45965,Won't Have,,NA,,,,,
Story,Deploy campaign service to notification workspace,Innovation Hub,,,,IH - Vertex,Alex Nakamura,,,,,,,46075,,13,DMND0007816 Marketing Attribution Data Model,Medium,"Compliance, Q2FY27","Platform Ops - CC, Squad Pulse, Squad Vertex",IH-4648,Backlog,,,Automation,0,0,13,0,0,0,0,0,,,,,,,,X-Large (6+ weeks),,
Sub-task,Analyse existing logistics process,Innovation Hub,,,,IH - Nebula,Hayden Gupta,Remy Chen,,,,,,45917,,0,Optimise contract query performance,High,Automation,"Squad Horizon, Incidents - BAU, Cloud Migration - CC",IH-9721,In Progress,Data Quality Framework,Achieved,,28.38,0,0,38.94,0,0,0,0,,45993,,,,,,,,
Sub-task,Create DML scripts for payment migration,Innovation Hub,,,,IH - Pulse,Peyton Yamamoto,Peyton Johansson,,,,,,,,0,Add error handling to compliance process,Lowest,,"Incidents - BAU, BAU - Funding",IH-1098,Backlog,,,,0,0,0,0,0,0,0,0,,,Could Have,,,,,,,
Story,Implement fleet validation rules in transformation layer,Innovation Hub,,,,IH - Nebula,Cameron Nakamura,Taylor Patel,,Catalyst FY27-Q1S1 [COMPLETED] + Nebula Q4S1 + Vertex Q4S2,,,,,,8,DMND0007532 Warehouse Capacity Planning Tool,Medium,Performance,"Squad Horizon, Squad Catalyst",IH-3317,Backlog,,,,0,0,8,0,0,0,0,0,,45989,Won't Have,,,,,,,
Story,Deploy supplier service to reconciliation workspace,Innovation Hub,,,,IH - Vertex,Avery Petrov,Peyton Nakamura,,Pulse Q3S3 [COMPLETED] + Pulse Q3S5 [COMPLETED],,,,46067,,8,DMND0007924 Order Fulfilment Tracking System,Low,,"Incidents - BAU, Squad Horizon",IH-6374,Backlog,,,,0,0,8,0,1,2,0,3,,,Won't Have,,BI Reporting,,,,,
Story,Defect - customer not displaying correct values,Innovation Hub,,,,IH - Pulse,,Drew Larsson,,Atlas FY27-Q1S5 + Pulse FY27-Q1S3 [COMPLETED] + Atlas Q3S3,,,,45976,,0,DMND0004410 Revenue Leakage Detection Module,Medium,,"Data Engineering - Practice, Squad Nebula, BI & Analytics - Practice, Squad Atlas",IH-7937,Backlog,,,Integration,0,0,0,0,0,2,0,2,,45902,Could Have,,,,,,,
Story,Refactor compliance ingestion logic for performance,Innovation Hub,,,,IH - Horizon,Skyler Kowalski,Skyler Petrov,,Atlas FY27-Q1S4,,,,,,5,DMND0006537 Product Recommendation Engine,Medium,,Demands - BAU,IH-8811,Done,,,,100,5,0,100,0,0,2,2,,45941,,,,,Legal,,,
Story,Create semantic views for payment dataset,Innovation Hub,,,,IH - Atlas,Drew Larsson,Riley Dumont,,Vertex FY27-Q1S2 + Pulse FY27-Q1S1 [COMPLETED] + Vertex Q3S3 + Atlas FY27-Q1S2,,,,45986,,8,DMND0005553 Revenue Leakage Detection Module,Medium,Performance,"Cloud Migration - CC, Data Engineering - Practice, Platform Ops - CC",IH-9764,Selected for Development,,,,0,0,8,0,0,0,0,0,,45941,Could Have,,,,,,,
Story,Implement billing validation rules in bronze layer,Innovation Hub,,,,IH - Catalyst,Hayden Gupta,Harper Chen,,,,,,46004,,21,DMND0004649 Payment Gateway Data Integration,Medium,,"Squad Pulse, Squad Nebula, Project - Funding, Platform Ops - CC",IH-4613,In Progress,,,,65.49,14,7,40.62,0,1,2,3,,,Must Have,,,NSREQ2866389,,,,
Story,Create semantic views for inventory dataset,Innovation Hub,,,,IH - Nebula,Emerson Eriksson,Remy Chen,,Nebula Q4S3 + Pulse Q3S4,,,,,,1,DMND0006603 Sustainability Reporting Dashboard,Lowest,"Q2FY27, Infrastructure, Platform","Squad Catalyst, Demands - BAU, Squad Horizon, Data Engineering - Practice",IH-6724,Backlog,,,,0,0,1,0,0,1,0,1,,,Should Have,,,,,,,
Story,Validate inventory data accuracy after migration,Innovation Hub,,,,IH - Nebula,Morgan Novak,Sam Costa,,Vertex Q4S5 + Horizon FY27-Q1S3,,,,,,3,DMND0006537 Product Recommendation Engine,Medium,"Q1FY27, Reporting",Squad Vertex,IH-5969,Elaboration,,,,0,0,3,0,2,0,0,2,,45923,Should Have,,,,,,,
Sub-task,Fix billing data type mismatch,Innovation Hub,,,,IH - Vertex,Jamie Gupta,Sam Okafor,,Nebula FY27-Q1S6 + Vertex FY27-Q1S2 + Vertex Q4S6,,,,,,1,Validate campaign data accuracy after migration,Medium,,"Cloud Migration - CC, BAU - Funding",IH-3849,Backlog,Real-Time Analytics Engine,On Track,,0,0,1,0,2,0,0,2,,45907,Should Have,,,,Legal,,,
Story,Build billing dashboard component,Innovation Hub,,,,IH - Atlas,Cameron Nakamura,Blake Brennan,,Horizon Q3S2 [COMPLETED] + Nebula FY27-Q1S4,,,,46086,,1,DMND0006603 Sustainability Reporting Dashboard,High,"Integration, Reporting","Squad Catalyst, Squad Pulse, Squad Horizon",IH-2737,Selected for Development,,,,0,0,1,0,0,1,0,1,,,,,,,,,,
Story,Optimise forecast query performance,Innovation Hub,,,,IH - Atlas,,,,,,,,45937,,8,DMND0006137 Fleet Management Data Consolidation,Medium,,"Incidents - BAU, Platform Ops - CC, Project - Funding",IH-1982,In Progress,Data Quality Framework,On Track,,62.56,5,3,56.05,1,0,2,3,,,Could Have,,NA,,,,,
Story,Defect - Null values in inventory column,Innovation Hub,,,,IH - Horizon,Drew Kowalski,,,,,,,45996,,5,DMND0007292 Fraud Detection Model Deployment,Medium,"Compliance, DevOps","Squad Vertex, Squad Horizon",IH-8829,Done,,,,100,5,0,100,0,0,3,3,,,,,Data Engineering,,,,,
Story,Refactor inventory ingestion logic for performance,Innovation Hub,,,,IH - Pulse,Noel Silva,Hayden Gupta,,,,,,46057,,0,DMND0005553 Revenue Leakage Detection Module,Low,,BAU - Funding,IH-5461,In Progress,,,,11.31,0,0,59.29,2,1,0,3,,,Must Have,,,,,,,
Story,Investigate fleet data discrepancy,Innovation Hub,,,,IH - Nebula,Jamie Gupta,,,Catalyst Q4S1 [COMPLETED] + Vertex Q4S6 + Horizon FY27-Q1S1 + Atlas FY27-Q1S5,,,,,,3,DMND0005910 Employee Engagement Survey Platform,Low,"Automation, Security","BI & Analytics - Practice, Squad Pulse, Incidents - BAU",IH-7153,Elaboration,,,,0,0,3,0,0,1,0,1,,,Could Have,,Data Engineering,,Finance & Risk,,,
Sub-task,Performance test logistics query,Innovation Hub,,,,IH - Pulse,Taylor Okafor,Jamie Gupta,,Pulse FY27-Q1S6,,,,,,21,Refactor billing ingestion logic for performance,Medium,"Migration, Q2FY27",Squad Pulse,IH-8856,In Progress,,,,15.51,3,18,35,0,2,0,2,,,,,,,,,,
Story,Investigate warranty data discrepancy,Innovation Hub,,,,IH - Atlas,Remy Johansson,Taylor Patel,,Catalyst Q4S6 + Catalyst FY27-Q1S5 + Pulse FY27-Q1S4 [COMPLETED] + Pulse Q3S2 [COMPLETED],,,,46032,,13,DMND0007450 Warehouse Capacity Planning Tool,Lowest,,"BI & Analytics - Practice, Platform Ops - CC, Squad Horizon, Project - Funding",IH-7836,In Progress,,,,83.67,11,2,74.31,0,0,3,3,,45995,,,Cloud Platform,,,,,
Epic,DMND0005101 Customer Churn Prediction Dashboard,Innovation Hub,,,"IH - Vertex, IH - Pulse, IH - Catalyst",IH - Vertex,Emerson Eriksson,Taylor Okafor,,,,,,,351,,Cloud Infrastructure Modernisation,Medium,"DevOps, Compliance",Cloud Migration - CC,IH-8302,Backlog,,,,0,0,0,0,6,7,0,13,46018,46018,Must Have,Small (< 2 weeks),,,,,,
Story,Update customer transformation logic,Innovation Hub,,,,IH - Nebula,,,,,,,,46068,,3,DMND0005181 Customer Churn Prediction Dashboard,Lowest,"Platform, DevOps, Migration","Squad Vertex, Squad Pulse",IH-9248,In Progress,,,Integration,73.73,2,1,48.8,0,1,1,2,,45985,,,,,Human Resources,,,
Sub-task,Resolve merge conflict in inventory branch,Innovation Hub,,,,IH - Atlas,Logan Gupta,,,Vertex FY27-Q1S6,,,,45952,,2,Build warranty dashboard component,Medium,"Platform, DevOps",Squad Catalyst,IH-1553,Selected for Development,,,,0,0,2,0,1,1,0,2,,45969,,,NA,,,,,
Sub-task,Deploy fleet changes to test environment,Innovation Hub,,,,IH - Catalyst,Jamie Gupta,Drew Larsson,,,,,,46079,,2,Build billing dashboard component,Medium,,"Demands - BAU, Data Engineering - Practice, BAU - Funding, Squad Vertex",IH-2972,Backlog,,,Integration,0,0,2,0,1,0,0,1,,,,,,,,,,Marketing & Digital
Epic,DMND0007748 Sustainability Reporting Dashboard,Innovation Hub,,,"IH - Vertex, IH - Horizon",IH - Horizon,Taylor Patel,Remy Johansson,Pulse FY27-Q1S2 [COMPLETED] + Atlas Q4S4 + Vertex Q4S1,Pulse FY27-Q1S2 [COMPLETED] + Atlas Q4S4 + Vertex Q4S1,,,46101,46101,170,,Regulatory Compliance Automation,Low,"Infrastructure, Platform, Analytics","Platform Ops - CC, Incidents - BAU",IH-8130,In Progress,,,,34.51,0,0,57.8,3,3,3,9,,,,X-Large (6+ weeks),,,,Small (< 2 weeks),,
Story,Set up warranty environment for reporting testing,Innovation Hub,,,,IH - Vertex,Logan Kim,Avery Petrov,,,,,,45967,,1,DMND0005910 Employee Engagement Survey Platform,Medium,"Q1FY27, Migration",Squad Vertex,IH-9804,Backlog,,,,0,0,1,0,1,0,0,1,,,Could Have,,,,,,,
Story,Build compliance dashboard component,Innovation Hub,,,,IH - Atlas,Jordan Gupta,Cameron Nakamura,,Atlas Q3S1 + Horizon FY27-Q1S3,,,,,,1,DMND0004649 Payment Gateway Data Integration,High,,"Squad Pulse, Cloud Migration - CC, Squad Vertex, Squad Catalyst",IH-7129,Backlog,Cloud Platform Migration,At Risk,,0,0,1,0,3,0,0,3,,,,,BI Reporting,,,,,
Sub-task,Run regression tests on order module,Innovation Hub,,,,IH - Vertex,Casey Torres,Oakley Petrov,,Pulse FY27-Q1S6 + Vertex Q3S2 + Pulse Q3S5 [COMPLETED] + Nebula FY27-Q1S6,,,,46095,,2,Build compliance dashboard component,Medium,"Q2FY27, DevOps, Security","Squad Pulse, Incidents - BAU, Squad Nebula, Project - Funding",IH-9923,Backlog,,,,0,0,2,0,0,1,0,1,,46005,,,,,,,,
Story,Update forecast transformation logic,Innovation Hub,,,,IH - Vertex,Remy Chen,Riley Dumont,,,,,,46051,,1,DMND0006847 Contract Renewal Automation Pipeline,Medium,"Security, Integration",BAU - Funding,IH-5141,Backlog,,,,0,0,1,0,1,1,0,2,,,,,,,Finance & Risk,,,
Story,Investigate order data discrepancy,Innovation Hub,,,,IH - Atlas,Oakley Petrov,Kendall Gupta,,,,,,,,2,DMND0004649 Payment Gateway Data Integration,Medium,"Q1FY27, Compliance, DevOps","BAU - Funding, Squad Pulse",IH-2319,Backlog,,,Security,0,0,2,0,0,0,0,0,,,Must Have,,,,,,,Finance & Risk
Sub-task,Write unit tests for payment logic,Innovation Hub,,,,IH - Horizon,Sam Johansson,Peyton Johansson,,Pulse Q4S3 + Vertex FY27-Q1S6,,,,45959,,2,Set up order environment for notification testing,Medium,"Reporting, Integration, Automation","Squad Pulse, Incidents - BAU, Squad Horizon",IH-1656,Done,,,,100,2,0,100,0,0,1,1,,46040,Should Have,,,,Legal,,,
Sub-task,Review pull request for compliance changes,Innovation Hub,,,,IH - Atlas,Sam Johansson,Cameron Nakamura,,Pulse Q3S5 [COMPLETED] + Pulse Q3S3 [COMPLETED],,,,45948,,21,Update customer transformation logic,Medium,,Squad Atlas,IH-8810,Done,,,,100,21,0,100,0,0,0,0,,,Won't Have,,Data Architecture,,,,,Finance & Risk
Sub-task,Set up warranty scheduling in orchestrator,Innovation Hub,,,,IH - Catalyst,Sam Costa,Jordan Gupta,,Horizon Q4S6 + Vertex FY27-Q1S6 + Nebula FY27-Q1S2 + Pulse Q4S3,,,,45904,,1,Create semantic views for inventory dataset,Low,,"Squad Catalyst, Squad Nebula, Platform Ops - CC",IH-9998,Backlog,,,,0,0,1,0,0,0,0,0,,,Should Have,,,,,X-Large (6+ weeks),,
Story,Update customer transformation logic,Innovation Hub,,,,IH - Catalyst,Jordan Gupta,Casey Torres,,Nebula Q3S6,,,,46037,,8,DMND0006137 Fleet Management Data Consolidation,Medium,,"Squad Catalyst, Platform Ops - CC",IH-6486,Backlog,Real-Time Analytics Engine,Achieved,,0,0,8,0,0,1,0,1,,,,,,,,,,
Sub-task,Analyse existing order process,Innovation Hub,,,,IH - Atlas,,,,Horizon Q3S3 [COMPLETED] + Horizon Q4S6 + Horizon Q4S4 [COMPLETED] + Atlas FY27-Q1S5,,,,46101,,8,Validate logistics data accuracy after migration,Medium,Analytics,Cloud Migration - CC,IH-3018,In Progress,,,DevOps,36.12,3,5,25.18,0,1,1,2,,46044,,,,,,X-Large (6+ weeks),,
Sub-task,Validate row counts for contract table,Innovation Hub,,,,IH - Atlas,Sam Johansson,Cameron Nakamura,,Pulse FY27-Q1S6 + Vertex Q3S4,,,,45911,,1,Refactor compliance ingestion logic for performance,Medium,,Squad Vertex,IH-1730,Selected for Development,,,,0,0,1,0,0,1,0,1,,45964,,,BI Reporting,,,,,
Story,Optimise logistics query performance,Innovation Hub,,,,IH - Catalyst,Dakota Nakamura,Drew Kowalski,,,,,,46021,,13,DMND0005449 Marketing Attribution Data Model,Medium,Analytics,"Data Engineering - Practice, Project - Funding, Squad Vertex, Incidents - BAU",IH-4282,Backlog,,,,0,0,13,0,1,0,0,1,,,Could Have,,Data Architecture,,,,,Supply Chain
Sub-task,Write unit tests for order logic,Innovation Hub,,,,IH - Pulse,Kendall Gupta,Casey Torres,,,,,,,,0,Create semantic views for contract dataset,Medium,"Compliance, Reporting","Platform Ops - CC, Squad Nebula, Incidents - BAU, Squad Atlas",IH-3654,Done,,,,100,0,0,100,0,0,0,0,,46009,Should Have,,Data Science,,Human Resources,Large (4 - 6 weeks),,
Story,UAT sign-off for pricing feature,Innovation Hub,,,,IH - Vertex,Casey Torres,,,Vertex Q4S2 + Nebula Q4S6 + Atlas Q4S3,,,,45937,,2,DMND0006251 Fraud Detection Model Deployment,Medium,,Squad Horizon,IH-4151,In Progress,,,,46.43,1,1,18.69,0,1,0,1,,46019,Could Have,,,DMND00030160,,,,
Sub-task,Create linked service for payment connection,Innovation Hub,,,,IH - Vertex,Sam Costa,Remy Johansson,,,,,,,,13,Validate logistics data accuracy after migration,Medium,"Reporting, Platform","Incidents - BAU, Cloud Migration - CC, Project - Funding, Squad Pulse",IH-3632,Backlog,,,,0,0,13,0,1,2,0,3,,,,,,NSREQ2820742,Legal,,,
Sub-task,Resolve merge conflict in revenue branch,Innovation Hub,,,,IH - Pulse,,Skyler Petrov,,Catalyst Q4S5 + Atlas Q4S6 [COMPLETED] + Pulse FY27-Q1S1 [COMPLETED] + Nebula Q3S1,,,,45927,,3,Update customer transformation logic,Medium,"Integration, Reporting",Squad Pulse,IH-7002,In Progress,,,Migration,69.9,2,1,40.8,0,0,0,0,,45942,,,,,Product & Technology,,,Human Resources
Sub-task,Validate row counts for inventory table,Innovation Hub,,,,IH - Horizon,,,,,,,,46109,,21,Add error handling to fleet process,High,"Migration, Performance, Integration","Cloud Migration - CC, Demands - BAU, Squad Nebula, Incidents - BAU",IH-8301,Backlog,,,,0,0,21,0,3,0,0,3,,,Should Have,,,NSREQ2819373,,,,
Sub-task,Deploy inventory changes to test environment,Innovation Hub,,,,IH - Nebula,Quinn Silva,Skyler Petrov,,,,,,,,0,Deploy revenue service to production workspace,Medium,,"Squad Catalyst, Squad Atlas, Squad Horizon, Project - Funding",IH-5299,Backlog,Real-Time Analytics Engine,Achieved,,0,0,0,0,0,0,0,0,,46015,,,Data Engineering,DMND00086300,,,,
Story,Update revenue transformation logic,Innovation Hub,,,,IH - Vertex,Peyton Nakamura,Blake Brennan,,Horizon Q4S6 + Pulse Q3S5 [COMPLETED],,,,45911,,1,DMND0005553 Revenue Leakage Detection Module,Medium,"Platform, Automation","BI & Analytics - Practice, Squad Pulse",IH-2642,In Progress,,,,42.22,0,1,13.82,1,0,1,2,,45998,Won't Have,,,,,Large (4 - 6 weeks),,
Sub-task,Run regression tests on campaign module,Innovation Hub,,,,IH - Horizon,Cameron Nakamura,Drew Petrov,,Atlas Q4S2 + Horizon FY27-Q1S5 + Nebula FY27-Q1S5 [COMPLETED],,,,46067,,1,Investigate campaign data discrepancy,Medium,Reporting,"Squad Nebula, Squad Vertex",IH-8885,Backlog,,,,0,0,1,0,0,0,0,0,,46015,,,,,,Medium (2 - 4 weeks),,
Sub-task,Resolve merge conflict in logistics branch,Innovation Hub,,,,IH - Atlas,Harper Chen,Cameron Nakamura,,Vertex Q3S6 [COMPLETED],,,,,,3,Create semantic views for revenue dataset,Low,"Q2FY27, Analytics, Migration","Project - Funding, Squad Nebula",IH-7352,Backlog,,,,0,0,3,0,1,2,0,3,,,Could Have,,,,,,,
Epic,DMND0006298 Employee Engagement Survey Platform,Innovation Hub,,,"IH - Horizon, IH - Atlas, IH - Pulse",IH - Atlas,Blake Brennan,Sam Okafor,,,,,45946,45946,176,,Regulatory Compliance Automation,High,"Platform, Security, Q2FY27","Data Engineering - Practice, Squad Nebula, Platform Ops - CC, BAU - Funding",IH-9081,In Progress,,,,20.47,0,0,25.72,0,6,1,7,45920,45920,Must Have,Medium (2 - 4 weeks),NA,,,,,
Story,Set up pricing environment for notification testing,Innovation Hub,,,,IH - Pulse,Peyton Yamamoto,Dakota Nakamura,,Catalyst FY27-Q1S5 + Nebula FY27-Q1S2,,,,46033,,2,DMND0005553 Revenue Leakage Detection Module,Medium,,Squad Catalyst,IH-4563,Backlog,Automated Compliance Pipeline,At Risk,,0,0,2,0,1,2,0,3,,46004,Could Have,,,,,Medium (2 - 4 weeks),,Finance & Risk
Story,Add error handling to customer process,Innovation Hub,,,,IH - Atlas,Sam Okafor,Logan Kim,,Horizon Q4S4 [COMPLETED] + Horizon FY27-Q1S5,,,,46084,,3,DMND0007748 Sustainability Reporting Dashboard,Medium,Security,"Incidents - BAU, Squad Nebula",IH-1746,Backlog,,,,0,0,3,0,0,0,0,0,,46000,,,Cloud Platform,INC0214205,,,,
Sub-task,Write unit tests for compliance logic,Innovation Hub,,,,IH - Atlas,Sam Johansson,Taylor Okafor,,Catalyst FY27-Q1S6 [COMPLETED] + Pulse FY27-Q1S5 + Pulse Q4S1 [COMPLETED] + Catalyst Q4S2,,,,45930,,0,Create logistics data pipeline for bronze module,High,Compliance,BAU - Funding,IH-7094,Done,,,,100,0,0,100,0,0,3,3,,,,,,,,,,Customer Operations
Epic,DMND0004990 Marketing Attribution Data Model,Innovation Hub,,,IH - Horizon,IH - Atlas,Morgan Novak,,Horizon FY27-Q1S4 [COMPLETED] + Pulse Q4S5 [COMPLETED] + Horizon FY27-Q1S1,Horizon FY27-Q1S4 [COMPLETED] + Pulse Q4S5 [COMPLETED] + Horizon FY27-Q1S1,,,,46010,76,,,Low,"DevOps, Compliance, Analytics","BI & Analytics - Practice, Squad Pulse",IH-1489,Elaboration,,,,0,0,0,0,3,9,0,12,,,Should Have,Medium (2 - 4 weeks),,DMND00041338,,,,
Sub-task,Analyse existing compliance process,Innovation Hub,,,,IH - Atlas,Noel Silva,Casey Torres,,Pulse Q4S4,,,,45984,,8,Create supplier data pipeline for audit module,Medium,Compliance,"Squad Pulse, Data Engineering - Practice, Squad Nebula",IH-7137,Blocked,,,DevOps,0,0,8,0,0,1,0,1,,45992,,,Data Engineering,,,,,
Story,Defect - supplier not displaying correct values,Innovation Hub,,,,IH - Nebula,Harper Okafor,,,Vertex Q4S5 + Atlas Q3S4 [COMPLETED] + Vertex Q4S1,,,,45907,,1,DMND0005553 Revenue Leakage Detection Module,Low,"Platform, Q1FY27","Demands - BAU, Platform Ops - CC, Squad Catalyst, BAU - Funding",IH-3066,In Progress,Automated Compliance Pipeline,On Track,,70.34,1,0,72.03,0,1,1,2,,,Could Have,,,,,Small (< 2 weeks),,
Story,Migrate revenue table from on-prem to cloud,Innovation Hub,,,,IH - Pulse,,Quinn Silva,,Pulse Q4S1 [COMPLETED] + Pulse Q3S4 + Horizon Q3S3 [COMPLETED],,,,46080,,13,DMND0005553 Revenue Leakage Detection Module,Medium,"Automation, Infrastructure","Cloud Migration - CC, Squad Atlas, Squad Vertex, Squad Catalyst",IH-5443,Backlog,,,,0,0,13,0,3,0,0,3,,45917,Won't Have,,,,Customer Operations,,,
Story,Refactor billing ingestion logic for performance,Innovation Hub,,,,IH - Pulse,Taylor Patel,Peyton Nakamura,,,,,,,,1,DMND0007816 Marketing Attribution Data Model,Medium,"Q2FY27, Security, DevOps","BAU - Funding, Squad Catalyst, Platform Ops - CC",IH-1364,Done,,,Q1FY27,100,1,0,100,0,0,0,0,,45909,,,Data Architecture,,,Large (4 - 6 weeks),,
Story,Integrate fleet API with production platform,Innovation Hub,,,,IH - Nebula,Jordan Gupta,Taylor Okafor,,Horizon Q4S3 + Vertex Q3S6 [COMPLETED],,,,46077,,8,DMND0006137 Fleet Management Data Consolidation,Medium,DevOps,"Platform Ops - CC, Squad Catalyst",IH-1792,Done,,,,100,8,0,100,0,0,1,1,,,,,,,,,,Product & Technology
Story,Refactor warranty ingestion logic for performance,Innovation Hub,,,,IH - Pulse,Blake Brennan,Drew Kowalski,,Nebula Q3S4,,,,,,1,DMND0005449 Marketing Attribution Data Model,Lowest,,Squad Catalyst,IH-6900,Backlog,Data Quality Framework,At Risk,,0,0,1,0,0,1,0,1,,45946,Won't Have,,NA,,,,,
Story,Implement pricing validation rules in gold layer,Innovation Hub,,,,IH - Catalyst,Riley Dumont,Peyton Brennan,,Horizon Q4S6 + Atlas Q3S3 + Atlas Q3S4 [COMPLETED],,,,46108,,3,DMND0004410 Revenue Leakage Detection Module,High,"Q2FY27, Migration","Squad Pulse, Squad Catalyst",IH-7323,Backlog,,,Q1FY27,0,0,3,0,0,0,0,0,,46005,,,,INC0265076,Product & Technology,,,Legal
Story,Create semantic views for customer dataset,Innovation Hub,,,,IH - Atlas,Sam Johansson,Peyton Yamamoto,,Catalyst Q4S1 [COMPLETED] + Nebula Q3S6 + Catalyst FY27-Q1S1 [COMPLETED],,,,45932,,13,DMND0005566 Product Recommendation Engine,High,"Platform, Reporting, Infrastructure","Data Engineering - Practice, Squad Atlas, Demands - BAU",IH-2331,Selected for Development,,,,0,0,13,0,0,2,0,2,,,,,,,,,,Legal
Sub-task,Create linked service for forecast connection,Innovation Hub,,,,IH - Pulse,Peyton Costa,,,Catalyst Q3S5 [COMPLETED] + Vertex FY27-Q1S1,,,,46013,,13,Refactor billing ingestion logic for performance,Low,"Security, Integration","Project - Funding, Cloud Migration - CC, Squad Catalyst",IH-6411,Backlog,,,Integration,0,0,13,0,0,2,0,2,,,,,Data Engineering,,,,,
Story,Integrate campaign API with reporting platform,Innovation Hub,,,,IH - Horizon,Peyton Brennan,Noel Silva,,Pulse FY27-Q1S6,,,,46019,,1,DMND0004649 Payment Gateway Data Integration,Medium,"Security, Performance","Platform Ops - CC, Project - Funding",IH-2230,In Progress,,,,47.94,0,1,59.01,1,1,1,3,,45972,,,,,,,,
Story,Update warranty transformation logic,Innovation Hub,,,,IH - Pulse,,Remy Johansson,,Vertex Q3S3 + Atlas FY27-Q1S1 + Pulse Q4S2 + Atlas Q4S3,,,,45977,,8,DMND0005553 Revenue Leakage Detection Module,Medium,"Q1FY27, Security, Analytics",Project - Funding,IH-4988,In Progress,,,,34.35,3,5,65.47,0,1,1,2,,,,,NA,CHG0099513,Finance & Risk,,,
Story,UAT sign-off for forecast feature,Innovation Hub,,,,IH - Vertex,Jamie Gupta,Skyler Kowalski,,Pulse FY27-Q1S4 [COMPLETED] + Vertex FY27-Q1S3 + Pulse Q3S4,,,,,,0,DMND0004410 Revenue Leakage Detection Module,Medium,,"Project - Funding, Cloud Migration - CC, Squad Horizon",IH-6672,Selected for Development,,,,0,0,0,0,0,0,0,0,,45920,,,Data Science,,,,,
Sub-task,Grant access permissions for forecast resource,Innovation Hub,,,,IH - Pulse,Sam Costa,,,Catalyst Q4S3 + Nebula FY27-Q1S3 [COMPLETED] + Catalyst Q3S3 [COMPLETED],,,,46119,,13,Defect - billing not displaying correct values,Medium,,"BI & Analytics - Practice, Data Engineering - Practice",IH-1881,Elaboration,Real-Time Analytics Engine,On Track,,0,0,13,0,0,0,0,0,,45968,,,,NSREQ2847306,,,,
Story,Defect - Null values in billing column,Innovation Hub,,,,IH - Catalyst,Morgan Novak,,,Horizon Q3S4 + Vertex FY27-Q1S1,,,,,,13,DMND0005449 Marketing Attribution Data Model,Medium,"Automation, Platform, Q2FY27",BI & Analytics - Practice,IH-8829,In Progress,,,,67.66,9,4,15.91,0,0,0,0,,,Must Have,,,,,Large (4 - 6 weeks),,
Sub-task,Write unit tests for logistics logic,Innovation Hub,,,,IH - Nebula,Remy Chen,Cameron Nakamura,,Catalyst Q3S4 [COMPLETED],,,,46015,,21,Configure inventory alerts for reporting monitoring,Low,,"Demands - BAU, Squad Catalyst, Squad Horizon, Project - Funding",IH-1549,Done,,,,100,21,0,100,0,0,1,1,,46018,Should Have,,Data Engineering,,,Small (< 2 weeks),,
Sub-task,Grant access permissions for contract resource,Innovation Hub,,,,IH - Horizon,Drew Larsson,Cameron Nakamura,,Atlas Q4S3,,,,45954,,0,Set up order environment for notification testing,Lowest,,"Squad Atlas, Demands - BAU",IH-3176,Backlog,Customer 360 Data Hub,Off Track,,0,0,0,0,1,1,0,2,,45918,Must Have,,,,,,,
Story,Update customer transformation logic,Innovation Hub,,,,IH - Vertex,Dakota Nakamura,Jamie Gupta,,Horizon Q3S3 [COMPLETED],,,,45935,,3,DMND0005593 Inventory Forecasting Data Pipeline,Medium,,"Incidents - BAU, Squad Pulse, Demands - BAU",IH-8297,Done,Cloud Platform Migration,Achieved,,100,3,0,100,0,0,1,1,,46040,Should Have,,Data Architecture,,,,,
Sub-task,Update order configuration in transformation env,Innovation Hub,,,,IH - Pulse,Cameron Nakamura,Noel Silva,,Atlas FY27-Q1S6 + Horizon Q3S6 + Pulse FY27-Q1S6,,,,45935,,5,Implement billing validation rules in notification layer,Medium,"Compliance, Performance, Analytics",Squad Horizon,IH-2230,Backlog,,,Automation,0,0,5,0,0,0,0,0,,46020,,,,,,,,
Epic,DMND0007921 Payment Gateway Data Integration,Innovation Hub,,,"IH - Horizon, IH - Nebula, IH - Vertex",IH - Vertex,Riley Dumont,Cameron Nakamura,Nebula Q3S6 + Horizon Q3S5 + Vertex Q4S1 + Catalyst Q4S5,Nebula Q3S6 + Horizon Q3S5 + Vertex Q4S1 + Catalyst Q4S5,,,45922,45922,57,,Machine Learning Feature Store,High,,"BI & Analytics - Practice, Squad Horizon, Squad Catalyst, Squad Atlas",IH-3156,Backlog,,,,0,0,0,0,3,0,0,3,46022,46022,Must Have,X-Large (6+ weeks),NA,,Product & Technology,,,
Story,Add supplier field mapping to bronze schema,Innovation Hub,,,,IH - Pulse,Hayden Gupta,Emerson Eriksson,,,,,,,,2,DMND0005593 Inventory Forecasting Data Pipeline,Medium,,Platform Ops - CC,IH-7892,Done,,,,100,2,0,0,0,0,2,2,,45975,Could Have,,,,,,,
Sub-task,Write unit tests for payment logic,Innovation Hub,,,,IH - Atlas,,Peyton Costa,,Catalyst Q3S4 [COMPLETED] + Catalyst Q4S4,,,,46038,,1,Configure forecast alerts for analytics monitoring,High,"Performance, Automation","Cloud Migration - CC, Platform Ops - CC, BAU - Funding, Incidents - BAU",IH-1671,Backlog,,,,0,0,1,0,2,0,0,2,,46027,Won't Have,,,,Finance & Risk,,,
Story,Deploy supplier service to audit workspace,Innovation Hub,,,,IH - Horizon,Sam Costa,Drew Larsson,,Horizon Q4S1,,,,45955,,3,DMND0004990 Marketing Attribution Data Model,Lowest,Migration,Squad Horizon,IH-7625,Test,,,,0,0,3,0,0,0,0,0,,,,,BI Reporting,,,,,Legal
SAFe Epic,Self-Service Reporting Framework,Innovation Hub,,,"IH - Pulse, IH - Vertex",IH - Nebula,,Sam Okafor,,,,,,,387,,,High,,"Incidents - BAU, Platform Ops - CC, Squad Vertex, Project - Funding",IH-6769,Backlog,Automated Compliance Pipeline,Achieved,,0,0,0,0,1,2,0,3,,,,,,,Finance & Risk,,,
Story,Add error handling to fleet process,Innovation Hub,,,,IH - Pulse,Peyton Costa,,,Horizon Q4S5 + Horizon FY27-Q1S5,,,,46031,,2,DMND0005593 Inventory Forecasting Data Pipeline,High,"Integration, Performance","Squad Vertex, Squad Catalyst",IH-3204,Backlog,,,Analytics,0,0,2,0,3,0,0,3,,45979,,,,,,,,
Story,Investigate campaign data discrepancy,Innovation Hub,,,,IH - Catalyst,Noel Silva,,,Atlas Q4S2 + Vertex Q3S2 + Pulse FY27-Q1S6,,,,,,5,DMND0007921 Payment Gateway Data Integration,Medium,Compliance,"Squad Pulse, Project - Funding, Squad Atlas, Cloud Migration - CC",IH-3588,Done,,,,100,5,0,0,0,0,0,0,,,,,,,Customer Operations,,,
Story,Update billing transformation logic,Innovation Hub,,,,IH - Pulse,Peyton Silva,Harper Chen,,,,,,45971,,3,DMND0005910 Employee Engagement Survey Platform,Medium,,"Platform Ops - CC, Squad Horizon, Cloud Migration - CC",IH-6206,Selected for Development,Cloud Platform Migration,Achieved,,0,0,3,0,1,2,0,3,,,Should Have,,,,Legal,,,
Story,Configure contract alerts for bronze monitoring,Innovation Hub,,,,IH - Pulse,,Peyton Costa,,,,,,45902,,0,DMND0007532 Warehouse Capacity Planning Tool,Medium,,"Squad Catalyst, Cloud Migration - CC, Demands - BAU",IH-4837,Test,,,,0,0,0,0,1,2,0,3,,,,,,,,,,
Story,Defect - Null values in contract column,Innovation Hub,,,,IH - Nebula,Taylor Patel,Peyton Yamamoto,,,,,,46033,,2,DMND0007924 Order Fulfilment Tracking System,Highest,"Q1FY27, Automation",Squad Catalyst,IH-4181,In Progress,,,,22.49,0,2,55.92,2,0,0,2,,45995,Should Have,,,,,,,
Story,Deploy inventory service to ingestion workspace,Innovation Hub,,,,IH - Pulse,Peyton Brennan,Sam Johansson,,Catalyst FY27-Q1S4 + Nebula FY27-Q1S4 + Atlas FY27-Q1S2,,,,45952,,13,DMND0005491 Product Recommendation Engine,Medium,,Data Engineering - Practice,IH-4990,Backlog,,,,0,0,13,0,2,0,0,2,,,,,,,,,,
Story,Create semantic views for campaign dataset,Innovation Hub,,,,IH - Catalyst,Quinn Silva,Morgan Novak,,Horizon Q4S3,,,,,,3,DMND0005553 Revenue Leakage Detection Module,Medium,,"Squad Vertex, Demands - BAU, Project - Funding, Data Engineering - Practice",IH-7738,Backlog,,,Q1FY27,0,0,3,0,0,0,0,0,,46044,,,,,,,,
Epic,DMND0005668 Employee Engagement Survey Platform,Innovation Hub,,,IH - Pulse,IH - Nebula,Jamie Gupta,Logan Gupta,,,,,,46112,32,,,Medium,,"Squad Atlas, Incidents - BAU, Platform Ops - CC, Squad Vertex",IH-8970,Backlog,,,,0,0,0,0,8,6,0,14,,45967,Won't Have,X-Large (6+ weeks),BI Reporting,,,,,
Sub-task,Analyse existing campaign process,Innovation Hub,,,,IH - Atlas,Alex Nakamura,Dakota Nakamura,,Atlas Q4S4 + Pulse Q4S2 + Vertex FY27-Q1S2 + Pulse Q4S6 [COMPLETED],,,,,,1,Defect - Null values in forecast column,Highest,"Performance, Q2FY27, Analytics","Squad Nebula, Cloud Migration - CC",IH-5002,In Progress,,,Infrastructure,84.66,1,0,40.87,0,0,3,3,,45997,,,Data Architecture,,,,,
SAFe Epic,Legacy System Decommission Programme,Innovation Hub,,,"IH - Pulse, IH - Catalyst, IH - Horizon",IH - Catalyst,Taylor Patel,Peyton Costa,Catalyst Q3S4 [COMPLETED] + Nebula Q4S5 + Pulse Q3S1,Catalyst Q3S4 [COMPLETED] + Nebula Q4S5 + Pulse Q3S1,,,,46020,222,,,Medium,,"Squad Horizon, Platform Ops - CC, Demands - BAU",IH-8389,Done,Automated Compliance Pipeline,At Risk,,100,0,0,100,0,0,15,15,,,,,,,Legal,,,
Story,Investigate fleet data discrepancy,Innovation Hub,,,,IH - Vertex,Logan Gupta,Skyler Kowalski,,,,,,,,2,DMND0006847 Contract Renewal Automation Pipeline,Medium,Analytics,"Project - Funding, Squad Vertex, Cloud Migration - CC",IH-8578,In Progress,,,,20.07,0,2,37.89,2,0,0,2,,,,,Data Science,,,,,
Sub-task,Create DML scripts for supplier migration,Innovation Hub,,,,IH - Vertex,Oakley Petrov,Quinn Silva,,Pulse Q3S4 + Nebula Q4S3 + Catalyst Q3S6,,,,45939,,8,Deploy campaign service to audit workspace,Medium,"Security, Automation, Q2FY27","Platform Ops - CC, Squad Atlas, Cloud Migration - CC",IH-9510,In Progress,,,,31.84,3,5,76.72,1,0,1,2,,45943,,,NA,,,,,
Story,UAT sign-off for campaign feature,Innovation Hub,,,,IH - Nebula,Sam Okafor,,,Pulse Q3S6,,,,,,8,DMND0005593 Inventory Forecasting Data Pipeline,Medium,"Automation, Q2FY27","Platform Ops - CC, Squad Atlas",IH-5339,Backlog,Data Quality Framework,Achieved,,0,0,8,0,3,0,0,3,,,,,,,,,,
Story,Validate customer data accuracy after migration,Innovation Hub,,,,IH - Vertex,Peyton Costa,Drew Kowalski,,,,,,46039,,3,DMND0004990 Marketing Attribution Data Model,Medium,Security,"Squad Horizon, Squad Vertex",IH-8433,Backlog,,,,0,0,3,0,1,0,0,1,,46035,,,,,Marketing & Digital,,,
Story,Create supplier data pipeline for bronze module,Innovation Hub,,,,IH - Vertex,Logan Gupta,Noel Silva,,,,,,,,8,DMND0005101 Customer Churn Prediction Dashboard,High,Integration,"Squad Atlas, Demands - BAU",IH-2273,Selected for Development,,,,0,0,8,0,2,0,0,2,,45904,,,,,,,,
Story,Refactor logistics ingestion logic for performance,Innovation Hub,,,,IH - Atlas,Avery Petrov,Peyton Brennan,,Atlas Q4S6 [COMPLETED],,,,46079,,3,DMND0006298 Employee Engagement Survey Platform,Medium,,"Squad Catalyst, BAU - Funding",IH-1799,Backlog,,,,0,0,3,0,2,0,0,2,,,Won't Have,,Data Engineering,,Supply Chain,,,
Story,Update campaign transformation logic,Innovation Hub,,,,IH - Nebula,Remy Chen,,,,,,,46047,,8,DMND0006537 Product Recommendation Engine,Medium,"Migration, Automation",Squad Pulse,IH-5489,Selected for Development,Real-Time Analytics Engine,Off Track,Automation,0,0,8,0,3,0,0,3,,45996,Should Have,,,,,,,
Sub-task,Create linked service for contract connection,Innovation Hub,,,,IH - Nebula,Kendall Gupta,Kendall Gupta,,,,,,46080,,0,Defect - Null values in inventory column,High,,Cloud Migration - CC,IH-1950,Elaboration,,,Automation,0,0,0,0,1,1,0,2,,,Should Have,,,,,,,
Story,Build fleet dashboard component,Innovation Hub,,,,IH - Vertex,Quinn Silva,Casey Torres,,Nebula FY27-Q1S4 + Catalyst Q3S2 + Catalyst Q3S6 + Nebula Q4S5,,,,,,0,DMND0007748 Sustainability Reporting Dashboard,Medium,Automation,"BI & Analytics - Practice, Incidents - BAU",IH-1079,Backlog,,,,0,0,0,0,0,2,0,2,,,Should Have,,,,,,,
Sub-task,Resolve merge conflict in inventory branch,Innovation Hub,,,,IH - Catalyst,Taylor Okafor,Drew Kowalski,,Vertex FY27-Q1S5 + Catalyst Q3S2 + Horizon FY27-Q1S2 + Horizon FY27-Q1S6,,,,45955,,13,Investigate order data discrepancy,Medium,"Integration, Compliance","Demands - BAU, Platform Ops - CC, Squad Catalyst, Cloud Migration - CC",IH-2356,Backlog,,,Performance,0,0,13,0,0,0,0,0,,45996,Should Have,,,,,X-Large (6+ weeks),,
Sub-task,Resolve merge conflict in logistics branch,Innovation Hub,,,,IH - Horizon,,,,Vertex Q4S3 [COMPLETED] + Catalyst FY27-Q1S2 [COMPLETED] + Pulse Q3S4,,,,45929,,2,Refactor billing ingestion logic for performance,High,,"Incidents - BAU, Project - Funding, Cloud Migration - CC",IH-2591,Elaboration,,,,0,0,2,0,0,0,0,0,,,Could Have,,,,,Large (4 - 6 weeks),,
Story,Create inventory data pipeline for notification module,Innovation Hub,,,,IH - Pulse,,Riley Dumont,,Pulse Q3S6 + Vertex Q4S1 + Horizon Q3S2 [COMPLETED],,,,46020,,2,DMND0006603 Sustainability Reporting Dashboard,Medium,"Q2FY27, Security, Automation","Project - Funding, Squad Atlas, Platform Ops - CC, Squad Pulse",IH-1657,Done,,,,100,2,0,100,0,0,1,1,,,,,,,,,,Legal
Story,Migrate warranty table from on-prem to cloud,Innovation Hub,,,,IH - Horizon,Peyton Yamamoto,Drew Larsson,,Vertex Q3S5 [COMPLETED] + Catalyst FY27-Q1S3,,,,45931,,1,DMND0004410 Revenue Leakage Detection Module,Highest,"Q1FY27, Platform, Automation","Squad Catalyst, Demands - BAU",IH-4503,Done,,,,100,1,0,100,0,0,0,0,,46033,Won't Have,,,NSREQ2863040,Finance & Risk,,,
Sub-task,Update documentation for inventory schema,Innovation Hub,,,,IH - Horizon,,Oakley Petrov,,,,,,,,8,Optimise logistics query performance,Medium,,"Squad Horizon, Squad Catalyst, Demands - BAU, Squad Atlas",IH-3648,Done,Data Quality Framework,At Risk,,100,8,0,100,0,0,2,2,,45921,,,,,Legal,,,
Story,Add error handling to contract process,Innovation Hub,,,,IH - Horizon,Kendall Gupta,,,Catalyst Q4S2 + Nebula Q4S2 [COMPLETED] + Catalyst Q4S3 + Nebula Q4S3,,,,,,2,DMND0007450 Warehouse Capacity Planning Tool,Medium,,"Squad Pulse, BAU - Funding, Squad Nebula",IH-4921,In Progress,,,,14.13,0,2,10.39,0,0,0,0,,45977,Won't Have,,,INC0213357,,,,
Story,Defect - Null values in order column,Innovation Hub,,,,IH - Vertex,Drew Larsson,,,Catalyst Q4S1 [COMPLETED] + Nebula FY27-Q1S5 [COMPLETED] + Vertex FY27-Q1S5,,,,,,3,DMND0004649 Payment Gateway Data Integration,High,"Reporting, Performance","Data Engineering - Practice, Cloud Migration - CC",IH-4826,In Progress,,,Reporting,79.09,2,1,74.51,0,0,2,2,,,Could Have,,,,,,,
Sub-task,Run regression tests on revenue module,Innovation Hub,,,,IH - Catalyst,Peyton Johansson,Logan Kim,,Nebula FY27-Q1S2 + Horizon Q4S2 [COMPLETED] + Vertex FY27-Q1S4 [COMPLETED] + Pulse FY27-Q1S6,,,,45936,,13,Set up inventory environment for notification testing,Medium,"Migration, Compliance",Demands - BAU,IH-3453,Backlog,,,,0,0,13,0,1,2,0,3,,46025,,,,,,Medium (2 - 4 weeks),,Legal
Story,Update supplier transformation logic,Innovation Hub,,,,IH - Nebula,Peyton Johansson,Jamie Gupta,,Horizon Q4S2 [COMPLETED],,,,45932,,21,DMND0007924 Order Fulfilment Tracking System,Medium,"DevOps, Q2FY27, Performance","BI & Analytics - Practice, Squad Horizon, Squad Atlas",IH-3647,In Progress,Self-Service BI Portal,Off Track,,38.13,8,13,59.35,1,0,0,1,,45986,Won't Have,,Data Science,,,,,
Sub-task,Review pull request for pricing changes,Innovation Hub,,,,IH - Atlas,Harper Chen,Emerson Eriksson,,,,,,46108,,1,Integrate fleet API with production platform,Medium,"Q2FY27, Reporting","Incidents - BAU, Squad Nebula",IH-9110,In Progress,,,,53.41,1,0,39.36,0,0,1,1,,,Must Have,,,,,,,Finance & Risk
Story,UAT sign-off for pricing feature,Innovation Hub,,,,IH - Atlas,Drew Petrov,Casey Torres,,Vertex Q3S3,,,,46075,,13,DMND0005668 Employee Engagement Survey Platform,Highest,,"Data Engineering - Practice, BAU - Funding, Squad Nebula, Demands - BAU",IH-6694,Backlog,,,,0,0,13,0,1,0,0,1,,46031,Should Have,,,,,,,
Story,Refactor payment ingestion logic for performance,Innovation Hub,,,,IH - Horizon,Casey Torres,Emerson Eriksson,,,,,,45952,,2,DMND0005910 Employee Engagement Survey Platform,High,,"BAU - Funding, Squad Vertex, Squad Pulse, Incidents - BAU",IH-9339,Blocked,,,Automation,0,0,2,0,0,2,0,2,,45998,Should Have,,,,,,,Product & Technology
Story,Create semantic views for payment dataset,Innovation Hub,,,,IH - Horizon,Sam Costa,Morgan Novak,,,,,,,,2,DMND0006251 Fraud Detection Model Deployment,High,,"Squad Catalyst, Demands - BAU, Squad Pulse, Incidents - BAU",IH-8578,Selected for Development,Customer 360 Data Hub,At Risk,Security,0,0,2,0,2,1,0,3,,46017,Could Have,,,,Human Resources,,,
Sub-task,Write unit tests for warranty logic,Innovation Hub,,,,IH - Catalyst,Skyler Petrov,Emerson Eriksson,,Catalyst FY27-Q1S6 [COMPLETED] + Pulse FY27-Q1S6,,,,46020,,0,Investigate fleet data discrepancy,Medium,,"Squad Pulse, BI & Analytics - Practice, Platform Ops - CC, Squad Catalyst",IH-3009,Backlog,Data Quality Framework,At Risk,,0,0,0,0,2,0,0,2,,45913,Won't Have,,,,,,,
Sub-task,Review pull request for pricing changes,Innovation Hub,,,,IH - Pulse,Logan Gupta,Taylor Patel,,Horizon FY27-Q1S4 [COMPLETED] + Horizon FY27-Q1S3,,,,45993,,5,Defect - Null values in pricing column,Medium,"Automation, Platform, Integration","Incidents - BAU, Squad Nebula, BAU - Funding, Squad Atlas",IH-6513,Backlog,,,,0,0,5,0,3,0,0,3,,45950,Could Have,,,,,,,
Story,UAT sign-off for customer feature,Innovation Hub,,,,IH - Horizon,,Cameron Nakamura,,Horizon Q3S1 + Nebula Q3S1 + Atlas FY27-Q1S6 + Pulse Q3S6,,,,46086,,13,DMND0007921 Payment Gateway Data Integration,Medium,Migration,Incidents - BAU,IH-7176,In Progress,,,,51.98,7,6,12.68,0,1,2,3,,46010,,,,,,,,
Story,Investigate fleet data discrepancy,Innovation Hub,,,,IH - Pulse,Sam Johansson,,,Horizon FY27-Q1S5,,,,45939,,1,DMND0005181 Customer Churn Prediction Dashboard,Low,"Integration, DevOps, Platform","BI & Analytics - Practice, Cloud Migration - CC, Demands - BAU, Data Engineering - Practice",IH-6791,In Progress,,,,22.18,0,1,67.85,1,0,0,1,,,Must Have,,,,Marketing & Digital,,,
Sub Test Execution,Run regression tests on payment module,Innovation Hub,,,,IH - Horizon,Taylor Patel,Harper Okafor,,Catalyst Q3S6 + Horizon Q3S4 + Pulse Q3S2 [COMPLETED] + Vertex FY27-Q1S4 [COMPLETED],,,,46108,,,Configure customer alerts for reconciliation monitoring,Medium,,"Squad Atlas, BI & Analytics - Practice, Squad Nebula",IH-2005,Done,,,,100,0,0,100,0,0,3,3,,45942,Won't Have,,,NSREQ2897730,Marketing & Digital,,,
Epic,DMND0006963 Digital Identity Verification System,Innovation Hub,,,"IH - Vertex, IH - Atlas",IH - Vertex,Skyler Petrov,Remy Chen,,,,,45999,45999,387,,,Medium,,BAU - Funding,IH-5297,Done,,,,100,0,0,0,0,0,7,7,45984,45984,Won't Have,Small (< 2 weeks),,,,,,
Story,Create semantic views for inventory dataset,Innovation Hub,,,,IH - Pulse,Peyton Johansson,Alex Nakamura,,Nebula Q4S1,,,,45916,,0,DMND0006963 Digital Identity Verification System,Medium,Integration,Platform Ops - CC,IH-5355,Selected for Development,,,,0,0,0,0,2,1,0,3,,,Could Have,,,,,,,
Story,Create semantic views for campaign dataset,Innovation Hub,,,,IH - Vertex,Emerson Eriksson,,,Nebula FY27-Q1S3 [COMPLETED] + Atlas Q3S3 + Nebula FY27-Q1S5 [COMPLETED] + Nebula Q3S1,,,,45952,,0,DMND0005569 Product Recommendation Engine,Highest,,"Squad Vertex, Squad Horizon, Demands - BAU",IH-5229,Done,Real-Time Analytics Engine,Achieved,,100,0,0,100,0,0,2,2,,,Must Have,,,,,,,
Story,Optimise supplier query performance,Innovation Hub,,,,IH - Pulse,Cameron Nakamura,Sam Okafor,,Catalyst Q3S3 [COMPLETED] + Atlas Q4S2,,,,46055,,2,DMND0005593 Inventory Forecasting Data Pipeline,Low,,"BAU - Funding, Data Engineering - Practice, Cloud Migration - CC",IH-2657,Backlog,,,,0,0,2,0,2,0,0,2,,45985,Must Have,,Data Engineering,,Product & Technology,,,Human Resources
Sub-task,Set up inventory scheduling in orchestrator,Innovation Hub,,,,IH - Catalyst,Peyton Brennan,Sam Johansson,,Catalyst Q4S2 + Pulse Q4S1 [COMPLETED] + Pulse Q4S5 [COMPLETED] + Catalyst FY27-Q1S2 [COMPLETED],,,,,,13,Create semantic views for payment dataset,Medium,Q1FY27,"Squad Catalyst, Squad Atlas, BI & Analytics - Practice, Squad Pulse",IH-4656,Backlog,,,,0,0,13,0,2,1,0,3,,,Should Have,,Data Science,,,Medium (2 - 4 weeks),,
Story,Create semantic views for billing dataset,Innovation Hub,,,,IH - Vertex,Remy Johansson,Avery Petrov,,Pulse Q4S6 [COMPLETED],,,,,,21,DMND0005553 Revenue Leakage Detection Module,Medium,,"Cloud Migration - CC, Squad Catalyst, Squad Atlas",IH-1849,Backlog,,,,0,0,21,0,0,0,0,0,,45940,Should Have,,,,,,,
Sub Test Execution,Update forecast configuration in gold env,Innovation Hub,,,,IH - Nebula,Drew Petrov,Sam Okafor,,,,,,,,,Deploy supplier service to audit workspace,Medium,,"Squad Horizon, Squad Atlas, Squad Catalyst",IH-8965,Done,,,,100,0,0,0,0,0,0,0,,,,,,,Human Resources,,,
Story,Deploy pricing service to analytics workspace,Innovation Hub,,,,IH - Vertex,Remy Chen,Emerson Eriksson,,Vertex Q3S3,,,,,,0,DMND0005593 Inventory Forecasting Data Pipeline,Medium,Reporting,Incidents - BAU,IH-8349,In Progress,,,,41.35,0,0,11.09,1,0,1,2,,45957,,,,,,,,
Sub-task,Write unit tests for pricing logic,Innovation Hub,,,,IH - Catalyst,Emerson Eriksson,Drew Kowalski,,,,,,45939,,0,Build warranty dashboard component,Medium,,"Data Engineering - Practice, Squad Nebula, Squad Atlas, Squad Catalyst",IH-3275,In Progress,,,Platform,30.94,0,0,19.84,1,0,1,2,,45917,,,,,,,,
Story,Implement compliance validation rules in audit layer,Innovation Hub,,,,IH - Catalyst,Jordan Gupta,Oakley Petrov,,Nebula FY27-Q1S3 [COMPLETED] + Catalyst Q4S3,,,,45915,,1,DMND0006251 Fraud Detection Model Deployment,Low,,"Squad Catalyst, Squad Atlas, Demands - BAU, Data Engineering - Practice",IH-3451,Backlog,Customer 360 Data Hub,On Track,,0,0,1,0,0,1,0,1,,46045,,,,,,,,
Sub Test Execution,Create DML scripts for fleet migration,Innovation Hub,,,,IH - Catalyst,Peyton Silva,Jordan Gupta,,,,,,45984,,,Document contract data flow and dependencies,Medium,"Performance, Compliance, Security","Platform Ops - CC, BAU - Funding, Demands - BAU",IH-2204,Backlog,Automated Compliance Pipeline,Off Track,,0,0,0,0,0,0,0,0,,,Must Have,,,,,,,
Story,Defect - Null values in warranty column,Innovation Hub,,,,IH - Catalyst,Casey Torres,,,,,,,46076,,2,DMND0004410 Revenue Leakage Detection Module,Lowest,"Security, Compliance","BI & Analytics - Practice, Demands - BAU",IH-2029,Done,Self-Service BI Portal,Off Track,,100,2,0,0,0,0,0,0,,46030,Must Have,,,,,Small (< 2 weeks),,
Epic,DMND0005273 Employee Engagement Survey Platform,Innovation Hub,,,"IH - Nebula, IH - Horizon, IH - Atlas",IH - Pulse,Sam Okafor,Peyton Yamamoto,Atlas Q4S3 + Vertex FY27-Q1S1 + Catalyst Q4S1 [COMPLETED],Atlas Q4S3 + Vertex FY27-Q1S1 + Catalyst Q4S1 [COMPLETED],,,45961,45961,70,,,Medium,"Automation, Q2FY27, Reporting","Squad Catalyst, BAU - Funding, Incidents - BAU, Demands - BAU",IH-5016,Done,,,,100,0,0,0,0,0,4,4,45933,45933,Won't Have,Large (4 - 6 weeks),Data Science,,Marketing & Digital,,,
Sub-task,Update pricing configuration in gold env,Innovation Hub,,,,IH - Catalyst,Hayden Gupta,Sam Okafor,,Vertex Q4S2 + Vertex FY27-Q1S5 + Atlas Q3S3 + Horizon FY27-Q1S2,,,,,,21,Build fleet dashboard component,High,"DevOps, Compliance","Squad Atlas, Squad Catalyst",IH-7468,Done,Cloud Platform Migration,On Track,,100,21,0,100,0,0,3,3,,,Could Have,,,,,,,
Story,Add error handling to fleet process,Innovation Hub,,,,IH - Atlas,Sam Johansson,Oakley Petrov,,Atlas Q3S3,,,,,,5,DMND0006963 Digital Identity Verification System,Medium,Integration,"Squad Nebula, Incidents - BAU, Platform Ops - CC",IH-1630,Backlog,,,,0,0,5,0,1,2,0,3,,46038,,,Data Science,,,,,
Story,Update pricing transformation logic,Innovation Hub,,,,IH - Vertex,Peyton Brennan,Remy Johansson,,Pulse FY27-Q1S1 [COMPLETED],,,,45904,,13,DMND0006847 Contract Renewal Automation Pipeline,Medium,,"Squad Nebula, Squad Atlas",IH-6840,Selected for Development,,,,0,0,13,0,1,0,0,1,,45991,,,,DMND00074945,Supply Chain,,,
Story,Implement forecast validation rules in silver layer,Innovation Hub,,,,IH - Nebula,Peyton Johansson,Hayden Gupta,,Nebula Q3S5,,,,,,3,DMND0005181 Customer Churn Prediction Dashboard,Medium,Compliance,"Cloud Migration - CC, Project - Funding, Incidents - BAU",IH-8458,Done,,,,100,3,0,100,0,0,1,1,,45900,Could Have,,Data Engineering,,,,,Customer Operations
Sub Test Execution,Update documentation for warranty schema,Innovation Hub,,,,IH - Pulse,Skyler Petrov,Sam Okafor,,Horizon Q4S3 + Nebula FY27-Q1S5 [COMPLETED] + Catalyst Q4S4,,,,45951,,,Document compliance data flow and dependencies,Medium,Compliance,"Data Engineering - Practice, Squad Horizon, BI & Analytics - Practice, Squad Vertex",IH-8015,Done,,,,100,0,0,100,0,0,2,2,,45922,Must Have,,Data Engineering,,,,,
Story,Implement billing validation rules in silver layer,Innovation Hub,,,,IH - Nebula,Logan Kim,Kendall Gupta,,Atlas FY27-Q1S3 + Atlas Q3S6 + Nebula Q3S4,,,,46020,,5,DMND0007924 Order Fulfilment Tracking System,High,"Platform, Infrastructure, Q1FY27","BAU - Funding, Squad Nebula, BI & Analytics - Practice",IH-8234,Test,,,,0,0,5,0,1,2,0,3,,,Could Have,,Cloud Platform,,Marketing & Digital,,,
Story,Investigate inventory data discrepancy,Innovation Hub,,,,IH - Pulse,Sam Johansson,Harper Chen,,,,,,45969,,13,DMND0007748 Sustainability Reporting Dashboard,Medium,,"BAU - Funding, Platform Ops - CC, BI & Analytics - Practice",IH-1942,Blocked,,,,0,0,13,0,0,2,0,2,,45906,,,,,,,,
Epic,DMND0005960 Customer Churn Prediction Dashboard,Innovation Hub,,,"IH - Vertex, IH - Pulse",IH - Catalyst,Oakley Petrov,Jamie Gupta,Horizon FY27-Q1S4 [COMPLETED] + Nebula Q3S5 + Catalyst Q3S4 [COMPLETED],Horizon FY27-Q1S4 [COMPLETED] + Nebula Q3S5 + Catalyst Q3S4 [COMPLETED],,,45999,45999,350,,Cloud Infrastructure Modernisation,Medium,,"Squad Horizon, Squad Vertex, Project - Funding",IH-6726,Backlog,,,,0,0,0,0,1,7,0,8,,,Could Have,Medium (2 - 4 weeks),,,,,,
Sub-task,Validate row counts for compliance table,Innovation Hub,,,,IH - Atlas,Remy Johansson,Morgan Novak,,Atlas Q4S6 [COMPLETED],,,,46056,,13,Add error handling to contract process,Medium,,"Demands - BAU, Squad Horizon, Data Engineering - Practice",IH-5934,In Progress,,,,38.9,5,8,12.61,1,0,0,1,,45900,,,,,,X-Large (6+ weeks),,
Sub-task,Write unit tests for revenue logic,Innovation Hub,,,,IH - Nebula,Sam Johansson,,,Nebula FY27-Q1S1 [COMPLETED] + Horizon FY27-Q1S5 + Atlas Q3S1 + Catalyst Q4S3,,,,,,21,Create semantic views for payment dataset,Medium,"Q2FY27, Performance, Q1FY27","Squad Nebula, BI & Analytics - Practice, Data Engineering - Practice",IH-7238,In Progress,,,,21.87,5,16,46.65,1,0,0,1,,45912,,,,,,,,
Story,Create contract data pipeline for silver module,Innovation Hub,,,,IH - Catalyst,Taylor Okafor,Jamie Gupta,,Horizon Q3S1,,,,46047,,21,DMND0006847 Contract Renewal Automation Pipeline,Medium,Performance,BAU - Funding,IH-2182,Backlog,Data Quality Framework,At Risk,Q1FY27,0,0,21,0,0,0,0,0,,45998,,,,INC0287756,,,,
Epic,DMND0004195 Employee Engagement Survey Platform,Innovation Hub,,,"IH - Pulse, IH - Horizon, IH - Nebula",IH - Vertex,Alex Nakamura,Logan Gupta,,,,,,45977,124,,,Medium,,Squad Nebula,IH-4079,In Progress,,,,66.11,0,0,70.92,2,2,7,11,,46040,Must Have,,,,,,,
Sub-task,Create DML scripts for inventory migration,Innovation Hub,,,,IH - Catalyst,Alex Nakamura,Noel Silva,,Pulse Q3S5 [COMPLETED] + Nebula Q3S3,,,,45919,,13,Refactor billing ingestion logic for performance,Medium,Platform,"Squad Horizon, Squad Nebula",IH-3521,Backlog,,,,0,0,13,0,1,1,0,2,,45973,Must Have,,Data Architecture,,,,,
Story,Build revenue dashboard component,Innovation Hub,,,,IH - Horizon,Avery Petrov,Hayden Gupta,,Nebula Q4S5 + Nebula FY27-Q1S1 [COMPLETED] + Nebula Q3S3 + Nebula Q4S3,,,,,,2,DMND0004410 Revenue Leakage Detection Module,Low,"Automation, Infrastructure, Analytics","Incidents - BAU, Squad Nebula, Squad Pulse",IH-9614,Backlog,,,Analytics,0,0,2,0,0,3,0,3,,45931,,,,,,,,
Sub-task,Create linked service for supplier connection,Innovation Hub,,,,IH - Pulse,Peyton Yamamoto,Taylor Patel,,Vertex FY27-Q1S5 + Atlas Q4S1 + Pulse Q3S3 [COMPLETED] + Atlas FY27-Q1S5,,,,45906,,0,Create semantic views for contract dataset,High,,"BAU - Funding, Squad Pulse, Incidents - BAU",IH-9800,In Progress,,,,52.3,0,0,58.93,0,1,1,2,,45958,,,Data Engineering,,,,,
Sub-task,Update documentation for inventory schema,Innovation Hub,,,,IH - Catalyst,Peyton Nakamura,Jordan Gupta,,Atlas Q4S6 [COMPLETED] + Atlas Q4S4,,,,46026,,5,Refactor supplier ingestion logic for performance,High,"DevOps, Integration, Compliance",BI & Analytics - Practice,IH-3545,Backlog,,,,0,0,5,0,0,1,0,1,,,,,Data Science,,,,,
SAFe Epic,Machine Learning Feature Store,Innovation Hub,,,IH - Catalyst,IH - Pulse,Avery Petrov,Hayden Gupta,Horizon FY27-Q1S2 + Pulse FY27-Q1S6 + Vertex FY27-Q1S5,Horizon FY27-Q1S2 + Pulse FY27-Q1S6 + Vertex FY27-Q1S5,,,,,327,,,Low,Reporting,"BAU - Funding, Squad Horizon, Squad Nebula, Project - Funding",IH-4786,In Progress,,,,67.49,0,0,23.49,1,0,2,3,,,,,Data Science,,,,,
Story,Create order data pipeline for analytics module,Innovation Hub,,,,IH - Catalyst,Morgan Novak,Peyton Johansson,,,,,,,,21,DMND0007292 Fraud Detection Model Deployment,Medium,,"Squad Atlas, Project - Funding, Incidents - BAU, Cloud Migration - CC",IH-5523,In Progress,,,,77.16,16,5,26.86,0,0,1,1,,,,,,,,,,
Story,Integrate revenue API with analytics platform,Innovation Hub,,,,IH - Atlas,Harper Okafor,Peyton Costa,,Vertex FY27-Q1S2,,,,45966,,21,DMND0005491 Product Recommendation Engine,Medium,"Automation, Security","Squad Vertex, BI & Analytics - Practice, Data Engineering - Practice, BAU - Funding",IH-5287,Done,,,Analytics,100,21,0,100,0,0,1,1,,,Could Have,,,,,,,
Story,Add error handling to compliance process,Innovation Hub,,,,IH - Atlas,Remy Johansson,Remy Chen,,Vertex Q4S4 + Vertex Q3S1 + Pulse Q3S6,,,,45999,,5,DMND0006298 Employee Engagement Survey Platform,High,,"Cloud Migration - CC, Squad Atlas, Squad Horizon, Platform Ops - CC",IH-4152,In Progress,,,Compliance,12.92,1,4,58.37,0,0,0,0,,46006,Must Have,,,,Human Resources,,,
Story,Validate fleet data accuracy after migration,Innovation Hub,,,,IH - Catalyst,Kendall Gupta,Avery Petrov,,,,,,,,0,DMND0005569 Product Recommendation Engine,Medium,"Q1FY27, Q2FY27","Squad Nebula, Squad Horizon, Demands - BAU, Squad Pulse",IH-8506,Backlog,,,,0,0,0,0,0,0,0,0,,,,,,,Finance & Risk,,,Supply Chain
Sub-task,Resolve merge conflict in billing branch,Innovation Hub,,,,IH - Nebula,Peyton Silva,Cameron Nakamura,,Catalyst Q3S1,,,,45916,,21,Configure contract alerts for bronze monitoring,Highest,,Project - Funding,IH-8238,Backlog,,,,0,0,21,0,3,0,0,3,,,Should Have,,,,,,,
Story,Add revenue field mapping to bronze schema,Innovation Hub,,,,IH - Horizon,Sam Johansson,Sam Costa,,Nebula FY27-Q1S6,,,,46006,,21,DMND0006251 Fraud Detection Model Deployment,Low,"Reporting, Q1FY27, Performance","Squad Horizon, Data Engineering - Practice, Squad Atlas",IH-2603,Backlog,,,,0,0,21,0,0,3,0,3,,46047,Must Have,,,,,Small (< 2 weeks),,
Epic,DMND0006981 Inventory Forecasting Data Pipeline,Innovation Hub,,,IH - Nebula,IH - Vertex,Avery Petrov,,,,,,,46041,38,,Regulatory Compliance Automation,Lowest,"Compliance, Q2FY27","Project - Funding, BAU - Funding, Cloud Migration - CC",IH-7551,Backlog,,,Infrastructure,0,0,0,0,3,3,0,6,45981,45981,Should Have,Small (< 2 weeks),,,,,,
Story,Update revenue transformation logic,Innovation Hub,,,,IH - Catalyst,Drew Kowalski,,,Pulse Q4S3 + Vertex Q4S2,,,,46050,,21,DMND0006251 Fraud Detection Model Deployment,High,"Infrastructure, Automation, Q1FY27",Squad Pulse,IH-8099,In Progress,,,,79.74,17,4,26.74,0,1,2,3,,45990,,,,,,,,
Story,Set up pricing environment for staging testing,Innovation Hub,,,,IH - Nebula,Skyler Petrov,Drew Larsson,,,,,,45932,,0,DMND0005101 Customer Churn Prediction Dashboard,Low,"Reporting, Performance, Automation","Platform Ops - CC, Cloud Migration - CC",IH-6329,In Progress,Data Quality Framework,Achieved,,47.65,0,0,60.77,1,0,1,2,,45939,Won't Have,,Data Engineering,,Finance & Risk,,,
Sub-task,Performance test forecast query,Innovation Hub,,,,IH - Horizon,Drew Kowalski,Oakley Petrov,,,,,,45980,,5,Optimise contract query performance,High,Migration,"Squad Catalyst, Project - Funding",IH-1410,Backlog,,,,0,0,5,0,1,1,0,2,,,Could Have,,,,,,,
Story,Document supplier data flow and dependencies,Innovation Hub,,,,IH - Horizon,Cameron Nakamura,,,Vertex Q4S4 + Atlas Q3S3,,,,46058,,13,DMND0006251 Fraud Detection Model Deployment,Medium,,"Squad Horizon, Platform Ops - CC",IH-1362,Done,Data Quality Framework,Off Track,,100,13,0,100,0,0,2,2,,46009,,,,,,,,
Story,Update inventory transformation logic,Innovation Hub,,,,IH - Vertex,Emerson Eriksson,Noel Silva,,,,,,,,2,DMND0007921 Payment Gateway Data Integration,Medium,"Performance, DevOps","Squad Horizon, Demands - BAU",IH-7413,Backlog,,,,0,0,2,0,1,1,0,2,,45992,Must Have,,,,Product & Technology,,,
Story,Investigate inventory data discrepancy,Innovation Hub,,,,IH - Horizon,Quinn Silva,Peyton Nakamura,,Atlas Q3S1 + Nebula Q4S2 [COMPLETED] + Pulse Q4S2 + Nebula Q3S5,,,,45924,,21,DMND0007450 Warehouse Capacity Planning Tool,Medium,"Security, Automation, Integration",Demands - BAU,IH-9703,Backlog,,,Infrastructure,0,0,21,0,1,0,0,1,,45919,,,Data Science,,Supply Chain,,,
Story,Deploy campaign service to analytics workspace,Innovation Hub,,,,IH - Vertex,,Jordan Gupta,,Pulse FY27-Q1S6 + Horizon Q4S1 + Nebula Q3S3 + Atlas Q3S1,,,,46065,,3,DMND0006137 Fleet Management Data Consolidation,Medium,"Compliance, Security","Squad Atlas, Project - Funding",IH-6092,Selected for Development,,,,0,0,3,0,2,0,0,2,,45950,Should Have,,,,,Large (4 - 6 weeks),,
Sub-task,Create DML scripts for pricing migration,Innovation Hub,,,,IH - Pulse,Drew Larsson,Taylor Okafor,,Pulse FY27-Q1S5 + Nebula Q3S6 + Atlas FY27-Q1S5 + Catalyst Q3S3 [COMPLETED],,,,45919,,5,Optimise customer query performance,Low,Performance,"BI & Analytics - Practice, Squad Horizon, Data Engineering - Practice, Incidents - BAU",IH-1745,Backlog,,,,0,0,5,0,0,0,0,0,,45967,Won't Have,,,,,,,
Story,Defect - logistics not displaying correct values,Innovation Hub,,,,IH - Horizon,Oakley Petrov,,,Catalyst Q4S6 + Vertex Q3S1,,,,46091,,2,DMND0007816 Marketing Attribution Data Model,Medium,,"Incidents - BAU, Platform Ops - CC, Squad Pulse",IH-1534,Elaboration,,,,0,0,2,0,1,0,0,1,,46033,Could Have,,,,,X-Large (6+ weeks),,
Sub-task,Analyse existing payment process,Innovation Hub,,,,IH - Horizon,Harper Chen,Logan Kim,,Atlas Q4S2 + Pulse Q3S5 [COMPLETED],,,,,,2,Defect - supplier not displaying correct values,Low,Q1FY27,"Data Engineering - Practice, Squad Catalyst",IH-1980,Elaboration,,,,0,0,2,0,0,1,0,1,,,Should Have,,Data Science,,,X-Large (6+ weeks),,
Sub-task,Analyse existing supplier process,Innovation Hub,,,,IH - Vertex,Sam Okafor,Casey Torres,,Horizon Q4S6 + Horizon Q4S4 [COMPLETED],,,,46095,,13,Create semantic views for logistics dataset,Low,"Q2FY27, Automation, Compliance","Demands - BAU, Incidents - BAU, Platform Ops - CC",IH-5508,In Progress,Real-Time Analytics Engine,On Track,,72.41,9,4,48.04,0,0,1,1,,,Could Have,,,,Finance & Risk,,,
Sub-task,Update documentation for billing schema,Innovation Hub,,,,IH - Catalyst,Alex Nakamura,Drew Larsson,,Nebula Q4S4 + Nebula Q4S1 + Vertex FY27-Q1S5 + Horizon FY27-Q1S4 [COMPLETED],,,,46063,,3,Add error handling to fleet process,Medium,DevOps,"Project - Funding, Platform Ops - CC, Incidents - BAU",IH-3753,Backlog,,,,0,0,3,0,0,0,0,0,,,Won't Have,,,,,,,
Sub-task,Update supplier configuration in audit env,Innovation Hub,,,,IH - Nebula,Drew Kowalski,Kendall Gupta,,Nebula Q3S4 + Horizon Q3S1,,,,46077,,2,Defect - Null values in billing column,Medium,"Automation, Integration, Reporting",Data Engineering - Practice,IH-2369,Backlog,,,,0,0,2,0,0,1,0,1,,,Should Have,,,,,,,
Sub-task,Write unit tests for compliance logic,Innovation Hub,,,,IH - Vertex,Taylor Okafor,Emerson Eriksson,,,,,,46107,,13,Add supplier field mapping to bronze schema,Medium,,Squad Atlas,IH-4697,Done,,,,100,13,0,100,0,0,2,2,,,,,NA,,,,,
Story,Defect - customer not displaying correct values,Innovation Hub,,,,IH - Atlas,Casey Torres,Kendall Gupta,,Vertex Q4S4 + Horizon Q4S5 + Atlas FY27-Q1S1,,,,,,0,DMND0005449 Marketing Attribution Data Model,Medium,"Compliance, Q2FY27, Migration",Cloud Migration - CC,IH-5399,Backlog,Automated Compliance Pipeline,On Track,,0,0,0,0,0,2,0,2,,46011,,,Data Science,,,,,
Story,UAT sign-off for order feature,Innovation Hub,,,,IH - Nebula,Sam Okafor,Jamie Gupta,,Horizon FY27-Q1S2,,,,46058,,13,DMND0007748 Sustainability Reporting Dashboard,Medium,Q2FY27,"Squad Nebula, Project - Funding, BI & Analytics - Practice",IH-2963,Backlog,,,,0,0,13,0,0,0,0,0,,,Should Have,,,,Marketing & Digital,Medium (2 - 4 weeks),,
Epic,DMND0006799 Product Recommendation Engine,Innovation Hub,,,IH - Nebula,IH - Horizon,Emerson Eriksson,Avery Petrov,,,,,,,198,,Machine Learning Feature Store,Lowest,"Performance, Security, Q2FY27","Platform Ops - CC, Squad Vertex",IH-6154,Backlog,,,,0,0,0,0,12,0,0,12,,45929,,,,,,,,
Story,Validate customer data accuracy after migration,Innovation Hub,,,,IH - Vertex,Alex Nakamura,,,,,,,46001,,2,DMND0006537 Product Recommendation Engine,Lowest,Q1FY27,Cloud Migration - CC,IH-6973,Backlog,,,,0,0,2,0,1,0,0,1,,45998,,,,,,,,
Sub-task,Update fleet configuration in reporting env,Innovation Hub,,,,IH - Catalyst,Taylor Okafor,Noel Silva,,Catalyst FY27-Q1S6 [COMPLETED] + Atlas Q3S3 + Atlas Q4S4,,,,,,13,Update customer transformation logic,High,,"Squad Pulse, Platform Ops - CC",IH-8388,In Progress,,,,33.86,4,9,49.6,1,0,1,2,,46007,Must Have,,,,,,,
Sub-task,Resolve merge conflict in customer branch,Innovation Hub,,,,IH - Horizon,Peyton Costa,Quinn Silva,,Catalyst Q3S4 [COMPLETED],,,,45971,,2,Update campaign transformation logic,Medium,,"Squad Vertex, Data Engineering - Practice, Project - Funding",IH-7837,Backlog,,,,0,0,2,0,0,1,0,1,,,Should Have,,,,,,,Human Resources
Story,Add error handling to warranty process,Innovation Hub,,,,IH - Horizon,Drew Larsson,Sam Okafor,,,,,,,,5,DMND0006537 Product Recommendation Engine,Medium,,"BAU - Funding, Cloud Migration - CC",IH-2669,Done,,,,100,5,0,0,0,0,2,2,,,Must Have,,,,,Large (4 - 6 weeks),,
Sub-task,Create DML scripts for compliance migration,Innovation Hub,,,,IH - Pulse,Avery Petrov,Riley Dumont,,Atlas Q4S4 + Catalyst Q4S1 [COMPLETED],,,,45920,,0,Validate billing data accuracy after migration,High,"Compliance, Performance","Demands - BAU, Data Engineering - Practice, Project - Funding, Squad Nebula",IH-4583,Blocked,,,Q1FY27,0,0,0,0,2,0,0,2,,45980,,,,,,,,
Epic,DMND0006469 Order Fulfilment Tracking System,Innovation Hub,,,"IH - Pulse, IH - Nebula",IH - Atlas,,Cameron Nakamura,,,,,45985,45985,356,,Machine Learning Feature Store,Medium,,Squad Horizon,IH-8207,Done,Customer 360 Data Hub,On Track,,100,0,0,100,0,0,0,0,,,Must Have,Medium (2 - 4 weeks),NA,CHG0078319,,,,